// Automatisch generiert aus PNG - 1-Bit-Framebuffer fuer SSD1677
// row-major, MSB-first, 1=weiss 0=schwarz
#pragma once
#include <cstdint>

#define STICKY_LOTUS_FB_WIDTH  800
#define STICKY_LOTUS_FB_HEIGHT 480
#define STICKY_LOTUS_FB_BYTES_PER_ROW 100
#define STICKY_LOTUS_FB_BYTES 48000

const uint8_t sticky_lotus_fb[STICKY_LOTUS_FB_BYTES] = {
    0xFF, 0xFF, 0xFF, 0xFF, 0xFF, 0xFF, 0xF8, 0x00, 0x00, 0x00, 0x00, 0x00, 0x00, 0x00, 0x00, 0x00,
    0x00, 0x00, 0x00, 0x00, 0x00, 0x00, 0x00, 0x00, 0x00, 0x00, 0x00, 0x00, 0x00, 0x00, 0x00, 0x00,
    0x00, 0x00, 0x00, 0x00, 0x00, 0x00, 0x00, 0x00, 0x00, 0x00, 0x00, 0x00, 0x00, 0x00, 0x00, 0x00,
    0x00, 0x00, 0x00, 0x00, 0x00, 0x00, 0x00, 0x00, 0x00, 0x00, 0x00, 0x00, 0x00, 0x00, 0x00, 0x00,
    0x00, 0x00, 0x00, 0x00, 0x00, 0x00, 0x00, 0x00, 0x00, 0x00, 0x00, 0x00, 0x00, 0x00, 0x00, 0x00,
    0x00, 0x00, 0x00, 0x00, 0x00, 0x00, 0x00, 0x00, 0x00, 0x00, 0x00, 0x00, 0x00, 0x3F, 0xFF, 0xFF,
    0xFF, 0xFF, 0xFF, 0xFF, 0xFF, 0xFF, 0xFF, 0xFF, 0xFF, 0xFF, 0xFB, 0xFF, 0xFF, 0xFF, 0xFF, 0xFF,
    0xFF, 0xFF, 0xFF, 0xFF, 0xEF, 0xFF, 0xFF, 0xFF, 0xFF, 0xFF, 0xFF, 0xFF, 0xFF, 0xFF, 0xFF, 0xFF,
    0xFF, 0xFF, 0xFF, 0xFF, 0xFF, 0xFF, 0xFF, 0xFF, 0xFF, 0xFF, 0xFF, 0xFF, 0xFF, 0xFF, 0xFF, 0xFF,
    0xFF, 0xFF, 0xFF, 0xFF, 0xFF, 0xFF, 0xFF, 0xFF, 0xFF, 0xFF, 0xFF, 0xFF, 0xFF, 0xFF, 0xFF, 0xFF,
    0xFF, 0xFF, 0xFF, 0xFF, 0xFF, 0xFF, 0xFF, 0xFF, 0xFF, 0xFF, 0xFF, 0xFF, 0xFF, 0xFF, 0xFF, 0xFF,
    0xFF, 0xFF, 0xFF, 0xFF, 0xFF, 0xFF, 0xFF, 0xFF, 0xFF, 0xFF, 0xFF, 0xFF, 0xFF, 0xFF, 0xFF, 0xFF,
    0xFF, 0xBF, 0xFF, 0xFF, 0xFF, 0xFF, 0xFF, 0xFF, 0xFF, 0xFF, 0xFF, 0xFF, 0xFF, 0xFF, 0xFB, 0xFF,
    0xFF, 0xFF, 0xFF, 0xFF, 0xFF, 0xFF, 0xFF, 0xFD, 0xBF, 0xFF, 0xFF, 0xFF, 0xFF, 0xFF, 0xFF, 0xFF,
    0xFF, 0xFF, 0xFF, 0xFF, 0xFF, 0xFF, 0xFF, 0xFF, 0xFF, 0xFF, 0xFF, 0xFF, 0xFF, 0xFF, 0xFF, 0xFF,
    0xFF, 0xFF, 0xFF, 0xFF, 0xFF, 0xFF, 0xFF, 0xFF, 0xFF, 0xFF, 0xFF, 0xFF, 0xFF, 0xFF, 0xFF, 0xFF,
    0xFF, 0xFF, 0xFF, 0xFF, 0xFF, 0xFF, 0xFF, 0xFF, 0xFF, 0xFF, 0xFF, 0xFF, 0xFF, 0xFF, 0xFF, 0xFF,
    0xFF, 0xFF, 0xFF, 0xFF, 0xFF, 0xFF, 0xFF, 0xFF, 0xFF, 0xFF, 0xFF, 0xFF, 0xFF, 0xFF, 0xFF, 0xFF,
    0xFF, 0xFF, 0xFF, 0xFF, 0xFF, 0xBF, 0xFF, 0xFF, 0xFF, 0xFF, 0xFF, 0xFF, 0xFF, 0xFF, 0xFF, 0xFF,
    0xFF, 0xFF, 0xFB, 0xF7, 0xBF, 0xEF, 0x7E, 0xFF, 0xFF, 0xFF, 0xDD, 0xD7, 0xFB, 0x6F, 0x7F, 0xFB,
    0xFF, 0xFF, 0xFF, 0xFE, 0xFF, 0xFF, 0xFF, 0xFE, 0xEE, 0xEE, 0xEE, 0xFF, 0xFF, 0xFF, 0xFF, 0xFF,
    0xFF, 0xFF, 0xFF, 0xFF, 0xFF, 0xFF, 0xFF, 0xFF, 0xFF, 0xFF, 0xFF, 0xFF, 0xFD, 0xDD, 0xFF, 0xFF,
    0xFF, 0xFF, 0xFF, 0xFD, 0xFF, 0xFF, 0xFF, 0xFF, 0xFF, 0xFF, 0xFF, 0xFF, 0xFF, 0xFF, 0xFF, 0xFF,
    0xFF, 0xFF, 0xFF, 0xFF, 0xFF, 0xFF, 0xFF, 0xFF, 0xFF, 0xFF, 0xFF, 0xFF, 0xFF, 0xFF, 0xFF, 0xFF,
    0xFF, 0xFF, 0xFF, 0xFF, 0xFF, 0xFF, 0xFF, 0xFF, 0xFF, 0x3F, 0xFF, 0xFF, 0xFF, 0xFF, 0xFF, 0xFF,
    0xFF, 0xFF, 0xFF, 0xFF, 0xFF, 0xFF, 0xFB, 0xBF, 0xF6, 0xFD, 0xF7, 0xEE, 0xED, 0xDB, 0x7F, 0xFE,
    0xDF, 0xFD, 0xF6, 0xDF, 0x6D, 0xB6, 0xDB, 0x6F, 0xDB, 0x6D, 0xB6, 0xDB, 0xFF, 0xFF, 0xFF, 0xED,
    0xB7, 0x77, 0x76, 0xDB, 0xBB, 0x6E, 0xEE, 0xEE, 0xED, 0xBB, 0xBB, 0xBD, 0xDD, 0xDD, 0xDD, 0xDB,
    0x6F, 0xFF, 0xB6, 0xEE, 0xEE, 0xDB, 0x6E, 0xEF, 0xB7, 0x6D, 0xB7, 0x77, 0xDD, 0xDF, 0xFF, 0x7D,
    0xFF, 0xFF, 0xBD, 0xEE, 0xEE, 0xEE, 0xEE, 0xEF, 0x77, 0x77, 0x7D, 0xDD, 0xFF, 0xFF, 0xFE, 0xF7,
    0x77, 0x77, 0x7F, 0xFF, 0xFF, 0x7E, 0xFB, 0xDD, 0xFF, 0xFF, 0xFD, 0xFD, 0xDF, 0xBF, 0xFF, 0xFF,
    0xFF, 0xFF, 0xFF, 0xFF, 0xFF, 0xFF, 0xFF, 0xFF, 0xFF, 0xFF, 0xFB, 0xFF, 0xFF, 0xFF, 0xFF, 0xFF,
    0xFF, 0xFF, 0xFF, 0x7B, 0xFF, 0xFF, 0xFF, 0xFF, 0xFF, 0xFF, 0xFF, 0xFD, 0xFF, 0xFF, 0xFF, 0xFF,
    0xDD, 0xBB, 0xBB, 0xFF, 0xFF, 0xFF, 0xFF, 0xFF, 0xFF, 0xFF, 0xFF, 0xFF, 0xFF, 0xFF, 0xFF, 0xFF,
    0xFF, 0xFF, 0xFF, 0xFF, 0xFF, 0x77, 0xFF, 0xFF, 0xFF, 0xFF, 0xFF, 0xFF, 0xFF, 0xFF, 0xFF, 0xFF,
    0x7F, 0xFD, 0xB7, 0xF7, 0xDB, 0x6D, 0xFF, 0xFF, 0xFF, 0xFF, 0xFF, 0xFD, 0xFF, 0xFF, 0xEF, 0xFF,
    0xDB, 0xBB, 0xB7, 0xFF, 0xFF, 0xFF, 0xF6, 0xDD, 0xB7, 0xF7, 0xEF, 0xFF, 0xDD, 0xDD, 0xDF, 0xEF,
    0xFD, 0xBF, 0xFF, 0xFF, 0xFF, 0xFF, 0xFF, 0xFF, 0xFF, 0xFF, 0xFF, 0xFF, 0xFF, 0xFF, 0xFB, 0xFE,
    0xFF, 0xFF, 0xFF, 0xFB, 0xBF, 0xFF, 0xF7, 0xFF, 0xED, 0xBF, 0xDF, 0xFB, 0xFF, 0xFF, 0xFF, 0xFF,
    0xFF, 0xFF, 0xFF, 0xFF, 0xFF, 0xFF, 0xFF, 0xBF, 0xFD, 0xFF, 0xFF, 0xFF, 0xFF, 0xFF, 0xFF, 0xFF,
    0xFF, 0xFF, 0xEF, 0xF7, 0xFF, 0xFF, 0xFF, 0x7F, 0xFB, 0xFE, 0xFF, 0xBF, 0xBF, 0xFF, 0xFB, 0xBE,
    0xFF, 0xFF, 0xFF, 0xFF, 0xFF, 0x77, 0xFF, 0xDF, 0xFF, 0xFF, 0xFF, 0xFF, 0xFF, 0xFF, 0xFF, 0xFF,
    0xFF, 0xFF, 0xFF, 0xFF, 0xFF, 0xFF, 0xFF, 0xFF, 0xFF, 0xFF, 0xFF, 0xFF, 0xFF, 0xFF, 0xFF, 0x7F,
    0xFF, 0xFF, 0xFF, 0xFF, 0xFF, 0xBF, 0xFF, 0xFF, 0xFF, 0xFF, 0xFF, 0xFF, 0xFF, 0xFF, 0xFF, 0xFF,
    0xFF, 0xFF, 0xFB, 0xFB, 0xFF, 0xBF, 0xFF, 0xFF, 0xEA, 0xBF, 0xDE, 0xEF, 0x7F, 0xF6, 0xFF, 0xBF,
    0xBF, 0xFF, 0xFE, 0xDF, 0x76, 0xDD, 0xDD, 0xEF, 0x7F, 0xEE, 0xFF, 0xFB, 0xB7, 0xEE, 0xEF, 0x7D,
    0xDF, 0xBB, 0xB7, 0x7B, 0xB7, 0xDD, 0xBE, 0xFF, 0x6E, 0xF7, 0x6D, 0xF6, 0xDF, 0xFF, 0xDB, 0xF6,
    0xFB, 0x6D, 0xDF, 0xFF, 0xED, 0xDB, 0xBB, 0x6F, 0xF7, 0xFF, 0xFD, 0xFF, 0xFF, 0xFF, 0xF7, 0x7F,
    0x6E, 0xDB, 0x7B, 0xDF, 0xED, 0xB7, 0x7E, 0xEE, 0xFF, 0xFF, 0xFF, 0xDB, 0xBD, 0xDD, 0xDF, 0xFF,
    0xFF, 0xDF, 0xBF, 0xF7, 0xFF, 0xFF, 0xFF, 0x7F, 0xBF, 0x3F, 0xFF, 0xFF, 0xFF, 0xFF, 0xFF, 0xFF,
    0xFF, 0xFF, 0xFF, 0xFF, 0xFF, 0xFF, 0xF9, 0xDF, 0xEE, 0xFF, 0xFF, 0xFF, 0xFF, 0x56, 0xFF, 0xFD,
    0xFF, 0xFF, 0xFB, 0xFE, 0xFB, 0x6D, 0xB7, 0xFB, 0xFF, 0xFF, 0xFF, 0xBF, 0xF7, 0x7F, 0xEF, 0xEF,
    0xFF, 0xBF, 0xFD, 0xF7, 0xFB, 0xFF, 0xFF, 0xFF, 0xFE, 0xFF, 0xFF, 0xDF, 0xFF, 0xFF, 0xFF, 0xFF,
    0xFE, 0xDF, 0xFF, 0xFF, 0xFF, 0xFF, 0xFF, 0x7B, 0xFF, 0xFF, 0xFF, 0xFA, 0xFF, 0xFF, 0xBF, 0xFF,
    0xFD, 0xFF, 0xFF, 0xF7, 0xFF, 0xFF, 0xFF, 0xFF, 0xBF, 0xFF, 0xF7, 0xFF, 0xFF, 0xFF, 0xFE, 0xFF,
    0xFF, 0xFF, 0xFF, 0xFF, 0xFE, 0xFF, 0xFF, 0xFE, 0xFF, 0xFF, 0xF7, 0xFD, 0xF7, 0xBF, 0xFF, 0xFF,
    0xFF, 0xFF, 0xFF, 0xFF, 0xFF, 0xFF, 0xFF, 0xFF, 0xFF, 0xFF, 0xFB, 0xFF, 0xFF, 0xFF, 0xFF, 0xFF,
    0xFF, 0xD3, 0xFF, 0xBF, 0xED, 0xBF, 0xBF, 0x77, 0xFF, 0xFF, 0xFF, 0xFF, 0xDD, 0xFF, 0xFF, 0xFD,
    0xFF, 0xFF, 0xFE, 0xFF, 0xFF, 0xFF, 0xFF, 0xFF, 0xFF, 0xFF, 0xFD, 0xEF, 0xFF, 0xFF, 0xFB, 0xFB,
    0xFF, 0xDF, 0xFF, 0xDF, 0xF7, 0xFB, 0x7E, 0xDF, 0xFF, 0xFF, 0xFD, 0xFF, 0xFF, 0xFF, 0xFF, 0xDF,
    0x5E, 0xDB, 0xF7, 0x7D, 0xB7, 0xB7, 0x7F, 0xFF, 0xFF, 0xFF, 0xEF, 0xFB, 0xFF, 0xFF, 0xDF, 0xBF,
    0xFB, 0xBB, 0x77, 0xFF, 0xEF, 0xFF, 0x7E, 0xEE, 0xFB, 0xFD, 0xFD, 0xDF, 0xDB, 0x6D, 0xBF, 0xF7,
    0xFF, 0x3F, 0xFF, 0xFF, 0xFF, 0xFF, 0xFF, 0xFF, 0xFF, 0xFF, 0xFF, 0xFF, 0xFF, 0xFF, 0xFB, 0xFF,
    0xFF, 0xFF, 0xF5, 0x5B, 0xFF, 0xF8, 0xF6, 0xF7, 0xBF, 0xF6, 0xFF, 0xFF, 0xFF, 0xFF, 0xFE, 0xDB,
    0x7F, 0xFB, 0xBB, 0xFF, 0xDD, 0xED, 0xFF, 0xBE, 0xFE, 0xFB, 0x77, 0xFF, 0xBE, 0xEE, 0xEF, 0xFE,
    0xDB, 0xED, 0xBF, 0xBF, 0x77, 0xFD, 0xBE, 0xFD, 0xBF, 0xFF, 0xF7, 0xFB, 0xB6, 0xDB, 0x6F, 0xEF,
    0xBF, 0xFF, 0xFF, 0xFB, 0xAB, 0xFF, 0xFF, 0xEF, 0xFF, 0xFF, 0xF6, 0xFF, 0xFB, 0xF7, 0xFF, 0x6F,
    0xFF, 0xFD, 0xFF, 0xF7, 0xBF, 0xFF, 0xFF, 0xFB, 0x7E, 0xED, 0xFB, 0xFF, 0xEF, 0xFF, 0xFF, 0xFF,
    0xFF, 0xFF, 0xFE, 0xFF, 0xFF, 0xBF, 0xFF, 0xFF, 0xFF, 0xFF, 0xFF, 0xFF, 0xFF, 0xFF, 0xFF, 0xFF,
    0xFF, 0xFF, 0xFB, 0xF7, 0xFF, 0xFE, 0xAA, 0xA5, 0x7F, 0xFC, 0x3F, 0xFF, 0xFF, 0xFF, 0xF6, 0xF6,
    0xDE, 0xF7, 0x77, 0xFF, 0xFF, 0xEF, 0xFF, 0x6F, 0xFF, 0xFF, 0xB7, 0xFB, 0xEF, 0xEF, 0xFF, 0xEE,
    0xFB, 0xFF, 0xFF, 0xBF, 0xFF, 0xBF, 0xFE, 0xFF, 0xFF, 0x7F, 0xFB, 0xFF, 0xFE, 0xDF, 0xDF, 0xFF,
    0xFF, 0xFF, 0xFF, 0xFF, 0xFF, 0xFF, 0xFF, 0xFF, 0xEB, 0xFF, 0x7F, 0xFF, 0xFF, 0xFF, 0xFF, 0xDD,
    0xDF, 0xBE, 0xFF, 0xFF, 0x76, 0xDF, 0xFD, 0xFF, 0xFF, 0xFF, 0xFF, 0xBF, 0xFF, 0xFF, 0xFF, 0xFF,
    0xFF, 0xFF, 0xEF, 0xFB, 0x7D, 0xB6, 0xDB, 0xFF, 0xDF, 0x3F, 0xFF, 0xFF, 0xFF, 0xFF, 0xFF, 0xFF,
    0xFF, 0xFF, 0xFF, 0xFF, 0xFF, 0xFF, 0xFB, 0xDF, 0x7F, 0xF9, 0x00, 0x00, 0x07, 0xFE, 0x7F, 0xDE,
    0xFD, 0xBF, 0xFF, 0xFF, 0xFF, 0xFF, 0xFF, 0xFD, 0xF7, 0xBF, 0xFF, 0xFE, 0xFF, 0xBF, 0xFF, 0xFF,
    0xFF, 0xFF, 0xDF, 0xBF, 0xFF, 0xFF, 0xFF, 0xFB, 0xFF, 0xFF, 0xEF, 0xFB, 0xDF, 0xFF, 0xEF, 0xFF,
    0xF7, 0xFB, 0x7F, 0x6E, 0xFF, 0xFF, 0xFE, 0xFF, 0xFF, 0xFF, 0xFF, 0xFF, 0xF4, 0xDD, 0xF6, 0xFF,
    0xFF, 0xFF, 0xDF, 0xFF, 0xFF, 0xFF, 0xFF, 0xFF, 0xFF, 0xFF, 0x77, 0xBF, 0xFF, 0xFF, 0xFD, 0xFF,
    0xFB, 0xFF, 0xFF, 0xFF, 0xFF, 0xEF, 0xBE, 0xFF, 0xAB, 0x6F, 0xFF, 0xB7, 0x7D, 0xBF, 0xFF, 0xFF,
    0xFF, 0xFF, 0xFF, 0xFF, 0xFF, 0xFF, 0xFF, 0xFF, 0xFF, 0xFF, 0xFB, 0xFF, 0xFF, 0xC0, 0x7F, 0xFF,
    0x40, 0xFF, 0x1B, 0x7F, 0xEF, 0xF6, 0xFB, 0xBF, 0x7B, 0xDD, 0xFD, 0xB7, 0xDF, 0xFF, 0xB7, 0xFB,
    0xFF, 0xFD, 0xFE, 0xEF, 0xBF, 0x7E, 0xFF, 0xFF, 0xFF, 0xBB, 0x6D, 0xEF, 0xDD, 0xFB, 0x7F, 0xDF,
    0x7D, 0xF7, 0x7F, 0xED, 0xBF, 0xFF, 0xFD, 0xFF, 0xEE, 0xED, 0xDB, 0xFF, 0xFF, 0xEA, 0xA5, 0xFF,
    0xFC, 0xFF, 0xFF, 0xDF, 0xFE, 0xDB, 0x7F, 0xFF, 0xFE, 0xF7, 0xB6, 0xFD, 0xFF, 0xFB, 0xFF, 0xFD,
    0xDD, 0xEF, 0xB7, 0xF7, 0xBF, 0xBB, 0xDF, 0xBB, 0xBF, 0xBE, 0xFF, 0xAA, 0xFF, 0xFA, 0xAA, 0xFF,
    0xFF, 0xBF, 0xFF, 0xFF, 0xFF, 0xFF, 0xFF, 0xFF, 0xFF, 0xFF, 0xFF, 0xFF, 0xFF, 0xFF, 0xFB, 0x7F,
    0xFF, 0x0B, 0xFF, 0xFF, 0xF8, 0x3F, 0xBF, 0xFB, 0xFF, 0xFF, 0xDF, 0xFB, 0xFF, 0xFF, 0xEF, 0xFF,
    0xFF, 0xFE, 0xFF, 0x7F, 0xF7, 0xFF, 0xFB, 0xFF, 0xFF, 0xFF, 0xFE, 0xFD, 0xDF, 0xFF, 0xFF, 0xFF,
    0x7F, 0xFF, 0xFD, 0xFF, 0xFF, 0xFF, 0xFF, 0xBF, 0xFF, 0x6F, 0xFF, 0xFF, 0xFF, 0xFF, 0xFF, 0xDF,
    0xFD, 0x20, 0x00, 0x17, 0xFF, 0x7F, 0xFF, 0xFD, 0xEF, 0xFF, 0xFE, 0xFF, 0x7B, 0xFF, 0xFF, 0xEF,
    0xFF, 0xFF, 0xFF, 0xFF, 0xFF, 0xFF, 0xFF, 0xFF, 0xFF, 0xFF, 0xFE, 0xFF, 0xFF, 0xFF, 0xFD, 0xF7,
    0xFF, 0xFE, 0xAD, 0xAD, 0xFF, 0x3F, 0xFF, 0xFF, 0xFF, 0xFF, 0xFF, 0xFF, 0xFF, 0xFF, 0xFF, 0xFF,
    0xFF, 0xFF, 0xF9, 0xFF, 0xFC, 0x3F, 0xFF, 0xFF, 0xFF, 0x0F, 0xFF, 0xFF, 0xFF, 0xFF, 0xFF, 0xFF,
    0xFF, 0xFF, 0xFF, 0xFF, 0xFF, 0xFF, 0xFF, 0xFF, 0xFF, 0xFF, 0xFF, 0xFF, 0xFF, 0xFF, 0xFF, 0xFF,
    0xFF, 0xFF, 0xFF, 0xFF, 0xFF, 0xFF, 0xFF, 0xFF, 0xFF, 0xFF, 0xFF, 0xFF, 0xFF, 0xFF, 0xFF, 0xFF,
    0xFF, 0xFF, 0xFF, 0xFF, 0xF4, 0x0B, 0x5A, 0x43, 0xFF, 0xFF, 0xFF, 0xFF, 0xFF, 0xFF, 0xFF, 0xFD,
    0xFF, 0xFF, 0xFF, 0xFF, 0xFF, 0xFF, 0xFF, 0xFF, 0xFF, 0xFF, 0xFF, 0xFF, 0xFF, 0xFF, 0xFF, 0xFF,
    0xFF, 0xFF, 0xFF, 0xFF, 0xFB, 0xBF, 0xF5, 0x77, 0xB7, 0xBF, 0xFF, 0xFF, 0xFF, 0xFF, 0xFF, 0xFF,
    0xFF, 0xFF, 0xFF, 0xFF, 0xFF, 0xFF, 0xFB, 0xFD, 0xF8, 0xFF, 0xFF, 0xFF, 0xFF, 0x87, 0xFF, 0xFF,
    0xFF, 0xFF, 0xFF, 0xFF, 0xFF, 0xFF, 0xFF, 0xFF, 0xFF, 0xFF, 0xFF, 0xFF, 0xFF, 0xFF, 0xFF, 0xFF,
    0xFF, 0xFF, 0xFF, 0xFF, 0xFF, 0xFF, 0xFF, 0xFF, 0xFF, 0xFF, 0xFF, 0xFF, 0xFF, 0xFF, 0xFF, 0xFF,
    0xFF, 0xFF, 0xFF, 0xFF, 0xFF, 0xFF, 0xFF, 0xFF, 0xC1, 0xFF, 0xFF, 0xE8, 0x7F, 0xFF, 0xFF, 0xFF,
    0xFF, 0xFF, 0xFF, 0xFF, 0xFF, 0xFF, 0xFF, 0xFF, 0xFF, 0x7F, 0xFF, 0xFF, 0xFF, 0xFF, 0xFF, 0xFF,
    0xFF, 0xFF, 0xFF, 0xFF, 0xFF, 0xFF, 0xF7, 0xFF, 0xAE, 0xEF, 0xED, 0x5A, 0xFF, 0xBF, 0xFF, 0xFF,
    0xFF, 0xFF, 0xFF, 0xFF, 0xFF, 0xFF, 0xFF, 0xFF, 0xFF, 0xFF, 0xFB, 0xFF, 0xF3, 0xFF, 0xFB, 0xFF,
    0xFF, 0xE3, 0xFF, 0xFF, 0xFF, 0xFF, 0xFF, 0xFF, 0xFF, 0xFF, 0xFF, 0xFF, 0xFF, 0xFF, 0xFF, 0xFF,
    0xFF, 0xFF, 0xFF, 0xFF, 0xFF, 0xFF, 0xFF, 0xFF, 0xFF, 0xFF, 0xFF, 0xFF, 0xFF, 0xFF, 0xFF, 0xFF,
    0xFF, 0xFF, 0xFF, 0xFF, 0xFF, 0xFF, 0xFF, 0xFF, 0xFF, 0xFF, 0xFF, 0xFF, 0x0E, 0xFF, 0xFF, 0xFC,
    0x1F, 0xFF, 0xFF, 0xFF, 0xFF, 0xFF, 0xFF, 0xFF, 0xFF, 0xFF, 0xFF, 0xFF, 0xFF, 0xFF, 0xFF, 0xFF,
    0xFF, 0xFF, 0xFF, 0xFF, 0xFF, 0xFF, 0xFF, 0xFF, 0xFF, 0xFF, 0xFF, 0xDA, 0xA1, 0x2A, 0xFE, 0xAD,
    0xFF, 0x3F, 0xFF, 0xFF, 0xFF, 0xFF, 0xFF, 0xFF, 0xFF, 0xFF, 0xFF, 0xFF, 0xFF, 0xFF, 0xFB, 0xEF,
    0xE3, 0xFF, 0xFF, 0xBD, 0xFE, 0xF3, 0xEA, 0xAA, 0xAA, 0xAA, 0xAA, 0xAA, 0xAA, 0xAA, 0xAA, 0xAA,
    0xAA, 0xAA, 0xAA, 0xAA, 0xAA, 0xAA, 0xAA, 0xAA, 0xAA, 0xAA, 0xAA, 0xAA, 0xAA, 0xAA, 0xAA, 0xAA,
    0xAA, 0xAA, 0xAA, 0xAA, 0xAA, 0xAA, 0xAA, 0xAA, 0xAA, 0xAA, 0xAA, 0xAA, 0xAA, 0xAA, 0xAA, 0xFE,
    0x3F, 0xFF, 0xFF, 0xFF, 0x87, 0xEA, 0xAA, 0xAD, 0xB6, 0xDB, 0x6D, 0xAD, 0xDB, 0xAA, 0xB6, 0xDB,
    0x55, 0xD5, 0x55, 0x55, 0x5B, 0x5A, 0xB6, 0xAA, 0xAA, 0xAA, 0xAB, 0x6D, 0xB5, 0x5A, 0xFE, 0xD0,
    0x08, 0x05, 0x5B, 0x46, 0xAD, 0xBF, 0xFF, 0xFF, 0xFF, 0xFF, 0xFF, 0xFF, 0xFF, 0xFF, 0xFF, 0xFF,
    0xFF, 0xFF, 0xFB, 0xFF, 0xF7, 0xFF, 0xFF, 0xFF, 0xFF, 0x81, 0xC0, 0x00, 0x00, 0x00, 0x00, 0x00,
    0x00, 0x00, 0x00, 0x00, 0x00, 0x00, 0x00, 0x00, 0x00, 0x00, 0x00, 0x00, 0x00, 0x00, 0x00, 0x00,
    0x00, 0x00, 0x00, 0x00, 0x00, 0x00, 0x00, 0x00, 0x00, 0x00, 0x00, 0x00, 0x00, 0x00, 0x00, 0x00,
    0x00, 0x00, 0x00, 0x3C, 0x7F, 0xFF, 0xFF, 0xFF, 0xC3, 0xC0, 0x00, 0x00, 0x00, 0x00, 0x00, 0x00,
    0x00, 0x00, 0x00, 0x00, 0x00, 0x00, 0x00, 0x00, 0x00, 0x00, 0x00, 0x00, 0x00, 0x00, 0x00, 0x00,
    0x00, 0x01, 0x7B, 0x24, 0x42, 0xA0, 0xAF, 0xA9, 0xFF, 0xBF, 0xFF, 0xFF, 0xFF, 0xFF, 0xFF, 0xFF,
    0xFF, 0xFF, 0xFF, 0xFF, 0xFF, 0xFF, 0xFB, 0xBF, 0xF3, 0xFF, 0xFF, 0xEF, 0xFF, 0xD3, 0xCA, 0xAA,
    0xAA, 0xAA, 0xAA, 0xAA, 0xAA, 0xAA, 0xAA, 0xAA, 0xAA, 0xAA, 0xAA, 0xAA, 0xAA, 0xAA, 0xAA, 0xAA,
    0xA5, 0x52, 0xAA, 0xAA, 0xAA, 0xAA, 0xAA, 0xAA, 0xAA, 0x92, 0xAA, 0xA9, 0x55, 0x25, 0x52, 0x55,
    0x55, 0x55, 0x22, 0x49, 0x24, 0x92, 0x4A, 0x39, 0xFF, 0xBF, 0xFF, 0xFF, 0x73, 0xC0, 0x00, 0x00,
    0x00, 0x00, 0x00, 0x00, 0x00, 0x00, 0x00, 0x00, 0x00, 0x00, 0x00, 0x00, 0x00, 0x00, 0x00, 0x00,
    0x00, 0x00, 0x00, 0x00, 0x00, 0x01, 0xEC, 0x81, 0x2A, 0x9A, 0x2A, 0x84, 0x57, 0x3F, 0xFF, 0xFF,
    0xFF, 0xFF, 0xFF, 0xFF, 0xFF, 0xFF, 0xFF, 0xFF, 0xFF, 0xFF, 0xFB, 0xFD, 0xE7, 0xFB, 0xDB, 0x59,
    0x77, 0xC3, 0xCA, 0xAD, 0x55, 0x55, 0x5B, 0x56, 0xD5, 0x55, 0x55, 0xB5, 0x55, 0x55, 0x5A, 0xD5,
    0x55, 0x55, 0x55, 0x55, 0x55, 0x55, 0x55, 0x55, 0x55, 0x55, 0x55, 0x52, 0xAA, 0xAA, 0xA5, 0x55,
    0x54, 0xAA, 0x4A, 0xAA, 0xA9, 0x54, 0xAA, 0xAA, 0x95, 0x49, 0x24, 0x79, 0xFE, 0xB5, 0xFF, 0xFF,
    0xD1, 0xC5, 0xB5, 0xB5, 0x55, 0x5A, 0xD5, 0x6A, 0xAA, 0xBB, 0xB5, 0x55, 0xBA, 0xB7, 0x7D, 0xFF,
    0xED, 0xEF, 0x7B, 0xFF, 0xFD, 0xFF, 0xFF, 0xDD, 0xBB, 0xFB, 0xF2, 0x15, 0xDF, 0x6D, 0xA7, 0xD2,
    0xBF, 0xBF, 0xFF, 0xFF, 0xFF, 0xFF, 0xFF, 0xFF, 0xFF, 0xFF, 0xFF, 0xFF, 0xFF, 0xFF, 0xFB, 0xF7,
    0xF3, 0xDF, 0xFC, 0xAA, 0x5F, 0xC1, 0xCA, 0xAA, 0xAA, 0xAA, 0xAA, 0xAA, 0x55, 0x55, 0x55, 0x4A,
    0xAA, 0xAA, 0xA5, 0x2A, 0xAA, 0xAA, 0xAA, 0xAA, 0x55, 0x2A, 0x92, 0xAA, 0xAA, 0x4A, 0x54, 0x95,
    0x55, 0x55, 0x54, 0x95, 0x25, 0x52, 0xAA, 0x92, 0x4A, 0x4A, 0xA9, 0x24, 0x52, 0x2A, 0xA9, 0x39,
    0xFE, 0xAD, 0xDF, 0xEF, 0xC3, 0xC7, 0xFF, 0xFF, 0xFF, 0xFF, 0xFF, 0xFF, 0xFF, 0xFF, 0xFF, 0xFF,
    0xFF, 0xFF, 0xF7, 0xDB, 0x7F, 0xFF, 0xFF, 0xBE, 0xEF, 0xDF, 0x7D, 0xFF, 0xFF, 0xEE, 0xD0, 0x5F,
    0x7D, 0xFF, 0xDB, 0xA1, 0x57, 0xBF, 0xFF, 0xFF, 0xFF, 0xFF, 0xFF, 0xFF, 0xFF, 0xFF, 0xFF, 0xFF,
    0xFF, 0xFF, 0xF9, 0xDF, 0xE7, 0xFF, 0xD0, 0x0E, 0x3F, 0xA3, 0xCA, 0xAA, 0xD5, 0x55, 0x55, 0x5B,
    0x55, 0x55, 0x55, 0x55, 0x55, 0x55, 0x5A, 0xD5, 0x55, 0x55, 0x55, 0x55, 0x4A, 0xA5, 0x55, 0x55,
    0x49, 0x55, 0x4A, 0xAA, 0x49, 0x54, 0x92, 0xA4, 0xAA, 0x94, 0x94, 0xA9, 0x29, 0x24, 0x94, 0xA9,
    0x49, 0x49, 0x14, 0x3B, 0xFD, 0x52, 0xB7, 0xBF, 0xC9, 0xC7, 0xFF, 0xFF, 0xFF, 0xFF, 0xFF, 0xFF,
    0xFF, 0xFF, 0xFF, 0xFF, 0xFF, 0xFF, 0xFF, 0xFF, 0xFF, 0xFF, 0xEF, 0xFB, 0xFF, 0xFF, 0xF7, 0xFF,
    0xFF, 0xFF, 0xE2, 0xF7, 0xFF, 0xF6, 0xFF, 0x88, 0x5F, 0x3F, 0xFF, 0xFF, 0xFF, 0xFF, 0xFF, 0xFF,
    0xFF, 0xFF, 0xFF, 0xFF, 0xFF, 0xFF, 0xFB, 0xFF, 0xF3, 0xFF, 0x60, 0x0D, 0x8F, 0xC9, 0xCA, 0xD5,
    0x5A, 0xAA, 0xAA, 0xA9, 0x6A, 0xAA, 0xAA, 0xAA, 0xAA, 0xAA, 0xAA, 0xAA, 0xAA, 0xAA, 0x55, 0x55,
    0x55, 0x54, 0xAA, 0xA5, 0x2A, 0xA9, 0x2A, 0xA5, 0x2A, 0x4A, 0xAA, 0x95, 0x55, 0x52, 0xAA, 0xAA,
    0xA5, 0x52, 0x45, 0x4A, 0xA4, 0xA4, 0xA2, 0x39, 0xFE, 0x82, 0xD5, 0x7F, 0xC1, 0xC7, 0xFF, 0xFF,
    0xFF, 0xFF, 0x7F, 0xFF, 0xFF, 0xF7, 0x7F, 0xFF, 0xFF, 0xFF, 0xFF, 0xFF, 0xFF, 0xBB, 0xBF, 0xFF,
    0xFF, 0xFD, 0xFF, 0xFF, 0xFF, 0x7F, 0xD3, 0xFE, 0xEE, 0xDF, 0xBF, 0xD1, 0x57, 0xBF, 0xFF, 0xFF,
    0xFF, 0xFF, 0xFF, 0xFF, 0xFF, 0xFF, 0xFF, 0xFF, 0xFF, 0xFF, 0xFB, 0xFF, 0xF7, 0xFF, 0x80, 0x1B,
    0xC7, 0xC3, 0xCB, 0x2A, 0xAA, 0xD5, 0x55, 0x56, 0xAA, 0xAA, 0xAA, 0xAA, 0xAA, 0xAA, 0xAA, 0xAA,
    0x54, 0xAA, 0xAA, 0xA5, 0x54, 0xAA, 0xAA, 0x54, 0xAA, 0xAA, 0xA9, 0x55, 0x55, 0x52, 0x55, 0x52,
    0xA9, 0x2A, 0x49, 0x24, 0xAA, 0x4A, 0xAA, 0x52, 0x2A, 0x52, 0x54, 0x39, 0xFD, 0x00, 0x16, 0xFB,
    0xD3, 0xC7, 0xB6, 0xDB, 0xBB, 0xB7, 0xF7, 0xBB, 0xBF, 0xBF, 0xED, 0xEE, 0xDB, 0xDD, 0xBF, 0xFF,
    0xEE, 0xFF, 0xFD, 0xDF, 0xF7, 0x77, 0xFF, 0xB7, 0x77, 0xFD, 0xE2, 0xDB, 0xFB, 0xFD, 0xED, 0xA0,
    0x3B, 0x3F, 0xFF, 0xFF, 0xFF, 0xFF, 0xFF, 0xFF, 0xFF, 0xFF, 0xFF, 0xFF, 0xFF, 0xFF, 0xFB, 0xFF,
    0xE3, 0xFE, 0x80, 0x1E, 0xA3, 0xC3, 0xC5, 0x55, 0x55, 0x55, 0x55, 0x55, 0x55, 0x55, 0x55, 0x55,
    0x55, 0x55, 0x55, 0x55, 0x52, 0xAA, 0x94, 0x94, 0xAA, 0xAA, 0xA9, 0x4A, 0xA9, 0x55, 0x55, 0x2A,
    0xA5, 0x2A, 0xA4, 0xAA, 0x55, 0x55, 0x55, 0x55, 0x25, 0x54, 0xA5, 0x29, 0x51, 0x15, 0x09, 0x39,
    0xFD, 0x00, 0x01, 0x2F, 0xC1, 0xC7, 0xFF, 0xFF, 0xFF, 0xFF, 0xFF, 0xFF, 0xF6, 0xFF, 0xFF, 0xFF,
    0xFF, 0xFF, 0xFD, 0xB7, 0x7F, 0xFF, 0xFF, 0xFF, 0xBF, 0xFF, 0xDF, 0xFF, 0xFF, 0xFF, 0xD3, 0xFF,
    0xBF, 0xEF, 0xFF, 0xC1, 0x4F, 0xBF, 0xFF, 0xFF, 0xFF, 0xFF, 0xFF, 0xFF, 0xFF, 0xFF, 0xFF, 0xFF,
    0xFF, 0xFF, 0xFB, 0x6F, 0xF7, 0xFE, 0x00, 0x17, 0x91, 0xC9, 0xCA, 0xAA, 0xAA, 0xAA, 0xAA, 0xAA,
    0xAA, 0xAA, 0xAA, 0xAA, 0xAA, 0xAA, 0xAA, 0xA5, 0x55, 0x55, 0x52, 0xAA, 0x95, 0x55, 0x4A, 0xAA,
    0xA5, 0x2A, 0x4A, 0xA4, 0x94, 0xAA, 0x95, 0x29, 0x52, 0x8A, 0xAA, 0xA9, 0x54, 0x92, 0x52, 0xA4,
    0x8A, 0xA2, 0xA4, 0x3B, 0xF6, 0x00, 0x00, 0x91, 0xD1, 0xC7, 0xFF, 0xFE, 0xFE, 0xFE, 0xFD, 0xFE,
    0xFF, 0xFB, 0x7F, 0xBF, 0xFF, 0x7F, 0xFF, 0xFF, 0xFF, 0xFD, 0xDF, 0xFB, 0xFF, 0xFF, 0xFD, 0xFF,
    0xFF, 0xB5, 0xE3, 0xEE, 0xF7, 0x7E, 0xDF, 0xA0, 0x37, 0xBF, 0xFF, 0xFF, 0xFF, 0xFF, 0xFF, 0xFF,
    0xFF, 0xFF, 0xFF, 0xFF, 0xFF, 0xFF, 0xFB, 0xFD, 0xE7, 0xFA, 0x00, 0x4D, 0x23, 0xA3, 0xCA, 0xAA,
    0xAA, 0xAA, 0xB5, 0x55, 0x55, 0x55, 0x55, 0x55, 0x55, 0x55, 0x55, 0x55, 0x55, 0x52, 0xAA, 0xAA,
    0xAA, 0xAA, 0x55, 0x2A, 0x95, 0x52, 0xAA, 0x95, 0x55, 0x49, 0x52, 0xA5, 0x4A, 0x64, 0x92, 0x4A,
    0x92, 0xA9, 0x28, 0x95, 0x52, 0x48, 0x92, 0x39, 0xDA, 0x00, 0x00, 0x06, 0xC3, 0xC7, 0x6F, 0x77,
    0xEF, 0xF7, 0xDF, 0xDB, 0xFF, 0xFF, 0xFB, 0xFB, 0xFD, 0xFF, 0xEF, 0xFF, 0xFB, 0xDF, 0xFE, 0xDF,
    0xFD, 0xDE, 0xFF, 0xFD, 0xFB, 0xFF, 0xD2, 0xBB, 0xFF, 0xEF, 0xFB, 0x91, 0x5D, 0xBF, 0xFF, 0xFF,
    0xFF, 0xFF, 0xFF, 0xFF, 0xFF, 0xFF, 0xFF, 0xFF, 0xFF, 0xFF, 0xFB, 0xFF, 0xF3, 0xFF, 0x02, 0x0F,
    0x88, 0xC1, 0xCA, 0xAA, 0xAA, 0xAA, 0xAA, 0xAA, 0xAA, 0xAA, 0xAA, 0xAA, 0xAA, 0xAA, 0xAA, 0x55,
    0x55, 0x4A, 0xAA, 0xAA, 0xAA, 0xA5, 0x54, 0xA5, 0x55, 0x4A, 0x54, 0xAA, 0xAA, 0xA5, 0x2A, 0x54,
    0xA9, 0x12, 0x55, 0x52, 0x4A, 0x4A, 0x95, 0x52, 0x29, 0x2A, 0x48, 0x79, 0xF7, 0x55, 0x5A, 0xA3,
    0xC1, 0xC7, 0xFD, 0xFF, 0xFF, 0xDF, 0xFF, 0xFF, 0xEF, 0xDF, 0xEF, 0xFF, 0x6F, 0xF6, 0xFF, 0xFB,
    0x7F, 0xFF, 0xFB, 0xFF, 0x6F, 0xFF, 0xF7, 0xB7, 0xDF, 0xFF, 0xE3, 0xFF, 0xB6, 0xFB, 0x6F, 0xC0,
    0x2B, 0xBF, 0xFF, 0xFF, 0xFF, 0xFF, 0xFF, 0xFF, 0xFF, 0xFF, 0xFF, 0xFF, 0xFF, 0xFF, 0xFB, 0xB7,
    0xF7, 0xFA, 0x02, 0x00, 0x11, 0xC3, 0xC5, 0x56, 0xAA, 0xAB, 0x55, 0x55, 0x55, 0x55, 0x55, 0x55,
    0x29, 0x55, 0x55, 0x55, 0x55, 0x55, 0x2A, 0x54, 0xAA, 0x94, 0xA5, 0x54, 0xAA, 0xA9, 0x4A, 0xA4,
    0x92, 0x54, 0xAA, 0x92, 0xAA, 0xD5, 0x49, 0x29, 0x55, 0x24, 0xA2, 0x29, 0x44, 0x85, 0x26, 0x39,
    0xF5, 0x6D, 0xAB, 0x65, 0xD3, 0xC7, 0xFF, 0xFF, 0x7B, 0x7F, 0xF6, 0xFF, 0xBD, 0xFF, 0xBF, 0x6F,
    0xFF, 0xFF, 0xFD, 0xBF, 0xFF, 0x7B, 0xBF, 0xFD, 0xFF, 0xFB, 0xDF, 0xFF, 0xFF, 0xFD, 0xD3, 0xEE,
    0xFF, 0xBF, 0xFF, 0x51, 0x5F, 0x3F, 0xFF, 0xFF, 0xFF, 0xFF, 0xFF, 0xFF, 0xFF, 0xFF, 0xFF, 0xFF,
    0xFF, 0xFF, 0xFB, 0xFF, 0xE3, 0xDC, 0x00, 0x00, 0x18, 0xD3, 0xCA, 0xAA, 0xD5, 0x55, 0x55, 0x55,
    0x55, 0x5A, 0xAA, 0xAA, 0xAA, 0xAA, 0xAA, 0xAA, 0xAA, 0xAA, 0xA5, 0x4A, 0xAA, 0x55, 0x55, 0x55,
    0x52, 0x55, 0x52, 0x55, 0x55, 0x55, 0x54, 0xAA, 0x55, 0x2A, 0xAA, 0xA5, 0x22, 0x95, 0x2A, 0x85,
    0x2A, 0x52, 0x90, 0x3B, 0xE8, 0x00, 0x00, 0x13, 0xC1, 0xC7, 0x7F, 0xDD, 0xFF, 0xFE, 0xFF, 0xEE,
    0xFF, 0xFB, 0xFF, 0xFF, 0xFF, 0xFF, 0xDF, 0xFF, 0xEF, 0xFF, 0xFF, 0xEF, 0xFF, 0x7F, 0xFF, 0xFF,
    0xFE, 0xDF, 0xE2, 0xFB, 0xED, 0xED, 0xBF, 0xC0, 0x2B, 0xBF, 0xFF, 0xFF, 0xFF, 0xFF, 0xFF, 0xFF,
    0xFF, 0xFF, 0xFF, 0xFF, 0xFF, 0xFF, 0xFB, 0xFF, 0xF7, 0xFC, 0x00, 0x00, 0x11, 0xC1, 0xCA, 0xAA,
    0xAA, 0xB5, 0x55, 0x55, 0x55, 0x55, 0x55, 0x55, 0x55, 0x55, 0x55, 0x55, 0x55, 0x2A, 0xAA, 0xAA,
    0xA9, 0x52, 0x92, 0x55, 0x4A, 0xAA, 0x95, 0x55, 0x52, 0x92, 0x92, 0x95, 0x22, 0xA4, 0x94, 0x95,
    0x54, 0xA8, 0x92, 0x54, 0xA1, 0x28, 0x4A, 0x79, 0xE8, 0x00, 0x04, 0x19, 0xD3, 0xC7, 0xEF, 0x7F,
    0xEF, 0xFB, 0xFF, 0xFF, 0xFF, 0x7F, 0xFF, 0xFE, 0xFF, 0x77, 0xFF, 0xF7, 0x7D, 0xFF, 0xFF, 0x7F,
    0xFB, 0xFF, 0x7E, 0xDF, 0x7B, 0xFD, 0xD3, 0xBF, 0xBF, 0xFF, 0xF7, 0x51, 0x5F, 0xBF, 0xFF, 0xFF,
    0xFF, 0xFF, 0xFF, 0xFF, 0xFF, 0xFF, 0xFF, 0xFF, 0xFF, 0xFF, 0xFB, 0x7F, 0xE3, 0xF8, 0x00, 0x00,
    0x18, 0xC3, 0xCA, 0xAA, 0xAB, 0x55, 0x55, 0x6A, 0xAA, 0xA5, 0x55, 0x55, 0x55, 0x4A, 0xAA, 0xAA,
    0x94, 0xAA, 0x55, 0x55, 0x55, 0x55, 0x55, 0x4A, 0xA9, 0x25, 0x55, 0x24, 0x95, 0x4A, 0x55, 0x49,
    0x55, 0x52, 0x52, 0xA9, 0x2A, 0x4A, 0xA9, 0x49, 0x14, 0xA5, 0x52, 0x31, 0xF4, 0x00, 0x3C, 0x17,
    0xC1, 0xC7, 0xFD, 0xFF, 0xFF, 0xDF, 0xDB, 0xBB, 0xFD, 0xFE, 0xFB, 0xEF, 0xED, 0xFF, 0x7F, 0xBF,
    0xFF, 0xDF, 0x7B, 0xFF, 0xDF, 0xED, 0xFB, 0xFD, 0xFF, 0xFF, 0xE2, 0xED, 0xF7, 0x76, 0xDF, 0xC0,
    0x2B, 0x3F, 0xFF, 0xFF, 0xFF, 0xFF, 0xFF, 0xFF, 0xFF, 0xFF, 0xFF, 0xFF, 0xFF, 0xFF, 0xFB, 0xF7,
    0xF7, 0xFC, 0x00, 0x22, 0x29, 0xD3, 0xC5, 0x55, 0x55, 0x55, 0x55, 0x55, 0x55, 0x55, 0x55, 0x55,
    0x55, 0x35, 0x55, 0x25, 0x55, 0x55, 0x4A, 0x55, 0x4A, 0xAA, 0x55, 0x29, 0x25, 0x54, 0x92, 0xAA,
    0x54, 0xA9, 0x52, 0x55, 0x29, 0x2A, 0xAA, 0x4A, 0x92, 0xA5, 0x25, 0x24, 0xAA, 0x92, 0x48, 0x3B,
    0xD8, 0x00, 0xB8, 0x1B, 0xC2, 0xC7, 0xBF, 0xF7, 0x7D, 0xFF, 0xFF, 0xFF, 0xEF, 0xEF, 0xEF, 0x7F,
    0xFF, 0xFF, 0xFB, 0xFF, 0xFF, 0xFD, 0xFF, 0xF7, 0x7F, 0xBF, 0xFF, 0xFF, 0xEF, 0xFD, 0xD3, 0xFF,
    0xBF, 0xDF, 0xFF, 0x51, 0x5F, 0xBF, 0xFF, 0xFF, 0xFF, 0xFF, 0xFF, 0xFF, 0xFF, 0xFF, 0xFF, 0xFF,
    0xFF, 0xFF, 0xFB, 0xFF, 0xE7, 0xFD, 0x01, 0x05, 0x90, 0xC1, 0xCA, 0xAA, 0xAA, 0xAA, 0xAA, 0xAA,
    0xAA, 0xAA, 0xAA, 0xAA, 0xAA, 0xCA, 0xA9, 0x54, 0xAA, 0xAA, 0xA9, 0x52, 0xAA, 0x52, 0xA4, 0xAA,
    0xAA, 0xAA, 0x55, 0x55, 0x52, 0x95, 0x4A, 0xA4, 0xAA, 0x92, 0x92, 0xA4, 0x4A, 0x2A, 0x52, 0xAA,
    0x91, 0x29, 0x26, 0x39, 0xE8, 0x03, 0xE8, 0x1B, 0xD1, 0xC7, 0xFF, 0xFF, 0xF7, 0xFF, 0x7F, 0xEF,
    0xBF, 0xFF, 0xFF, 0xFD, 0xFF, 0xFB, 0xFF, 0xFD, 0xDD, 0xFF, 0xFF, 0xDF, 0xFE, 0xFF, 0xDF, 0xEF,
    0xFF, 0xEF, 0xE3, 0x76, 0xFA, 0xFD, 0xB7, 0xA0, 0x2B, 0xBF, 0xFF, 0xFF, 0xFF, 0xFF, 0xFF, 0xFF,
    0xFF, 0xFF, 0xFF, 0xFF, 0xFF, 0xFF, 0xFB, 0xBF, 0xF3, 0xDE, 0x00, 0x4F, 0x31, 0xC3, 0xCA, 0xAA,
    0xAA, 0xAA, 0xAA, 0xAA, 0xAA, 0xAA, 0x95, 0x55, 0x55, 0x35, 0x55, 0x55, 0x55, 0x52, 0xAA, 0xAA,
    0x55, 0x4A, 0x52, 0xAA, 0x95, 0x49, 0x54, 0x92, 0xAA, 0x54, 0xA9, 0x2A, 0xA4, 0xAA, 0x4A, 0x55,
    0x55, 0x49, 0x48, 0x44, 0x4A, 0x94, 0x90, 0x79, 0xF4, 0x0F, 0xC0, 0x3B, 0xC3, 0xC7, 0xF7, 0xDF,
    0xFF, 0xBB, 0xFB, 0x7F, 0xFF, 0xFD, 0xFF, 0xFF, 0xDF, 0xDF, 0xEF, 0xBF, 0xFF, 0xFF, 0xEF, 0xFF,
    0xFB, 0xFF, 0x7E, 0xFF, 0xFF, 0x7D, 0xD3, 0xDF, 0xEF, 0xDF, 0xFF, 0x88, 0xAF, 0x3F, 0xFF, 0xFF,
    0xFF, 0xFF, 0xFF, 0xFF, 0xFF, 0xFF, 0xFF, 0xFF, 0xFF, 0xFF, 0xFB, 0xFD, 0xE7, 0xFF, 0x00, 0x0D,
    0x93, 0xD3, 0xCA, 0xAA, 0xAA, 0xAA, 0xAA, 0xAA, 0xAA, 0xAA, 0xAA, 0xAA, 0xAA, 0xCA, 0xAA, 0xAA,
    0xA9, 0x4A, 0xAA, 0x95, 0x52, 0xAA, 0xAA, 0xA5, 0x55, 0x2A, 0xA5, 0x55, 0x25, 0x52, 0xAA, 0xA5,
    0x2A, 0x92, 0xA9, 0x49, 0x48, 0xAA, 0xA5, 0x2A, 0xA4, 0x42, 0x4A, 0x3B, 0xD4, 0x3C, 0x00, 0x17,
    0xD1, 0xC7, 0x7F, 0x7D, 0xBF, 0xFF, 0xEF, 0xFE, 0xFE, 0xDF, 0xBE, 0xEF, 0xFF, 0x7F, 0xFF, 0xFF,
    0xF7, 0xB7, 0xBE, 0xFE, 0xEF, 0xFB, 0xFB, 0xFE, 0xFD, 0xFF, 0xE2, 0xFB, 0xBF, 0x7B, 0x6E, 0xE0,
    0x57, 0xBF, 0xFF, 0xFF, 0xFF, 0xFF, 0xFF, 0xFF, 0xFF, 0xFF, 0xFF, 0xFF, 0xFF, 0xFF, 0xFB, 0xF7,
    0xF3, 0xFD, 0x00, 0x0F, 0x61, 0xC1, 0xCA, 0xAA, 0xAA, 0xAA, 0xAA, 0xAA, 0xAA, 0xAA, 0xAA, 0xAA,
    0xA9, 0x2A, 0x4A, 0xAA, 0xA5, 0x2A, 0xAA, 0xAA, 0xAA, 0xA9, 0x4A, 0x94, 0xAA, 0xAA, 0x55, 0x54,
    0xA9, 0x4A, 0x52, 0x94, 0xA9, 0x4A, 0xA5, 0x25, 0x25, 0x2A, 0x95, 0x49, 0x12, 0xAA, 0xA4, 0x39,
    0xF4, 0x38, 0x40, 0x3B, 0xC3, 0xCB, 0xFF, 0xFF, 0xFE, 0xFF, 0xFF, 0xFF, 0xFB, 0xFF, 0xFB, 0xFF,
    0x7D, 0xFF, 0x7E, 0xF6, 0xDF, 0xFF, 0xFF, 0xFF, 0xFF, 0xEF, 0xFF, 0xDB, 0xF7, 0xFD, 0xD3, 0xDE,
    0xFB, 0xFF, 0xFF, 0x81, 0x2D, 0xBF, 0xFF, 0xFF, 0xFF, 0xFF, 0xFF, 0xFF, 0xFF, 0xFF, 0xFF, 0xFF,
    0xFF, 0xFF, 0xFB, 0x7F, 0xF7, 0xFF, 0x00, 0x05, 0xC7, 0xC3, 0xCA, 0xAA, 0xAA, 0xAA, 0xAA, 0xAA,
    0xAA, 0xAA, 0xAA, 0xAA, 0xA5, 0xAA, 0xAA, 0xA9, 0x55, 0x55, 0x49, 0x55, 0x55, 0x55, 0x55, 0x55,
    0x24, 0xA5, 0x49, 0x25, 0x55, 0x2A, 0x8A, 0x52, 0xA4, 0xA9, 0x54, 0xA9, 0x54, 0xA9, 0x52, 0x54,
    0xA9, 0x11, 0x12, 0x79, 0xE8, 0x0C, 0x80, 0x1B, 0xD1, 0xC7, 0xFB, 0xFF, 0xF7, 0xEF, 0x7F, 0xBB,
    0xFF, 0xFB, 0xFF, 0xFD, 0xFF, 0xFF, 0xFB, 0xFF, 0xFF, 0xFF, 0xFF, 0xDB, 0xFF, 0xBF, 0xEF, 0xFF,
    0xFF, 0xFF, 0xE2, 0xFB, 0xEF, 0xB6, 0xDF, 0xD0, 0x5F, 0xBF, 0xFF, 0xFF, 0xFF, 0xFF, 0xFF, 0xFF,
    0xFF, 0xFF, 0xFF, 0xFF, 0xFF, 0xFF, 0xF9, 0xFF, 0xE3, 0xFF, 0x80, 0x06, 0xA7, 0xC9, 0xC5, 0x55,
    0x55, 0x55, 0x55, 0x55, 0x55, 0x55, 0x55, 0x55, 0x54, 0xAA, 0xAA, 0x55, 0x55, 0x55, 0x2A, 0xA4,
    0x95, 0x2A, 0xA9, 0x52, 0x95, 0x54, 0xAA, 0xAA, 0xA5, 0x52, 0x69, 0x55, 0x2A, 0x4A, 0x4A, 0x94,
    0x92, 0xAA, 0xA9, 0x22, 0x44, 0xA4, 0xA4, 0x39, 0xF4, 0x03, 0x40, 0x1B, 0xC1, 0xC7, 0xBF, 0xF7,
    0xDF, 0xFF, 0xFD, 0xFF, 0xEF, 0xFF, 0xDF, 0xDF, 0xFF, 0xFB, 0xFF, 0xFF, 0xFF, 0xFD, 0xFF, 0xFF,
    0xFB, 0xFF, 0x7F, 0xFF, 0xBF, 0xED, 0xC3, 0xDF, 0xBD, 0xFF, 0xF7, 0x41, 0x2B, 0x3F, 0xFF, 0xFF,
    0xFF, 0xFF, 0xFF, 0xFF, 0xFF, 0xFF, 0xFF, 0xFF, 0xFF, 0xFF, 0xFB, 0xFF, 0xF7, 0xFF, 0xD8, 0x07,
    0x8F, 0xC3, 0xCA, 0xAA, 0xAA, 0xAA, 0xB5, 0x55, 0x55, 0x55, 0x52, 0xA5, 0x56, 0xAA, 0xAA, 0xAA,
    0xAA, 0xAA, 0xAA, 0x55, 0x54, 0xA5, 0x24, 0xAA, 0xAA, 0x95, 0x25, 0x54, 0x95, 0x55, 0x25, 0x54,
    0xAA, 0xA5, 0x2A, 0x52, 0xA9, 0x25, 0x2A, 0x95, 0x2A, 0x4A, 0x4A, 0x3B, 0xD8, 0x00, 0xE8, 0x1B,
    0xD3, 0xC7, 0xFF, 0xBF, 0x7F, 0xFD, 0xF7, 0xFF, 0xFF, 0xBF, 0x7F, 0xFF, 0xEF, 0xFF, 0xEF, 0xEF,
    0xF6, 0xDF, 0xDE, 0xFF, 0xBF, 0xFD, 0xFE, 0xDF, 0xFF, 0xBF, 0xEA, 0xF6, 0xFF, 0x6D, 0xBF, 0xD0,
    0x5F, 0xBF, 0xFF, 0xFF, 0xFF, 0xFF, 0xFF, 0xFF, 0xFF, 0xFF, 0xFF, 0xFF, 0xFF, 0xFF, 0xFB, 0xEF,
    0xE3, 0xFF, 0xF4, 0x94, 0x1F, 0xC3, 0xCA, 0xAA, 0xAA, 0xD5, 0x55, 0x55, 0x55, 0x55, 0x55, 0x54,
    0xA9, 0x55, 0x55, 0x55, 0x55, 0x54, 0xAA, 0xAA, 0xAA, 0x94, 0xAA, 0x94, 0xAA, 0xAA, 0xA9, 0x2A,
    0xAA, 0x49, 0x54, 0xA5, 0x49, 0x28, 0xA5, 0x4A, 0x4A, 0x94, 0xA4, 0x50, 0x92, 0x91, 0x20, 0x71,
    0xE8, 0x00, 0x1C, 0x2B, 0xC1, 0xC7, 0xEE, 0xFF, 0xFE, 0xEF, 0xDF, 0xFF, 0x7F, 0xFB, 0xFE, 0xFD,
    0xFF, 0xBF, 0xBF, 0xFD, 0xBF, 0xFF, 0xFF, 0xFE, 0xFF, 0xF7, 0xFB, 0xFD, 0xFF, 0xFD, 0xD3, 0xBF,
    0xED, 0xFF, 0xFD, 0x81, 0x2B, 0xBF, 0xFF, 0xFF, 0xFF, 0xFF, 0xFF, 0xFF, 0xFF, 0xFF, 0xFF, 0xFF,
    0xFF, 0xFF, 0xFB, 0xFD, 0xF7, 0xF7, 0xFF, 0x5A, 0xFF, 0xD1, 0xCA, 0xAA, 0xAB, 0x55, 0x55, 0x55,
    0x55, 0x55, 0x55, 0x2A, 0xA5, 0x55, 0x54, 0xAA, 0xAA, 0xAA, 0xA5, 0x24, 0xA5, 0x55, 0x55, 0x52,
    0x95, 0x52, 0x54, 0xA4, 0x92, 0xAA, 0x92, 0x94, 0xAA, 0xA5, 0x52, 0x29, 0x24, 0xA5, 0x2A, 0xAA,
    0xA4, 0x4A, 0x56, 0x3A, 0xF4, 0x00, 0x04, 0x12, 0xD1, 0xC7, 0x7F, 0xFD, 0xFF, 0xFF, 0xFF, 0xDB,
    0xFD, 0xFF, 0xFB, 0xF7, 0xFD, 0xFF, 0xFF, 0xBF, 0xFF, 0xFF, 0x7F, 0xF7, 0xFD, 0xDF, 0xEF, 0xFF,
    0xFB, 0xFF, 0xE2, 0xF6, 0xFF, 0xB6, 0xD7, 0xD0, 0x5F, 0x3F, 0xFF, 0xFF, 0xFF, 0xFF, 0xFF, 0xFF,
    0xFF, 0xFF, 0xFF, 0xFF, 0xFF, 0xFF, 0xFB, 0xFF, 0xF3, 0xFF, 0xDD, 0xD5, 0xFF, 0xC3, 0xC5, 0x55,
    0x55, 0x55, 0x55, 0x55, 0x55, 0x55, 0x4A, 0xAA, 0xAA, 0xAA, 0x92, 0xAA, 0xA5, 0x4A, 0x54, 0xAA,
    0xA9, 0x2A, 0x92, 0x55, 0x52, 0x4A, 0x92, 0xAA, 0x4A, 0x55, 0x4A, 0xAA, 0x52, 0x55, 0x15, 0x45,
    0x52, 0x52, 0x91, 0x12, 0x12, 0xA4, 0x88, 0x39, 0xE8, 0x42, 0x02, 0x33, 0xC3, 0xC7, 0xFF, 0xFF,
    0xF7, 0xFF, 0xFF, 0xFF, 0xFF, 0xDF, 0xEF, 0xDF, 0xF7, 0xFB, 0xFE, 0xFF, 0xFF, 0xF7, 0xFF, 0xDF,
    0xF7, 0xFF, 0xFF, 0xEF, 0xBF, 0xFD, 0xD3, 0xDF, 0xAB, 0x5F, 0x7F, 0xA1, 0x2B, 0xBF, 0xFF, 0xFF,
    0xFF, 0xFF, 0xFF, 0xFF, 0xFF, 0xFF, 0xFF, 0xFF, 0xFF, 0xFF, 0xFB, 0xBF, 0xE7, 0xFF, 0xFF, 0xEF,
    0xFF, 0xA3, 0xCA, 0xAA, 0xAA, 0xAA, 0xAA, 0xAA, 0xAA, 0xAA, 0xAA, 0xAA, 0xAA, 0xA9, 0x55, 0x55,
    0x54, 0xA9, 0x55, 0x55, 0x55, 0x52, 0xAA, 0xA5, 0x4A, 0xA9, 0x4A, 0x92, 0xA9, 0x22, 0x54, 0x91,
    0x49, 0x2A, 0x52, 0x55, 0x29, 0x14, 0x4A, 0x49, 0x54, 0x92, 0x52, 0x3B, 0xF7, 0xBD, 0xFB, 0xE5,
    0xD1, 0xCB, 0xFF, 0xDF, 0xDF, 0xFD, 0xFF, 0x7F, 0xF7, 0xFF, 0xFF, 0xFF, 0xBF, 0xFF, 0xFB, 0xFF,
    0xF7, 0x7F, 0xFD, 0xFF, 0xFF, 0xFF, 0xBF, 0xBE, 0xFF, 0xBF, 0xE2, 0xFA, 0xDD, 0x94, 0xFF, 0x88,
    0x57, 0xBF, 0xFF, 0xFF, 0xFF, 0xFF, 0xFF, 0xFF, 0xFF, 0xFF, 0xFF, 0xFF, 0xFF, 0xFF, 0xFB, 0xFF,
    0xF3, 0xFF, 0xFF, 0xBB, 0x7F, 0xC1, 0xCA, 0xAA, 0xAA, 0xAA, 0xAA, 0xAA, 0xAA, 0xAA, 0xAA, 0xAA,
    0xAA, 0xA6, 0xAA, 0xA9, 0x2A, 0xAA, 0xAA, 0xA4, 0x95, 0x4A, 0x49, 0x54, 0xAA, 0x55, 0x2A, 0x55,
    0x55, 0x55, 0x4A, 0xAA, 0xAA, 0xA5, 0x55, 0x28, 0x94, 0xCA, 0xA9, 0x55, 0x22, 0x55, 0x09, 0x39,
    0xF5, 0x4A, 0x48, 0x02, 0xC3, 0xC7, 0xF6, 0xFD, 0xFF, 0x77, 0xBB, 0xFF, 0xDF, 0xFE, 0xFF, 0xFF,
    0xFF, 0xEF, 0xDF, 0xF6, 0xDF, 0xFF, 0xFF, 0xFF, 0xDF, 0xFF, 0xFD, 0xFF, 0xFE, 0xFD, 0xD3, 0xB4,
    0x20, 0x00, 0xDB, 0xD0, 0x5F, 0x3F, 0xFF, 0xFF, 0xFF, 0xFF, 0xFF, 0xFF, 0xFF, 0xFF, 0xFF, 0xFF,
    0xFF, 0xFF, 0xFB, 0xF7, 0xE7, 0xFF, 0xF5, 0x68, 0xFF, 0xC3, 0xCA, 0xAA, 0xAA, 0xAA, 0xAA, 0xAA,
    0xAA, 0xA9, 0x55, 0x55, 0x29, 0x55, 0x4A, 0x95, 0x55, 0x55, 0x25, 0x2A, 0xAA, 0xA9, 0x55, 0x2A,
    0x55, 0x4A, 0xA9, 0x54, 0x95, 0x49, 0x2A, 0x4A, 0x55, 0x11, 0x24, 0x95, 0x45, 0x24, 0x4A, 0x22,
    0x95, 0x20, 0xA4, 0x39, 0xFA, 0x00, 0x00, 0x0D, 0xE1, 0xC7, 0xDF, 0xFF, 0xFF, 0xFF, 0xFF, 0xFB,
    0xFF, 0xFF, 0xFF, 0x7D, 0xFF, 0xBF, 0xFF, 0xFF, 0xFF, 0xFB, 0xBF, 0xFF, 0x7F, 0xBD, 0xFF, 0xFF,
    0xFB, 0xFF, 0xE2, 0xF8, 0x00, 0x00, 0xFF, 0x41, 0x2B, 0xBF, 0xFF, 0xFF, 0xFF, 0xFF, 0xFF, 0xFF,
    0xFF, 0xFF, 0xFF, 0xFF, 0xFF, 0xFF, 0xFB, 0x7F, 0xF7, 0xFE, 0xD0, 0x56, 0x1F, 0xC9, 0xC5, 0x55,
    0x55, 0x55, 0x55, 0x55, 0x55, 0x55, 0x55, 0x4A, 0xAA, 0xA9, 0x2A, 0x55, 0x55, 0x52, 0xA9, 0x55,
    0x52, 0x55, 0x4A, 0xA5, 0x49, 0x29, 0x4A, 0x92, 0xA4, 0xAA, 0xA9, 0x51, 0x24, 0xD4, 0x92, 0x44,
    0xA8, 0x92, 0xA2, 0x94, 0x48, 0x95, 0x2A, 0x3B, 0xFD, 0x00, 0x01, 0x6B, 0xC3, 0xC7, 0xFF, 0xF7,
    0xFF, 0xFF, 0xFF, 0xFF, 0xFF, 0x77, 0xEF, 0xF7, 0xFD, 0xFF, 0x7F, 0xFF, 0xFF, 0xDF, 0xFF, 0xFB,
    0xFF, 0xFF, 0xEF, 0xEF, 0xDF, 0xFD, 0xD3, 0xDA, 0x00, 0x01, 0x6F, 0xA0, 0x5F, 0x3F, 0xFF, 0xFF,
    0xFF, 0xFF, 0xFF, 0xFF, 0xFF, 0xFF, 0xFF, 0xFF, 0xFF, 0xFF, 0xF9, 0xFF, 0xE3, 0xFB, 0xD0, 0x19,
    0x8F, 0xA3, 0xCA, 0xAA, 0xAA, 0xAA, 0xAA, 0xAA, 0xAA, 0xAA, 0xAA, 0xAA, 0xAA, 0xAA, 0xD5, 0x55,
    0x54, 0xAA, 0x55, 0x55, 0x4A, 0x92, 0xA9, 0x52, 0xAA, 0xAA, 0x29, 0x55, 0x52, 0x54, 0xA5, 0x2A,
    0x92, 0x2A, 0xA9, 0x55, 0x15, 0x55, 0x14, 0xA2, 0xA5, 0x22, 0x40, 0x79, 0xFE, 0x00, 0x05, 0x55,
    0xD1, 0xC7, 0xFF, 0xFF, 0xDD, 0xDF, 0xEF, 0xBF, 0x7F, 0xFF, 0xFF, 0xFF, 0xDF, 0xFF, 0xFF, 0x7F,
    0xFD, 0xFF, 0xFB, 0xBF, 0xFE, 0xFF, 0xBF, 0x7D, 0xFF, 0xFF, 0xE2, 0xFD, 0x01, 0x08, 0xFF, 0xC8,
    0xAB, 0xBF, 0xFF, 0xFF, 0xFF, 0xFF, 0xFF, 0xFF, 0xFF, 0xFF, 0xFF, 0xFF, 0xFF, 0xFF, 0xFB, 0xFF,
    0xF7, 0xFF, 0xA0, 0x00, 0xC7, 0xC1, 0xCA, 0xAA, 0xAA, 0xAA, 0xAA, 0xAA, 0xA9, 0x4A, 0x92, 0x55,
    0x55, 0x55, 0x29, 0x54, 0xAA, 0xAA, 0xAA, 0xA9, 0x35, 0x55, 0x25, 0x2A, 0x55, 0x55, 0x55, 0x24,
    0x95, 0x4A, 0x92, 0x95, 0x55, 0x44, 0x95, 0x52, 0xA4, 0x90, 0xAA, 0x54, 0x90, 0x94, 0x95, 0x39,
    0xFD, 0x80, 0x35, 0xFF, 0xC2, 0xC7, 0xFD, 0xDF, 0x7F, 0xFE, 0xFE, 0xFB, 0xFD, 0xFF, 0x7E, 0xFF,
    0xFF, 0xFF, 0xFF, 0xEE, 0xF7, 0xFF, 0xFF, 0xFF, 0xFF, 0xFF, 0xFD, 0xFF, 0xFF, 0xED, 0xD3, 0xD7,
    0x0E, 0x95, 0x6D, 0xA0, 0x2F, 0xBF, 0xFF, 0xFF, 0xFF, 0xFF, 0xFF, 0xFF, 0xFF, 0xFF, 0xFF, 0xFF,
    0xFF, 0xFF, 0xFB, 0xEE, 0xF3, 0xFF, 0x41, 0x04, 0xC7, 0xC3, 0xCA, 0xAA, 0xAA, 0xAA, 0xAA, 0xAA,
    0xAA, 0xAA, 0xAA, 0xAA, 0xA5, 0x55, 0x55, 0x52, 0x95, 0x55, 0x52, 0x4A, 0xA9, 0x2A, 0xAA, 0xA9,
    0x49, 0x24, 0xA4, 0xAA, 0x55, 0x24, 0x49, 0x52, 0x54, 0xAA, 0x52, 0x24, 0x52, 0x4A, 0x91, 0x0A,
    0x4A, 0x49, 0x24, 0x39, 0xFE, 0x03, 0xAE, 0xFF, 0xC1, 0xC7, 0x6F, 0xFF, 0xFF, 0xFF, 0xFF, 0xFF,
    0xFF, 0xFF, 0xFF, 0xFE, 0xFB, 0xFB, 0xEF, 0xFF, 0xDF, 0xFE, 0xFF, 0xFF, 0xF7, 0xF6, 0xFF, 0xFF,
    0xBB, 0xBF, 0xE3, 0x7F, 0xC3, 0x1E, 0xFF, 0x81, 0x57, 0x3F, 0xFF, 0xFF, 0xFF, 0xFF, 0xFF, 0xFF,
    0xFF, 0xFF, 0xFF, 0xFF, 0xFF, 0xFF, 0xFB, 0xFF, 0xE7, 0xFE, 0x82, 0x80, 0xB1, 0xC9, 0xC5, 0x55,
    0x55, 0x55, 0x55, 0x55, 0x55, 0x55, 0x55, 0x55, 0x2A, 0xAA, 0xA5, 0x55, 0x55, 0x29, 0x4A, 0xAA,
    0x94, 0xA4, 0x95, 0x4A, 0xAA, 0x95, 0x52, 0xAA, 0xA4, 0xAA, 0xAA, 0x49, 0x2A, 0x92, 0xA9, 0x49,
    0x2A, 0xA9, 0x4A, 0xA2, 0xA5, 0x24, 0x92, 0x3B, 0xFD, 0xAC, 0xDF, 0xFF, 0xD3, 0xCB, 0xFF, 0xFF,
    0xFF, 0x77, 0xF7, 0xFF, 0xF7, 0xF7, 0xFF, 0xDB, 0xFF, 0xDF, 0xBE, 0xFF, 0xFF, 0xDB, 0xEF, 0xEE,
    0xFF, 0xFF, 0xFF, 0xF7, 0xFF, 0xFD, 0xD3, 0xFB, 0x61, 0xAF, 0xB7, 0xD0, 0x2D, 0xBF, 0xFF, 0xFF,
    0xFF, 0xFF, 0xFF, 0xFF, 0xFF, 0xFF, 0xFF, 0xFF, 0xFF, 0xFF, 0xFB, 0xFF, 0xF3, 0xFE, 0x13, 0x40,
    0xD3, 0xC3, 0xCA, 0xAA, 0xAA, 0xAA, 0xAA, 0xAA, 0xAA, 0xA4, 0xAA, 0xAA, 0xAA, 0xA5, 0x55, 0x2A,
    0xAA, 0xA5, 0x2A, 0xA9, 0x55, 0x55, 0x54, 0xAA, 0xA5, 0x55, 0x2A, 0x92, 0x92, 0x95, 0x55, 0x2A,
    0xA9, 0x4A, 0x4A, 0x55, 0x49, 0x14, 0x24, 0x54, 0x10, 0x92, 0x48, 0x79, 0xFE, 0xB7, 0xFF, 0xEF,
    0xC1, 0xC7, 0xFF, 0xFB, 0xFB, 0xFF, 0xDF, 0xFF, 0xFF, 0xDF, 0xF7, 0xFF, 0xEF, 0xFF, 0xFF, 0xEE,
    0xFF, 0xFF, 0xFE, 0xFF, 0xFF, 0xBF, 0xEF, 0xBE, 0xFF, 0xFF, 0xE2, 0xDF, 0xF8, 0x9D, 0xFF, 0xA1,
    0x5B, 0xBF, 0xFF, 0xFF, 0xFF, 0xFF, 0xFF, 0xFF, 0xFF, 0xFF, 0xFF, 0xFF, 0xFF, 0xFF, 0xFB, 0xBF,
    0xF7, 0xFA, 0x6C, 0x30, 0xA1, 0xA3, 0xCA, 0xAA, 0x55, 0x55, 0x55, 0x55, 0x55, 0x55, 0x54, 0xA9,
    0x55, 0x54, 0xAA, 0xAA, 0xA9, 0x55, 0x55, 0x25, 0x55, 0x2A, 0x4A, 0x95, 0x54, 0xA9, 0x54, 0xAA,
    0x55, 0x52, 0x24, 0xA5, 0x2A, 0x29, 0x25, 0x22, 0x54, 0xA3, 0x52, 0x92, 0xCA, 0xA9, 0x25, 0x31,
    0xFF, 0x7B, 0xFF, 0xFF, 0xD3, 0xC7, 0xFE, 0xEF, 0xBF, 0xFF, 0x7F, 0xBB, 0xBF, 0xFF, 0x7F, 0xFF,
    0xFF, 0xFF, 0xFF, 0xFF, 0xFE, 0xFF, 0xFF, 0xFF, 0xDE, 0xFF, 0xFE, 0xFF, 0xED, 0xFD, 0xD3, 0xF6,
    0xDC, 0x1F, 0x6F, 0x88, 0x2F, 0xBF, 0xFF, 0xFF, 0xFF, 0xFF, 0xFF, 0xFF, 0xFF, 0xFF, 0xFF, 0xFF,
    0xFF, 0xFF, 0xFB, 0xFD, 0xE3, 0xFC, 0x6B, 0x38, 0x58, 0xC1, 0xC5, 0x55, 0x54, 0xAA, 0x95, 0x55,
    0x55, 0x55, 0x55, 0x55, 0x55, 0x2A, 0xA9, 0x55, 0x55, 0x2A, 0xAA, 0xAA, 0xA4, 0xA5, 0x55, 0x52,
    0x4A, 0x95, 0x4A, 0x49, 0x54, 0x95, 0x52, 0x92, 0x91, 0x45, 0x52, 0x95, 0x22, 0x48, 0x8A, 0x49,
    0x29, 0x04, 0x92, 0x3B, 0xFF, 0xFF, 0xFF, 0x7D, 0xC1, 0xC7, 0xDB, 0xFF, 0xFF, 0xFF, 0xFF, 0xFF,
    0xFF, 0xFF, 0xFF, 0x7F, 0x7E, 0xFB, 0x7B, 0xFF, 0xFB, 0xFF, 0xFF, 0xFF, 0xFF, 0xFB, 0xBF, 0xFF,
    0xFF, 0xDF, 0xE2, 0xDF, 0xF6, 0x15, 0xFD, 0xD0, 0xAD, 0xBF, 0xFF, 0xFF, 0xFF, 0xFF, 0xFF, 0xFF,
    0xFF, 0xFF, 0xFF, 0xFF, 0xFF, 0xFF, 0xFB, 0xF7, 0xF7, 0xFC, 0x4E, 0x08, 0x11, 0xCB, 0xCA, 0xA5,
    0x55, 0x55, 0x54, 0xAA, 0xAA, 0xAA, 0xAA, 0xAA, 0xAA, 0xAA, 0xA5, 0x4A, 0xA5, 0x55, 0x54, 0xAA,
    0x55, 0x54, 0xA9, 0x2A, 0xAA, 0x52, 0xA5, 0x2A, 0xA5, 0x52, 0xAA, 0x54, 0x55, 0x29, 0x28, 0x52,
    0x95, 0x2A, 0x51, 0x24, 0x84, 0xAA, 0x48, 0x39, 0xFF, 0xFF, 0xFD, 0xFF, 0xC3, 0xC7, 0xFF, 0xFF,
    0xFF, 0x7B, 0xFE, 0xFF, 0xFF, 0x7F, 0xFF, 0xFF, 0xFF, 0xEF, 0xFF, 0xBF, 0xBF, 0xF7, 0x7F, 0xDB,
    0xFB, 0xFF, 0xFB, 0xF7, 0x7F, 0xFD, 0xD3, 0xFB, 0x7F, 0x9F, 0xB7, 0xA0, 0x37, 0xBF, 0xFF, 0xFF,
    0xFF, 0xFF, 0xFF, 0xFF, 0xFF, 0xFF, 0xFF, 0xFF, 0xFF, 0xFF, 0xFB, 0x7F, 0xF3, 0xFD, 0x07, 0x08,
    0x18, 0xC1, 0xCA, 0xAA, 0xAA, 0xAA, 0xAA, 0xA5, 0x55, 0x49, 0x55, 0x52, 0xAA, 0xAA, 0x9A, 0xAA,
    0x55, 0x55, 0x52, 0x95, 0x4A, 0xAA, 0x94, 0xA9, 0x52, 0xAA, 0x55, 0x54, 0x94, 0x94, 0x49, 0x4A,
    0x94, 0xAA, 0x85, 0x48, 0x48, 0x92, 0x95, 0x52, 0x55, 0x21, 0x25, 0x39, 0xEF, 0xFF, 0xFF, 0xFF,
    0xD1, 0xC7, 0xFF, 0xFD, 0xDB, 0xFF, 0xFF, 0xFF, 0xFD, 0xFD, 0xFB, 0xFB, 0xFF, 0xFF, 0xFF, 0xFD,
    0xFF, 0xDF, 0xF7, 0x7F, 0x7F, 0xEF, 0xFF, 0xFF, 0xFF, 0x7F, 0xE2, 0xDF, 0xDB, 0xDE, 0xFF, 0x81,
    0x5B, 0x3F, 0xFF, 0xFF, 0xFF, 0xFF, 0xFF, 0xFF, 0xFF, 0xFF, 0xFF, 0xFF, 0xFF, 0xFF, 0xFB, 0xFF,
    0xE7, 0xEC, 0xD5, 0x00, 0x11, 0xC3, 0xCA, 0xAA, 0xA5, 0x52, 0xAA, 0xAA, 0xAA, 0x55, 0x55, 0x4A,
    0x52, 0xAA, 0xA5, 0x55, 0x55, 0x49, 0x2A, 0xAA, 0xA9, 0x25, 0x4A, 0x95, 0x2A, 0x95, 0x29, 0x25,
    0x52, 0x4A, 0xA5, 0x29, 0x52, 0xA4, 0x55, 0x25, 0x55, 0x49, 0x48, 0x89, 0x22, 0x54, 0x92, 0x3B,
    0xFF, 0xFF, 0xFF, 0xFF, 0xC3, 0xC7, 0xBF, 0xB7, 0xFF, 0xFF, 0xF7, 0xF7, 0xF7, 0xFF, 0xEF, 0xFF,
    0xEF, 0xBF, 0xDF, 0xF7, 0xFF, 0xFF, 0xFF, 0xFF, 0xFF, 0xFE, 0xEF, 0xBF, 0xED, 0xFD, 0xD3, 0xF1,
    0x7E, 0xF7, 0xDF, 0xD0, 0x2F, 0xBF, 0xFF, 0xFF, 0xFF, 0xFF, 0xFF, 0xFF, 0xFF, 0xFF, 0xFF, 0xFF,
    0xFF, 0xFF, 0xFB, 0xFF, 0xF3, 0xFD, 0xAF, 0x00, 0x18, 0xD3, 0xC5, 0x2A, 0x55, 0x2A, 0xAA, 0xAA,
    0xAA, 0xAA, 0x95, 0xB5, 0x4A, 0x95, 0x54, 0xAA, 0xAA, 0xAA, 0xA9, 0x54, 0xAA, 0x94, 0xAA, 0x52,
    0xA9, 0x52, 0x94, 0xA9, 0x29, 0x51, 0x14, 0xA4, 0x94, 0x92, 0xA8, 0xA9, 0x22, 0x2A, 0x25, 0x24,
    0x94, 0x8A, 0x48, 0x39, 0xFF, 0xDF, 0xFF, 0xF7, 0xC1, 0xC7, 0xFE, 0xFF, 0xFF, 0xEF, 0x7F, 0xFF,
    0x7F, 0xFF, 0xFF, 0xEF, 0xFE, 0xFF, 0x7D, 0xDF, 0xEE, 0xFF, 0x7F, 0xFF, 0xFE, 0xFF, 0xFF, 0xFB,
    0xBF, 0xF7, 0xE3, 0x78, 0xDB, 0xBD, 0xF7, 0x41, 0x57, 0xBF, 0xFF, 0xFF, 0xFF, 0xFF, 0xFF, 0xFF,
    0xFF, 0xFF, 0xFF, 0xFF, 0xFF, 0xFF, 0xFB, 0xDF, 0xF7, 0xFD, 0xFA, 0x00, 0x09, 0xC1, 0xCA, 0xA9,
    0x54, 0xAA, 0x55, 0x55, 0x55, 0x55, 0x55, 0x55, 0x2A, 0x52, 0x55, 0x52, 0xA5, 0x2A, 0x95, 0x2A,
    0x95, 0x52, 0xA5, 0x55, 0x4A, 0xA9, 0x52, 0xA4, 0x95, 0x2A, 0xAA, 0x95, 0x52, 0xA9, 0x12, 0x94,
    0x95, 0x44, 0x92, 0xAA, 0x49, 0x21, 0x24, 0x79, 0xFF, 0xFF, 0x77, 0xFF, 0xD3, 0xC7, 0xF7, 0xFF,
    0xBF, 0xBF, 0xFF, 0xDF, 0xFF, 0xF7, 0xFF, 0xFF, 0xBF, 0xFD, 0xFF, 0xFF, 0xFF, 0xFD, 0xFF, 0xFB,
    0xDB, 0xF7, 0xFD, 0xFF, 0xFF, 0xFF, 0xD3, 0xD0, 0x17, 0xEF, 0x5F, 0xA8, 0x2D, 0xBF, 0xFF, 0xFF,
    0xFF, 0xFF, 0xFF, 0xFF, 0xFF, 0xFF, 0xFF, 0xFF, 0xFF, 0xFF, 0xFB, 0x7D, 0xE3, 0xFC, 0x5F, 0x00,
    0x10, 0xC3, 0xCA, 0xAA, 0xAA, 0xAA, 0xA5, 0x55, 0x52, 0xA4, 0xAA, 0xAA, 0xAA, 0xAA, 0xAA, 0x95,
    0x2A, 0xA4, 0xAA, 0xA5, 0x4A, 0xAA, 0x55, 0x52, 0x55, 0x25, 0x2A, 0x95, 0x4A, 0x94, 0x91, 0x54,
    0x95, 0x24, 0xA5, 0x4A, 0x51, 0x29, 0x54, 0x21, 0x24, 0x94, 0x92, 0x39, 0xFF, 0xFF, 0xFF, 0xFF,
    0xC1, 0xC7, 0xDF, 0xFF, 0xFB, 0xFF, 0xFF, 0x7F, 0xFF, 0xFF, 0xFF, 0xBF, 0xFF, 0xFF, 0xFF, 0xFF,
    0x7F, 0xEF, 0xF6, 0xDF, 0xFF, 0xFF, 0xBF, 0xDF, 0xFF, 0xDD, 0xE2, 0xFC, 0x05, 0xBD, 0xFF, 0xC0,
    0xB7, 0xBF, 0xFF, 0xFF, 0xFF, 0xFF, 0xFF, 0xFF, 0xFF, 0xFF, 0xFF, 0xFF, 0xFF, 0xFF, 0xFB, 0xFF,
    0xF7, 0xFF, 0x2A, 0x80, 0x11, 0xC9, 0xCA, 0xAA, 0xAA, 0xAA, 0xAA, 0x54, 0xAA, 0x95, 0x55, 0x2A,
    0xAA, 0xAA, 0x92, 0x55, 0x54, 0xAA, 0xA4, 0x94, 0xA9, 0x4A, 0xA9, 0x4A, 0xA4, 0x95, 0x49, 0x54,
    0xA4, 0x52, 0x4A, 0x4A, 0x51, 0x52, 0x92, 0x22, 0x8A, 0x94, 0x49, 0x4A, 0x92, 0x4A, 0x4A, 0x3B,
    0xFF, 0xFF, 0x7F, 0xDD, 0xC3, 0xC7, 0x7F, 0xFB, 0xFF, 0xFF, 0xFB, 0xFF, 0xFF, 0xFF, 0xBE, 0xFF,
    0xFF, 0xFF, 0xFB, 0xFD, 0xFB, 0xBF, 0xFF, 0xFF, 0xFF, 0xDF, 0xF7, 0xFD, 0xEE, 0xFF, 0xD3, 0xF7,
    0x40, 0xF7, 0xED, 0xA0, 0x5F, 0x3F, 0xFF, 0xFF, 0xFF, 0xFF, 0xFF, 0xFF, 0xFF, 0xFF, 0xFF, 0xFF,
    0xFF, 0xFF, 0xFB, 0xFF, 0xF3, 0xFE, 0x3F, 0x00, 0x23, 0xC3, 0xC5, 0x2A, 0xAA, 0xA5, 0x55, 0x55,
    0x55, 0x55, 0x4A, 0xAA, 0xA9, 0x4A, 0x55, 0x52, 0xAA, 0xAA, 0x55, 0x55, 0x55, 0x29, 0x45, 0x2A,
    0x95, 0x54, 0xA5, 0x2A, 0x95, 0x55, 0x55, 0x22, 0x94, 0x8A, 0x49, 0x14, 0xA4, 0x49, 0x24, 0xA4,
    0x49, 0x21, 0x20, 0x79, 0xFF, 0xFD, 0x1F, 0xFF, 0xD1, 0xC7, 0xFF, 0xDF, 0xBF, 0xFB, 0xBF, 0xFE,
    0xF7, 0xBF, 0xFB, 0xFF, 0xF7, 0x6F, 0xFF, 0xB7, 0xFF, 0xFF, 0xDF, 0xFE, 0xFF, 0xFE, 0xFF, 0x7F,
    0xBF, 0xFD, 0xE3, 0x7F, 0xA0, 0x1E, 0xBF, 0x91, 0x2B, 0xBF, 0xFF, 0xFF, 0xFF, 0xFF, 0xFF, 0xFF,
    0xFF, 0xFF, 0xFF, 0xFF, 0xFF, 0xFF, 0xFB, 0xF7, 0xE7, 0xFF, 0x15, 0x80, 0x23, 0xC3, 0xCA, 0xAA,
    0x95, 0x55, 0x55, 0x55, 0x4A, 0xAA, 0xAA, 0xAA, 0xAA, 0xA9, 0x55, 0x4A, 0x52, 0xA9, 0x55, 0x52,
    0x94, 0xA5, 0x2A, 0xAA, 0x54, 0xAA, 0xAA, 0xA4, 0x52, 0xA4, 0x91, 0x54, 0x55, 0x52, 0xAA, 0xA9,
    0x2A, 0xA4, 0x92, 0x12, 0xA4, 0x94, 0x95, 0x32, 0xFB, 0xFE, 0x3F, 0xFF, 0xC3, 0xC7, 0xFE, 0xFF,
    0xFD, 0xDF, 0xFF, 0xFB, 0xFF, 0xFE, 0xFF, 0xFF, 0x7F, 0xFF, 0xBF, 0xFF, 0xEF, 0xFE, 0xFF, 0xFB,
    0xEF, 0xFF, 0xFF, 0xF7, 0xFF, 0xFF, 0xD3, 0xDB, 0xFA, 0x03, 0xFF, 0xC0, 0x57, 0xBF, 0xFF, 0xFF,
    0xFF, 0xFF, 0xFF, 0xFF, 0xFF, 0xFF, 0xFF, 0xFF, 0xFF, 0xFF, 0xFB, 0xBF, 0xF3, 0xFB, 0xBE, 0xD0,
    0xC7, 0xA1, 0xCA, 0xA5, 0x52, 0xAA, 0xAA, 0xAA, 0xAA, 0xAA, 0x55, 0x55, 0x4A, 0x55, 0x4A, 0xAA,
    0xAA, 0xA5, 0x49, 0x55, 0x52, 0xAA, 0xAA, 0x55, 0x52, 0x92, 0x52, 0x52, 0xA9, 0x12, 0x4A, 0x8A,
    0x94, 0xA9, 0x10, 0x44, 0x91, 0x29, 0x49, 0x49, 0x12, 0x4A, 0x48, 0x39, 0xFF, 0xFE, 0x7F, 0xFF,
    0xC1, 0xC7, 0xFB, 0xFE, 0xF7, 0xFF, 0xFF, 0xFF, 0xFF, 0xFF, 0xFF, 0xFD, 0xFF, 0xFE, 0xFD, 0xFF,
    0xFF, 0xFB, 0xFF, 0x6F, 0xFE, 0xFF, 0xFB, 0xFF, 0xFB, 0xB5, 0xE2, 0xFE, 0xFD, 0x00, 0xD7, 0x51,
    0x2F, 0x3F, 0xFF, 0xFF, 0xFF, 0xFF, 0xFF, 0xFF, 0xFF, 0xFF, 0xFF, 0xFF, 0xFF, 0xFF, 0xFB, 0xFF,
    0xE7, 0xFF, 0xD7, 0xEB, 0x4F, 0xC3, 0xC9, 0x55, 0x55, 0x2A, 0x55, 0x52, 0x55, 0x55, 0x54, 0x92,
    0x55, 0x4A, 0xA9, 0x2A, 0x95, 0x2A, 0xAA, 0x94, 0x95, 0x54, 0x95, 0x49, 0x2A, 0x55, 0x49, 0x2A,
    0x84, 0xCA, 0xA4, 0x51, 0x4A, 0x14, 0xAB, 0x2A, 0xA4, 0x84, 0x24, 0xA4, 0xA9, 0x21, 0x24, 0x3B,
    0xFF, 0xFF, 0x1B, 0x5B, 0xD2, 0xC7, 0xEF, 0xFB, 0xFF, 0xFF, 0xDD, 0xDF, 0xFF, 0xFF, 0xFF, 0xFF,
    0xFD, 0xFF, 0xFF, 0xFF, 0xFE, 0xEF, 0xFB, 0xFF, 0xFF, 0xFF, 0xDF, 0xBD, 0xDF, 0xFF, 0xD3, 0xEF,
    0xAF, 0xC0, 0xFF, 0xC0, 0x5B, 0xBF, 0xFF, 0xFF, 0xFF, 0xFF, 0xFF, 0xFF, 0xFF, 0xFF, 0xFF, 0xFF,
    0xFF, 0xFF, 0xFB, 0xFF, 0xF7, 0xFF, 0xFA, 0xBE, 0x9F, 0xC9, 0xC5, 0x2A, 0x4A, 0xA9, 0x52, 0x4A,
    0xAA, 0x92, 0xAA, 0xAA, 0xA9, 0x54, 0xAA, 0xAA, 0x52, 0xAA, 0x54, 0xAA, 0xAA, 0x4A, 0xA4, 0xA5,
    0x49, 0x52, 0xAA, 0x92, 0x55, 0x29, 0x2A, 0xAA, 0x55, 0x49, 0x04, 0x91, 0x15, 0x52, 0xAA, 0x12,
    0x44, 0x94, 0x92, 0x79, 0xFF, 0xFF, 0x09, 0x1F, 0xC1, 0xC7, 0xFF, 0xFF, 0xFF, 0xFB, 0x7F, 0xFF,
    0xFD, 0xF7, 0xFF, 0xBF, 0xEF, 0xEF, 0xFF, 0xDD, 0xDF, 0xFF, 0xEF, 0xFF, 0xBF, 0xEE, 0xFF, 0xFF,
    0xFF, 0xFF, 0xE3, 0xBB, 0xFF, 0x79, 0x7D, 0xA1, 0x2F, 0xBF, 0xFF, 0xFF, 0xFF, 0xFF, 0xFF, 0xFF,
    0xFF, 0xFF, 0xFF, 0xFF, 0xFF, 0xFF, 0xFB, 0x77, 0xF3, 0xFF, 0xEF, 0xEA, 0x3F, 0xA3, 0xCA, 0xA9,
    0x55, 0x55, 0x4A, 0xAA, 0xA9, 0x55, 0x52, 0xAA, 0xA5, 0x52, 0x95, 0x49, 0x54, 0x92, 0xA5, 0x52,
    0x52, 0xA9, 0x55, 0x2A, 0xAA, 0x94, 0x95, 0x49, 0x52, 0xA4, 0x91, 0x05, 0x25, 0x54, 0xB2, 0x4A,
    0x48, 0x4A, 0x89, 0x49, 0x29, 0x24, 0x48, 0x39, 0xFF, 0xFE, 0x00, 0x1F, 0xC3, 0xCB, 0xFF, 0xEF,
    0xFF, 0x6F, 0xFF, 0xFF, 0xDF, 0xFF, 0xEE, 0xFF, 0xFF, 0xFF, 0xEF, 0x7F, 0xFF, 0xFF, 0xFF, 0xFE,
    0xFB, 0xFF, 0xFF, 0xF7, 0xFE, 0xED, 0xD2, 0xFE, 0xF7, 0xFF, 0xD7, 0xC8, 0x57, 0x3F, 0xFF, 0xFF,
    0xFF, 0xFF, 0xFF, 0xFF, 0xFF, 0xFF, 0xFF, 0xFF, 0xFF, 0xFF, 0xFB, 0xFF, 0xE7, 0xFF, 0xFD, 0x55,
    0xFD, 0xC1, 0xCA, 0xA5, 0x55, 0x4A, 0xAA, 0xAA, 0xAA, 0xAA, 0xAA, 0x55, 0x2A, 0xAA, 0xA4, 0xAA,
    0xAA, 0xAA, 0x95, 0x2A, 0xAA, 0x54, 0x92, 0xA9, 0x25, 0x52, 0x48, 0xA5, 0x2A, 0x55, 0x4A, 0x68,
    0x94, 0x92, 0x49, 0x29, 0x25, 0x29, 0x24, 0xA4, 0x84, 0x92, 0x92, 0x3B, 0xFF, 0xFF, 0x00, 0x1F,
    0xD1, 0xC7, 0xDF, 0xBF, 0xDF, 0xFF, 0xFF, 0xFF, 0xFF, 0xFF, 0xFF, 0xFB, 0xFF, 0xBE, 0xFD, 0xFF,
    0xFD, 0xDF, 0x7F, 0xDF, 0xFF, 0xBF, 0xFB, 0x7F, 0x77, 0xFF, 0xE3, 0xEF, 0xBD, 0xDE, 0xFF, 0xA0,
    0xAD, 0xBF, 0xFF, 0xFF, 0xFF, 0xFF, 0xFF, 0xFF, 0xFF, 0xFF, 0xFF, 0xFF, 0xFF, 0xFF, 0xFB, 0xFF,
    0xF3, 0xFF, 0xFF, 0xDB, 0xFF, 0xC3, 0xC5, 0x55, 0x52, 0x55, 0x55, 0x55, 0x55, 0x29, 0x4A, 0xA4,
    0xAA, 0x4A, 0xAA, 0x95, 0x55, 0x54, 0xAA, 0x95, 0x25, 0x4A, 0xAA, 0x4A, 0x94, 0x95, 0x55, 0x2A,
    0x89, 0x12, 0x25, 0x12, 0xAA, 0x49, 0x24, 0xA4, 0xA9, 0x44, 0x92, 0x15, 0x52, 0x49, 0x24, 0x79,
    0xFF, 0xEE, 0x95, 0x5F, 0xC3, 0xC7, 0xFE, 0xFF, 0xFF, 0xFF, 0xFE, 0xFB, 0xFF, 0xFF, 0x7F, 0xFF,
    0xFF, 0xFF, 0xFF, 0xFE, 0xFF, 0xFD, 0xFE, 0xFB, 0xFF, 0xFF, 0xEF, 0xFF, 0xFF, 0xFD, 0xD3, 0xB9,
    0x77, 0xFB, 0xBF, 0x80, 0x37, 0xBF, 0xFF, 0xFF, 0xFF, 0xFF, 0xFF, 0xFF, 0xFF, 0xFF, 0xFF, 0xFF,
    0xFF, 0xFF, 0xFB, 0xDE, 0xE7, 0xF7, 0xFF, 0xFF, 0xFF, 0xC9, 0xCA, 0x54, 0xAA, 0xAA, 0xAA, 0xAA,
    0xA4, 0xA5, 0x25, 0x55, 0x52, 0xAA, 0x55, 0x55, 0x24, 0x8A, 0xA4, 0xA8, 0xAA, 0xA5, 0x49, 0x54,
    0xAA, 0x4A, 0x44, 0xA4, 0x54, 0xA9, 0x50, 0xA9, 0x0A, 0xA4, 0x92, 0x92, 0x44, 0x92, 0x49, 0x48,
    0x29, 0x24, 0x92, 0x32, 0xFF, 0xFF, 0xBF, 0xDF, 0xC1, 0xC7, 0xFB, 0xFF, 0xFB, 0xFF, 0xFB, 0xEF,
    0xFF, 0xDF, 0xFF, 0xFF, 0xBB, 0xFB, 0xFF, 0xF7, 0xEF, 0xFF, 0xFB, 0xFF, 0xEE, 0xFB, 0xBF, 0xF7,
    0xDF, 0xBF, 0xE2, 0xFC, 0x9F, 0x6F, 0xF7, 0xD2, 0x9F, 0x3F, 0xFF, 0xFF, 0xFF, 0xFF, 0xFF, 0xFF,
    0xFF, 0xFF, 0xFF, 0xFF, 0xFF, 0xFF, 0xFB, 0x7F, 0xF3, 0xFF, 0xF6, 0xD0, 0x7F, 0xA3, 0xC9, 0x4A,
    0x95, 0x55, 0x55, 0x49, 0x55, 0x55, 0x55, 0x2A, 0xAA, 0xA9, 0x4A, 0x52, 0xAA, 0xA4, 0x95, 0x56,
    0xA9, 0x2A, 0x55, 0x4A, 0x49, 0x52, 0xAA, 0x92, 0xA2, 0x94, 0x8A, 0x94, 0xA9, 0x12, 0x49, 0x29,
    0x2A, 0x49, 0x24, 0xA5, 0x84, 0x92, 0x48, 0x39, 0xFF, 0xFF, 0xFF, 0xFF, 0xD3, 0xC7, 0xEF, 0xFE,
    0xFF, 0xBF, 0xDF, 0xFF, 0xFF, 0x7F, 0xFF, 0xFF, 0xFF, 0xEF, 0xDF, 0xFF, 0xFF, 0x77, 0xEF, 0xFF,
    0xFF, 0xFF, 0xFF, 0xDF, 0x7E, 0xFD, 0xD3, 0xF4, 0x3D, 0xFE, 0xFF, 0x40, 0x55, 0xBF, 0xFF, 0xFF,
    0xFF, 0xFF, 0xFF, 0xFF, 0xFF, 0xFF, 0xFF, 0xFF, 0xFF, 0xFF, 0xFB, 0xFF, 0xF7, 0xFF, 0xDA, 0x3E,
    0xAF, 0xC1, 0xC5, 0x2A, 0xAA, 0xAA, 0x54, 0xAA, 0x95, 0x54, 0xAA, 0xA5, 0x4A, 0x4A, 0xA9, 0x4A,
    0x52, 0x55, 0x55, 0x49, 0x25, 0x52, 0xAA, 0x51, 0x55, 0x29, 0x24, 0xAA, 0x4A, 0x42, 0x55, 0x45,
    0x54, 0xA9, 0x24, 0x85, 0x49, 0x2A, 0x52, 0x28, 0x52, 0x49, 0x25, 0x3B, 0xFD, 0xFF, 0xCF, 0xBE,
    0xC1, 0xCB, 0xBF, 0xFF, 0xFF, 0xFB, 0xFF, 0xFF, 0xDD, 0xFF, 0xFB, 0xBF, 0xFF, 0x7F, 0xFD, 0xBF,
    0xBF, 0xFF, 0xFF, 0xEF, 0x7F, 0xEF, 0xFF, 0x7F, 0xFF, 0xF7, 0xE3, 0xDA, 0x5F, 0xF7, 0xDD, 0xD0,
    0x2F, 0xBF, 0xFF, 0xFF, 0xFF, 0xFF, 0xFF, 0xFF, 0xFF, 0xFF, 0xFF, 0xFF, 0xFF, 0xFF, 0xFB, 0xFB,
    0xE3, 0xFF, 0xE8, 0x17, 0x1F, 0xC3, 0xCA, 0xA9, 0x54, 0x95, 0x52, 0xAA, 0x55, 0x25, 0x54, 0xAA,
    0xA9, 0x55, 0x55, 0x55, 0x4A, 0xA9, 0x2A, 0x54, 0xAA, 0x94, 0x92, 0xAA, 0x92, 0xA5, 0x52, 0x95,
    0x29, 0x2A, 0x88, 0x2A, 0x45, 0x24, 0x92, 0x68, 0x24, 0x91, 0x09, 0x45, 0x29, 0x44, 0x92, 0x39,
    0xFF, 0xFF, 0x07, 0x7F, 0xD1, 0xC7, 0xFF, 0xF7, 0xEF, 0xFF, 0xFF, 0xFF, 0xFF, 0xFE, 0xFF, 0xFD,
    0xDF, 0xFF, 0xFF, 0xFB, 0xFD, 0xFF, 0xBF, 0xBF, 0xFB, 0xFE, 0xFB, 0xFF, 0xFB, 0xFF, 0xD2, 0xFD,
    0x77, 0x7F, 0xFF, 0xA1, 0x5B, 0xBF, 0xFF, 0xFF, 0xFF, 0xFF, 0xFF, 0xFF, 0xFF, 0xFF, 0xFF, 0xFF,
    0xFF, 0xFF, 0xFB, 0xEF, 0xF7, 0xFF, 0x41, 0xCD, 0x87, 0xA3, 0xCA, 0xAA, 0xAA, 0xA9, 0x4D, 0x55,
    0x52, 0xAA, 0xA5, 0x55, 0x2A, 0xA9, 0x25, 0x29, 0x2A, 0x94, 0xA5, 0x4A, 0x92, 0x52, 0xAA, 0x4A,
    0x49, 0x2A, 0x2A, 0x48, 0x94, 0xA9, 0x25, 0x52, 0xA8, 0x92, 0x55, 0x12, 0x92, 0x4A, 0xA4, 0x92,
    0x84, 0xAA, 0x20, 0x39, 0xFF, 0xFE, 0x07, 0x9F, 0xC3, 0xC7, 0xFF, 0xDF, 0xFE, 0xFF, 0xBF, 0xFF,
    0xFF, 0xFF, 0xFF, 0xFF, 0xFD, 0xFE, 0xF7, 0xFF, 0xFF, 0xDF, 0xFE, 0xFF, 0xEF, 0xBF, 0xEF, 0xFD,
    0xEF, 0xDD, 0xE3, 0xED, 0x3D, 0xDD, 0xB7, 0xC0, 0x2F, 0x3F, 0xFF, 0xFF, 0xFF, 0xFF, 0xFF, 0xFF,
    0xFF, 0xFF, 0xFF, 0xFF, 0xFF, 0xFF, 0xFB, 0x7F, 0xF3, 0xFF, 0x83, 0x4E, 0xC7, 0xC9, 0xC4, 0xA5,
    0x55, 0x55, 0x32, 0x95, 0x55, 0x55, 0x55, 0x24, 0xA5, 0x54, 0xAA, 0xAA, 0xA9, 0x4A, 0xA9, 0x29,
    0x55, 0x4A, 0x49, 0x25, 0x55, 0x52, 0x92, 0xA5, 0x52, 0xA4, 0xAA, 0x89, 0x15, 0x49, 0x28, 0xA5,
    0x49, 0x24, 0x52, 0x48, 0x52, 0x01, 0x15, 0x3B, 0xFF, 0xFE, 0x57, 0x9F, 0xD1, 0xC7, 0xFF, 0x7F,
    0xFF, 0xFF, 0xFF, 0xFE, 0xFF, 0xFF, 0xEF, 0xFF, 0xFF, 0xEF, 0xDF, 0xFF, 0xEF, 0xFB, 0xFB, 0xFD,
    0xFF, 0xFF, 0xFF, 0xF7, 0xFF, 0xFF, 0xD3, 0xBF, 0xF7, 0xFF, 0xFF, 0xA8, 0xAB, 0xBF, 0xFF, 0xFF,
    0xFF, 0xFF, 0xFF, 0xFF, 0xFF, 0xFF, 0xFF, 0xFF, 0xFF, 0xFF, 0xFB, 0xFF, 0xE7, 0xFD, 0x43, 0xCB,
    0xE3, 0xC3, 0xCA, 0x95, 0x55, 0x55, 0x4A, 0x52, 0xAA, 0x52, 0x92, 0xAA, 0xAA, 0x92, 0xA9, 0x4A,
    0x55, 0x29, 0x55, 0x54, 0xA4, 0xAA, 0xA5, 0x54, 0xAA, 0x49, 0x49, 0x29, 0x25, 0x12, 0x41, 0x24,
    0xA4, 0x24, 0x92, 0x90, 0x92, 0x92, 0x89, 0x25, 0x29, 0x54, 0xA2, 0x39, 0xFF, 0xFD, 0x67, 0xCF,
    0xC3, 0xC7, 0xEF, 0xFF, 0x7F, 0xEF, 0xFE, 0xEF, 0xFF, 0xFF, 0xFF, 0xFD, 0xEF, 0xFF, 0xFF, 0x7B,
    0xBF, 0x7F, 0xBF, 0xFF, 0xFF, 0xFB, 0xBF, 0x7F, 0xBF, 0x7D, 0xE2, 0xFB, 0xDF, 0xED, 0xBF, 0x80,
    0x5F, 0xBF, 0xFF, 0xFF, 0xFF, 0xFF, 0xFF, 0xFF, 0xFF, 0xFF, 0xFF, 0xFF, 0xFF, 0xFF, 0xFB, 0xFF,
    0xF3, 0xFE, 0x02, 0xC6, 0xB1, 0xC3, 0xC5, 0x55, 0x2A, 0xAA, 0xAA, 0xAA, 0x95, 0x2A, 0x55, 0x55,
    0x55, 0x55, 0x4A, 0xA9, 0x4A, 0xA5, 0x25, 0x4A, 0x92, 0x92, 0xAA, 0x92, 0x91, 0x2A, 0xAA, 0x4A,
    0x50, 0xA9, 0x2C, 0xAA, 0x4A, 0x95, 0x52, 0x4A, 0x48, 0x48, 0x52, 0x52, 0x84, 0x92, 0x10, 0x79,
    0xFF, 0xFE, 0xE7, 0x9F, 0xD1, 0xC7, 0xBF, 0xFF, 0xFB, 0xFE, 0xFB, 0xFF, 0xFF, 0xF7, 0xFF, 0x77,
    0xBF, 0xBE, 0xFF, 0xEF, 0xFF, 0xFF, 0xFF, 0xF7, 0xBD, 0xEF, 0xFF, 0xFF, 0xFF, 0xFF, 0xD3, 0xFE,
    0xFE, 0xBF, 0xED, 0xD1, 0x2B, 0x3F, 0xFF, 0xFF, 0xFF, 0xFF, 0xFF, 0xFF, 0xFF, 0xFF, 0xFF, 0xFF,
    0xFF, 0xFF, 0xFB, 0xFF, 0xF7, 0xFE, 0x43, 0x80, 0x01, 0xD1, 0xC9, 0x4A, 0xC9, 0x25, 0x55, 0x55,
    0x52, 0xA9, 0x55, 0x52, 0x49, 0x2A, 0xAA, 0x55, 0x54, 0x94, 0xAA, 0x52, 0x4A, 0x54, 0x94, 0xAA,
    0x4A, 0xA9, 0x11, 0x24, 0x8A, 0x4A, 0x92, 0x45, 0x29, 0x48, 0x29, 0x25, 0x25, 0x25, 0x24, 0x88,
    0xAA, 0x49, 0x4A, 0x39, 0xFF, 0xEE, 0x6F, 0x1F, 0xC1, 0xC7, 0xFF, 0xFF, 0xEF, 0xFF, 0xFF, 0xFF,
    0xF7, 0x7F, 0x7F, 0xFF, 0xFF, 0xFF, 0xFD, 0xFF, 0xFD, 0xFE, 0xFF, 0xBF, 0xFF, 0xBF, 0xFB, 0xFE,
    0xFD, 0xF7, 0xE3, 0xB7, 0xEF, 0xFB, 0xBF, 0xA0, 0x5F, 0xBF, 0xFF, 0xFF, 0xFF, 0xFF, 0xFF, 0xFF,
    0xFF, 0xFF, 0xFF, 0xFF, 0xFF, 0xFF, 0xFB, 0x77, 0xE3, 0xFA, 0x00, 0xC0, 0x59, 0xC3, 0xC5, 0x2A,
    0x55, 0x54, 0xA9, 0x24, 0xA9, 0x4A, 0xAA, 0x8A, 0xAA, 0xA5, 0x55, 0x4A, 0xA5, 0x55, 0x55, 0x2A,
    0xAA, 0xAA, 0xA5, 0x25, 0x55, 0x4A, 0x4C, 0xA9, 0x52, 0xA4, 0x49, 0x28, 0x94, 0x52, 0x92, 0x48,
    0x92, 0x92, 0x92, 0x52, 0x51, 0x24, 0x24, 0x3B, 0xFD, 0xFE, 0x00, 0x3F, 0xC3, 0xC7, 0xFE, 0xFD,
    0xFF, 0xFF, 0xFF, 0xFF, 0xFF, 0xFF, 0xFD, 0xFF, 0xFD, 0xFF, 0xEF, 0xFF, 0xF7, 0xEF, 0xF6, 0xFF,
    0xF7, 0xFF, 0x7F, 0xB7, 0xF7, 0xFD, 0xD2, 0xFF, 0x7B, 0xEF, 0xFF, 0x91, 0x2B, 0xBF, 0xFF, 0xFF,
    0xFF, 0xFF, 0xFF, 0xFF, 0xFF, 0xFF, 0xFF, 0xFF, 0xFF, 0xFF, 0xFB, 0xFF, 0xF7, 0xFD, 0x00, 0x24,
    0x30, 0xC3, 0xCA, 0xAA, 0xAA, 0xAA, 0x95, 0x55, 0x4A, 0xAA, 0x52, 0x6A, 0x94, 0x94, 0x92, 0xA9,
    0x2A, 0x4A, 0xA2, 0xA5, 0x29, 0x49, 0x54, 0xA8, 0x88, 0xA5, 0x52, 0x94, 0x8A, 0x52, 0xA4, 0xA5,
    0x45, 0x25, 0x49, 0x25, 0x28, 0x48, 0x49, 0x09, 0x24, 0x92, 0x92, 0x39, 0xFF, 0xFF, 0x00, 0x3F,
    0xD1, 0xCB, 0xFF, 0xF7, 0xFF, 0xBF, 0xEF, 0xFF, 0xBF, 0xFF, 0xFF, 0xFF, 0xF7, 0xF7, 0xFF, 0xFD,
    0xBF, 0xFF, 0xFF, 0xFD, 0xDF, 0xFF, 0xFF, 0xFF, 0xFF, 0xDF, 0xE3, 0xED, 0xFE, 0xBE, 0xEF, 0xC0,
    0x57, 0x3F, 0xFF, 0xFF, 0xFF, 0xFF, 0xFF, 0xFF, 0xFF, 0xFF, 0xFF, 0xFF, 0xFF, 0xFF, 0xFB, 0xFF,
    0xE3, 0xFC, 0x00, 0x14, 0x79, 0xC9, 0xC5, 0x55, 0x55, 0x55, 0x54, 0xAA, 0xAA, 0x55, 0x4A, 0x94,
    0xAA, 0xAA, 0xA9, 0x55, 0x49, 0x29, 0x2A, 0x54, 0xA5, 0x25, 0x25, 0x45, 0x55, 0x12, 0x2A, 0x42,
    0x51, 0x14, 0x92, 0x92, 0x29, 0x48, 0x24, 0x90, 0x85, 0x25, 0x24, 0xA4, 0x92, 0x49, 0x24, 0x79,
    0xFF, 0xFF, 0x80, 0xFF, 0xC3, 0xC7, 0xF7, 0xDF, 0xFF, 0xFD, 0xFF, 0xFD, 0xFF, 0xFF, 0xFF, 0xFB,
    0x7F, 0xFF, 0xBF, 0xB7, 0xFF, 0xBD, 0xDF, 0xF7, 0xFF, 0x7B, 0xED, 0xFF, 0xBF, 0xFD, 0xD3, 0xBF,
    0xDB, 0xFF, 0xBF, 0x50, 0xAF, 0xBF, 0xFF, 0xFF, 0xFF, 0xFF, 0xFF, 0xFF, 0xFF, 0xFF, 0xFF, 0xFF,
    0xFF, 0xFF, 0xFB, 0xDF, 0xF7, 0xFC, 0x00, 0x0A, 0x90, 0xC3, 0xCA, 0xA4, 0xA9, 0x55, 0x52, 0xA9,
    0x29, 0x55, 0x2A, 0xAA, 0xA5, 0x55, 0x4A, 0x4A, 0xAA, 0xA4, 0xA9, 0x25, 0x54, 0xAA, 0x94, 0xAA,
    0x25, 0x55, 0x49, 0x35, 0x2A, 0xA2, 0x54, 0x49, 0x54, 0x25, 0x49, 0x25, 0x52, 0x92, 0x92, 0x52,
    0x49, 0x24, 0x90, 0x33, 0xF7, 0xFF, 0xF3, 0x7D, 0xD1, 0xC7, 0xDF, 0xFF, 0xFF, 0xFF, 0xFF, 0x77,
    0xFF, 0xEE, 0xF7, 0xFF, 0xFF, 0xBF, 0xFE, 0xFF, 0xFF, 0xFF, 0xFF, 0xDF, 0xFF, 0xFF, 0xFF, 0xEE,
    0xFE, 0xFF, 0xE2, 0xFE, 0xFF, 0xED, 0xFD, 0xC0, 0x2B, 0xBF, 0xFF, 0xFF, 0xFF, 0xFF, 0xFF, 0xFF,
    0xFF, 0xFF, 0xFF, 0xFF, 0xFF, 0xFF, 0xFB, 0x7F, 0xE7, 0xF6, 0x00, 0x34, 0x39, 0xC1, 0xC5, 0x2A,
    0x95, 0x29, 0x2A, 0xA5, 0x55, 0x2A, 0xD5, 0x49, 0x29, 0x22, 0x55, 0x54, 0x94, 0x95, 0x25, 0x52,
    0x4A, 0x92, 0x52, 0x49, 0x54, 0x92, 0x54, 0x88, 0x84, 0x95, 0x22, 0x94, 0x45, 0x52, 0x92, 0x48,
    0x24, 0x48, 0x49, 0x09, 0x24, 0x88, 0x45, 0x39, 0xFF, 0xFE, 0x7F, 0xBF, 0xC3, 0xC7, 0xFF, 0xFF,
    0xDD, 0xFF, 0xFF, 0xFF, 0xFD, 0xFF, 0xFF, 0xFF, 0xFF, 0xFE, 0xFB, 0xFF, 0xFD, 0xFF, 0xFE, 0xFF,
    0xBD, 0xFF, 0x7F, 0xBF, 0xFB, 0xFB, 0xD3, 0xF7, 0xEE, 0xFF, 0xEF, 0xA2, 0xAF, 0x3F, 0xFF, 0xFF,
    0xFF, 0xFF, 0xFF, 0xFF, 0xFF, 0xFF, 0xFF, 0xFF, 0xFF, 0xFF, 0xFB, 0xFD, 0xF3, 0xFC, 0x01, 0x84,
    0x10, 0xD3, 0xCA, 0x95, 0x52, 0xA5, 0x55, 0x55, 0x52, 0xAA, 0xAA, 0xB6, 0xA5, 0x55, 0x49, 0x2A,
    0xA5, 0x52, 0x95, 0x4A, 0xA4, 0xA9, 0x4A, 0xAA, 0x92, 0x49, 0x22, 0x55, 0x52, 0x49, 0x4A, 0x42,
    0x92, 0x08, 0x48, 0x92, 0x91, 0x25, 0x24, 0xA4, 0x92, 0x52, 0x92, 0x3A, 0xFF, 0xFF, 0x7F, 0xCF,
    0xD1, 0xC7, 0xFF, 0x7F, 0xFF, 0xEF, 0xBF, 0xFF, 0xFF, 0xFF, 0xFF, 0xDF, 0xDD, 0xFB, 0xFF, 0xFF,
    0xB7, 0xF7, 0xFB, 0xFF, 0xFF, 0xEF, 0xFF, 0xFF, 0xFF, 0xEE, 0xE3, 0xBF, 0x7F, 0xB7, 0x7F, 0xC8,
    0x37, 0xBF, 0xFF, 0xFF, 0xFF, 0xFF, 0xFF, 0xFF, 0xFF, 0xFF, 0xFF, 0xFF, 0xFF, 0xFF, 0xFB, 0xFF,
    0xE7, 0xFE, 0x01, 0xC0, 0x69, 0xC3, 0xC4, 0xAA, 0x55, 0x55, 0x55, 0x2A, 0x95, 0x50, 0x2A, 0xD5,
    0x5A, 0xAA, 0x55, 0x52, 0x94, 0xA9, 0x54, 0xAA, 0x52, 0x95, 0x2A, 0x44, 0xA9, 0x54, 0x95, 0x49,
    0x29, 0x24, 0x91, 0x29, 0x29, 0x65, 0x25, 0x24, 0x4A, 0x50, 0x92, 0x12, 0x24, 0x84, 0x28, 0x39,
    0xFF, 0xFA, 0x5B, 0x5F, 0xC1, 0xC7, 0xFF, 0xFE, 0xFF, 0xFF, 0xFB, 0xFF, 0xFF, 0xFF, 0xFF, 0xFD,
    0xFF, 0xFF, 0xFF, 0xF7, 0xFF, 0xDE, 0xDF, 0xFD, 0xF7, 0xFF, 0xED, 0xFF, 0xDF, 0xBF, 0xD2, 0xF7,
    0xF6, 0xFF, 0xFF, 0xA0, 0x9B, 0xBF, 0xFF, 0xFF, 0xFF, 0xFF, 0xFF, 0xFF, 0xFF, 0xFF, 0xFF, 0xFF,
    0xFF, 0xFF, 0xFB, 0xF7, 0xF3, 0xFD, 0x13, 0x40, 0x11, 0xC1, 0xCA, 0xA5, 0x54, 0x95, 0x4A, 0xA9,
    0x54, 0xA5, 0x45, 0x2A, 0xED, 0x49, 0x52, 0xAA, 0x52, 0x45, 0x42, 0x92, 0x95, 0x52, 0xA5, 0x2A,
    0x45, 0x25, 0x4A, 0x54, 0x85, 0x52, 0x4A, 0x94, 0x84, 0x90, 0x92, 0x42, 0x91, 0x0A, 0x49, 0x49,
    0x49, 0x29, 0x44, 0x7B, 0xFF, 0xF8, 0x00, 0x0F, 0xD3, 0xC7, 0xBB, 0xFB, 0xFF, 0xFF, 0xFF, 0xFF,
    0xEF, 0xFF, 0xFF, 0x7F, 0xFF, 0xBF, 0xEF, 0xBE, 0xFF, 0xFF, 0xFF, 0xEF, 0xDF, 0xBD, 0xFF, 0xFD,
    0xFF, 0xFD, 0xE3, 0xFD, 0xBF, 0xFB, 0x6E, 0xC0, 0x57, 0x3F, 0xFF, 0xFF, 0xFF, 0xFF, 0xFF, 0xFF,
    0xFF, 0xFF, 0xFF, 0xFF, 0xFF, 0xFF, 0xFB, 0xBF, 0xF7, 0xFE, 0x43, 0xCF, 0xE3, 0xD3, 0xC5, 0x55,
    0x4A, 0xAA, 0xA9, 0x55, 0x25, 0x48, 0x28, 0xAA, 0x2A, 0xB6, 0xAA, 0x49, 0x4A, 0xAA, 0x5A, 0x4A,
    0x48, 0x8A, 0x54, 0xA5, 0x29, 0x52, 0x51, 0x22, 0x54, 0x89, 0x24, 0x45, 0x55, 0x0A, 0x48, 0x94,
    0x4A, 0x51, 0x24, 0x24, 0x24, 0x44, 0x92, 0x39, 0xFF, 0xFC, 0x00, 0x1F, 0xC1, 0xCF, 0xFF, 0xEF,
    0xF7, 0x7D, 0xFF, 0xEF, 0xFF, 0xBD, 0xEF, 0xFF, 0xF7, 0xFF, 0xBE, 0xFF, 0xFF, 0x7F, 0xFF, 0xFF,
    0xFF, 0xFF, 0xBF, 0xF7, 0xFB, 0xFF, 0xD3, 0xB7, 0xFB, 0xBF, 0xFB, 0xA1, 0x2F, 0xBF, 0xFF, 0xFF,
    0xFF, 0xFF, 0xFF, 0xFF, 0xFF, 0xFF, 0xFF, 0xFF, 0xFF, 0xFF, 0xFB, 0xFF, 0xE3, 0xFF, 0x85, 0xAB,
    0xB3, 0xA3, 0xCA, 0x52, 0xAA, 0xA4, 0xAA, 0x94, 0xAA, 0x42, 0xA5, 0x12, 0xAA, 0xDB, 0x5B, 0x6A,
    0xA9, 0x29, 0x49, 0x55, 0x2A, 0x69, 0x29, 0x51, 0x54, 0x89, 0x2A, 0x95, 0x2A, 0x54, 0x92, 0xA8,
    0x24, 0x51, 0x25, 0x22, 0x91, 0x24, 0x91, 0x49, 0x49, 0x29, 0x08, 0x39, 0xFF, 0xFE, 0x00, 0x3F,
    0xD1, 0xC7, 0xFF, 0xFF, 0xFF, 0xFF, 0xFF, 0xBF, 0x7F, 0xFF, 0xFF, 0xFF, 0x7F, 0xF6, 0xFF, 0xFF,
    0xFD, 0xFF, 0xBF, 0x7F, 0x7F, 0xFF, 0xFF, 0xDF, 0xDF, 0xED, 0xE2, 0xFF, 0x6F, 0xEE, 0xDF, 0xD0,
    0x5B, 0xBF, 0xFF, 0xFF, 0xFF, 0xFF, 0xFF, 0xFF, 0xFF, 0xFF, 0xFF, 0xFF, 0xFF, 0xFF, 0xFB, 0xFF,
    0xF7, 0xFF, 0x42, 0xCE, 0xC7, 0xC1, 0xC5, 0x4A, 0x52, 0x55, 0x55, 0x52, 0xA9, 0x51, 0xEE, 0xA5,
    0x55, 0x55, 0xAD, 0xAA, 0xAA, 0xA5, 0x2A, 0x92, 0xA5, 0x14, 0x94, 0x8A, 0x45, 0x54, 0x84, 0x42,
    0x44, 0xA2, 0x4A, 0x12, 0x92, 0xAA, 0x92, 0x48, 0x4A, 0x92, 0x4A, 0x24, 0x92, 0x44, 0x52, 0x79,
    0xFF, 0xFF, 0x3F, 0xFF, 0xC3, 0xC7, 0xDF, 0xBF, 0xFF, 0xFF, 0xDE, 0xFF, 0xFF, 0xFF, 0xFF, 0xFD,
    0xFF, 0x7F, 0xFF, 0xF7, 0xDF, 0xFB, 0xFD, 0xFD, 0xFD, 0xF7, 0xFD, 0xFF, 0xFF, 0x7F, 0xD3, 0xED,
    0xFD, 0xBF, 0xFF, 0x81, 0x2F, 0x3F, 0xFF, 0xFF, 0xFF, 0xFF, 0xFF, 0xFF, 0xFF, 0xFF, 0xFF, 0xFF,
    0xFF, 0xFF, 0xFB, 0xFF, 0xE7, 0xF7, 0xC1, 0x0D, 0x87, 0xC3, 0xCA, 0xAA, 0xAA, 0xAA, 0x92, 0xAA,
    0x95, 0x47, 0x7B, 0x10, 0x8A, 0xAD, 0x75, 0x7F, 0x7A, 0xAA, 0xA5, 0x48, 0x95, 0x52, 0xA5, 0x29,
    0x29, 0x22, 0xB2, 0xA9, 0x32, 0x49, 0x29, 0x49, 0x49, 0x04, 0x48, 0x95, 0x24, 0x49, 0x21, 0x49,
    0x24, 0x91, 0x22, 0x35, 0xFE, 0xFF, 0xFF, 0xFF, 0xD1, 0xC7, 0x7E, 0xFF, 0xDF, 0xEF, 0xFF, 0xFF,
    0xFF, 0xFF, 0xFD, 0xFF, 0xFD, 0xFF, 0xFB, 0xFE, 0xFF, 0xFF, 0xFF, 0xF7, 0xFF, 0xDF, 0x7F, 0xFE,
    0xFD, 0xFD, 0xE3, 0xBF, 0xDF, 0xFB, 0x7F, 0xD0, 0x55, 0xBF, 0xFF, 0xFF, 0xFF, 0xFF, 0xFF, 0xFF,
    0xFF, 0xFF, 0xFF, 0xFF, 0xFF, 0xFF, 0xFB, 0x6F, 0xF3, 0xFF, 0xF0, 0x37, 0x5F, 0xA3, 0xC4, 0x95,
    0x4A, 0x95, 0x54, 0x95, 0x52, 0x97, 0xEF, 0xAE, 0x52, 0xAA, 0xAF, 0xAA, 0xD7, 0xFE, 0xAA, 0x56,
    0x51, 0x4A, 0x92, 0x4A, 0xA4, 0x94, 0x89, 0x14, 0x8A, 0xA4, 0xA4, 0xA4, 0x24, 0xA9, 0x25, 0x22,
    0x49, 0x24, 0x94, 0x92, 0x49, 0x24, 0x88, 0x39, 0xFF, 0xFF, 0xFF, 0xDF, 0xC3, 0xC7, 0xFF, 0xFF,
    0xFF, 0xFF, 0xFF, 0xFF, 0xFD, 0xEF, 0xFF, 0xF7, 0xFF, 0xFF, 0xFF, 0xBF, 0xFF, 0xDE, 0xFF, 0xFF,
    0xF7, 0xFF, 0xFF, 0xDF, 0xEF, 0xFF, 0xD2, 0xFF, 0x7B, 0xDF, 0xEF, 0x41, 0x2F, 0xBF, 0xFF, 0xFF,
    0xFF, 0xFF, 0xFF, 0xFF, 0xFF, 0xFF, 0xFF, 0xFF, 0xFF, 0xFF, 0xFB, 0xFE, 0xF7, 0xFF, 0xFD, 0x5C,
    0x3F, 0xC9, 0xCA, 0x54, 0xA9, 0x52, 0x55, 0x52, 0x4A, 0x85, 0x5E, 0xD3, 0x6A, 0x92, 0xA9, 0x77,
    0xFE, 0xDB, 0xDB, 0x51, 0x4A, 0x52, 0x55, 0x24, 0x52, 0xAA, 0x54, 0xA5, 0x54, 0x15, 0x12, 0x12,
    0x95, 0x12, 0x52, 0x49, 0x24, 0x92, 0x4A, 0x44, 0x22, 0x12, 0x52, 0x3B, 0xFF, 0xFF, 0xAA, 0x5F,
    0xC1, 0xC7, 0xFF, 0xFE, 0xFF, 0x7F, 0x7F, 0xFF, 0xEF, 0xFF, 0xBF, 0xFF, 0xEF, 0xED, 0xDE, 0xFF,
    0xF7, 0x7F, 0xEF, 0xDF, 0xDF, 0xFF, 0xEE, 0xFF, 0xFF, 0xED, 0xE3, 0xF5, 0xFF, 0x7D, 0xFD, 0xD0,
    0x57, 0x3F, 0xFF, 0xFF, 0xFF, 0xFF, 0xFF, 0xFF, 0xFF, 0xFF, 0xFF, 0xFF, 0xFF, 0xFF, 0xFB, 0xFF,
    0xE3, 0xFF, 0xEF, 0xEA, 0xFF, 0xC3, 0xC5, 0x52, 0x95, 0x2A, 0xAA, 0x49, 0x55, 0x27, 0xF5, 0x7D,
    0xAD, 0x6A, 0x54, 0x9B, 0xFF, 0xF7, 0x7E, 0xD6, 0xA9, 0x29, 0x48, 0xAA, 0x94, 0x89, 0x22, 0x52,
    0x22, 0xA2, 0xA9, 0x49, 0x48, 0xA4, 0x88, 0x84, 0x92, 0x41, 0x21, 0x12, 0x91, 0x44, 0x08, 0x79,
    0xFF, 0xFE, 0x00, 0x1F, 0xD3, 0xC7, 0xFB, 0xFF, 0xFF, 0xFF, 0xFB, 0xFD, 0xFF, 0xFF, 0xFF, 0xDF,
    0xFF, 0xFF, 0xFF, 0xFB, 0xDF, 0xFF, 0xFE, 0xFF, 0x7F, 0x7F, 0xFF, 0xFD, 0xFF, 0x7F, 0xD3, 0xBF,
    0xDD, 0xF7, 0xBF, 0xA1, 0x2F, 0xBF, 0xFF, 0xFF, 0xFF, 0xFF, 0xFF, 0xFF, 0xFF, 0xFF, 0xFF, 0xFF,
    0xFF, 0xFF, 0xFB, 0xFF, 0xF7, 0xFF, 0xFF, 0x57, 0xFF, 0xC1, 0xCA, 0xAA, 0xAA, 0xAA, 0x92, 0xAA,
    0xA9, 0x4A, 0xBB, 0xF6, 0xF7, 0xB5, 0xA2, 0xA5, 0x5F, 0xFF, 0xF7, 0xFF, 0x55, 0x4A, 0x55, 0x49,
    0x4A, 0x65, 0x55, 0x29, 0x55, 0x59, 0x45, 0x25, 0x25, 0x12, 0x55, 0x55, 0x49, 0x14, 0x94, 0xA4,
    0x4A, 0x29, 0x52, 0x39, 0xF7, 0xFE, 0x00, 0x1F, 0xC1, 0xC7, 0xEF, 0xFB, 0xFF, 0xFD, 0xFF, 0xFF,
    0xFF, 0xFF, 0xFF, 0xFF, 0xBE, 0xFF, 0xFF, 0xFF, 0x7F, 0xFF, 0xFF, 0xFD, 0xFF, 0xF6, 0xFF, 0xFF,
    0xBB, 0xFD, 0xE3, 0xF7, 0x77, 0xDF, 0xF7, 0xC0, 0x5B, 0xBF, 0xFF, 0xFF, 0xFF, 0xFF, 0xFF, 0xFF,
    0xFF, 0xFF, 0xFF, 0xFF, 0xFF, 0xFF, 0xFB, 0x6F, 0xF3, 0xEF, 0xFF, 0xFF, 0xFF, 0xA3, 0xC4, 0x95,
    0x49, 0x55, 0x4A, 0xAA, 0x4A, 0x87, 0xEC, 0x9F, 0xBA, 0xDE, 0xBD, 0x55, 0x6B, 0xFF, 0xDD, 0xBD,
    0xFF, 0xB5, 0x55, 0x55, 0x6B, 0xB5, 0x5B, 0xD7, 0xBB, 0x6E, 0xFE, 0xFF, 0xFF, 0xFF, 0xFF, 0xFF,
    0xFE, 0xAA, 0x44, 0x49, 0x21, 0x42, 0x24, 0x39, 0xFF, 0xFD, 0x00, 0x2F, 0xD1, 0xC7, 0xBF, 0xDF,
    0xFB, 0xFF, 0xFF, 0xEF, 0xFF, 0xFE, 0xFD, 0xFF, 0xFF, 0xFF, 0xEF, 0xEF, 0xFF, 0xF6, 0xF7, 0xF7,
    0xFF, 0xFF, 0xEF, 0xEF, 0xFF, 0xF7, 0xD2, 0xDF, 0xFF, 0x7E, 0xFF, 0xA8, 0xAF, 0x3F, 0xFF, 0xFF,
    0xFF, 0xFF, 0xFF, 0xFF, 0xFF, 0xFF, 0xFF, 0xFF, 0xFF, 0xFF, 0xFB, 0xFF, 0xE7, 0xFF, 0xFF, 0xE8,
    0xFF, 0xC9, 0xCA, 0xA9, 0x2A, 0x92, 0x55, 0x25, 0x54, 0x26, 0xBA, 0x41, 0x57, 0xEB, 0x57, 0x6A,
    0x95, 0x5E, 0xFF, 0xFF, 0xFE, 0xFF, 0xFF, 0xFF, 0xFF, 0xFF, 0xFF, 0xFF, 0xFF, 0xFF, 0xFF, 0xFF,
    0xFF, 0xFF, 0xFF, 0xFF, 0xFF, 0x81, 0x12, 0x92, 0x14, 0x28, 0x82, 0x3B, 0xFF, 0xFE, 0x7F, 0xFF,
    0xC3, 0xC7, 0xFF, 0xFF, 0xFF, 0xEF, 0xFF, 0xFF, 0xFF, 0xBF, 0xFF, 0xFF, 0xFF, 0xDD, 0xBE, 0xFF,
    0xFD, 0xDF, 0xFF, 0xFF, 0xFD, 0xFF, 0xFE, 0xFE, 0xFF, 0xDF, 0xE3, 0xFD, 0xFD, 0xFB, 0xDF, 0xA0,
    0x2B, 0xBF, 0xFF, 0xFF, 0xFF, 0xFF, 0xFF, 0xFF, 0xFF, 0xFF, 0xFF, 0xFF, 0xFF, 0xFF, 0xFB, 0xFD,
    0xF3, 0xFF, 0xDA, 0xBD, 0x3D, 0xC3, 0xCA, 0x55, 0x55, 0x55, 0x52, 0x95, 0x25, 0x4B, 0xAA, 0x28,
    0x55, 0x5D, 0xEA, 0xBD, 0xED, 0x53, 0x7F, 0xF7, 0xEF, 0xFF, 0xFF, 0xFF, 0xFE, 0xFF, 0xFE, 0xFE,
    0xFF, 0xFF, 0xB7, 0xED, 0x5B, 0x6D, 0x55, 0x55, 0x5B, 0xAA, 0x48, 0x44, 0xA2, 0x84, 0x54, 0x79,
    0xFF, 0xEE, 0x7F, 0xFF, 0xC1, 0xC7, 0xFF, 0xFF, 0xDF, 0xFF, 0xFF, 0x7F, 0xDE, 0xFF, 0xFF, 0xFE,
    0xF7, 0x7F, 0xFF, 0xFF, 0xF7, 0xFF, 0xDF, 0x7F, 0xF7, 0xDF, 0x7F, 0xFF, 0xF7, 0x7D, 0xD3, 0xF7,
    0xAF, 0xEF, 0xFF, 0xC1, 0x5F, 0xBF, 0xFF, 0xFF, 0xFF, 0xFF, 0xFF, 0xFF, 0xFF, 0xFF, 0xFF, 0xFF,
    0xFF, 0xFF, 0xFB, 0xF7, 0xE7, 0xFF, 0xFF, 0xF6, 0x9F, 0xC3, 0xC5, 0x4A, 0xA4, 0xA4, 0xAA, 0x52,
    0x95, 0x06, 0xDA, 0x85, 0x00, 0x56, 0xFF, 0xD6, 0xB7, 0x6D, 0x76, 0xBD, 0x5A, 0xAA, 0xAA, 0xAA,
    0xAB, 0x55, 0x55, 0x55, 0xA4, 0x92, 0xAA, 0x55, 0xAD, 0xB5, 0xB6, 0xDB, 0x6F, 0x91, 0x25, 0x29,
    0x10, 0xA2, 0x82, 0x31, 0xFF, 0xFF, 0x3F, 0xDF, 0xD3, 0xC7, 0xFF, 0x7F, 0xFF, 0xBF, 0xF7, 0xFF,
    0xFF, 0xFF, 0xFF, 0xFB, 0xFF, 0xFF, 0xFF, 0xF6, 0xDF, 0xFF, 0xFF, 0xFF, 0xDF, 0xFB, 0xFB, 0xDF,
    0xFF, 0xFF, 0xE6, 0xDF, 0xFF, 0x7F, 0x77, 0x50, 0x2B, 0x3F, 0xFF, 0xFF, 0xFF, 0xFF, 0xFF, 0xFF,
    0xFF, 0xFF, 0xFF, 0xFF, 0xFF, 0xFF, 0xFB, 0x7F, 0xF3, 0xFF, 0x6D, 0xDF, 0x4F, 0xD1, 0xCA, 0xA9,
    0x2A, 0x95, 0x49, 0x54, 0xAA, 0x2F, 0xB4, 0x20, 0xAA, 0x81, 0x0A, 0xFB, 0x5A, 0xD5, 0xEB, 0x56,
    0xF7, 0xF7, 0xDF, 0xFF, 0xFD, 0xEF, 0xFB, 0xFF, 0xFF, 0xFF, 0xFF, 0xFF, 0xF6, 0xDF, 0xFD, 0xEE,
    0xD7, 0xA4, 0x92, 0x44, 0x4A, 0x14, 0x28, 0x3B, 0xFF, 0xFF, 0x09, 0x3F, 0xC1, 0xCB, 0xFD, 0xFE,
    0xFE, 0xFF, 0xFF, 0xFF, 0x7F, 0xFD, 0xF7, 0xDF, 0xFF, 0xFF, 0xF7, 0x7F, 0xFF, 0xFF, 0x7F, 0xDD,
    0xFF, 0xFF, 0xEF, 0xFB, 0xBF, 0xFD, 0xDB, 0xFD, 0xF7, 0xFD, 0xFF, 0x81, 0x5F, 0xBF, 0xFF, 0xFF,
    0xFF, 0xFF, 0xFF, 0xFF, 0xFF, 0xFF, 0xFF, 0xFF, 0xFF, 0xFF, 0xFB, 0xFF, 0xF7, 0xFF, 0xFF, 0x7F,
    0xC7, 0xC3, 0xC4, 0x95, 0x55, 0x52, 0xAA, 0x95, 0x51, 0x0A, 0xF4, 0x95, 0x12, 0x54, 0x55, 0x2D,
    0xFD, 0xB6, 0xDD, 0xFB, 0xDD, 0xBD, 0x7A, 0xAD, 0x57, 0xBD, 0xAF, 0xAA, 0xB6, 0xDA, 0xDB, 0x5A,
    0xDF, 0xF6, 0xD7, 0xBF, 0xFD, 0x92, 0x24, 0x91, 0x21, 0x49, 0x44, 0x39, 0xFF, 0xFE, 0x00, 0x1F,
    0xD3, 0xC7, 0xDF, 0xF7, 0xFF, 0xFE, 0xFF, 0xFD, 0xFF, 0xFF, 0xFF, 0xFF, 0xEF, 0xF6, 0xDF, 0xFF,
    0xFF, 0xBB, 0xFB, 0xFF, 0xFF, 0xFF, 0xFF, 0xFF, 0xFD, 0xF7, 0xFD, 0x77, 0x7D, 0xDF, 0xFE, 0xA8,
    0x2B, 0xBF, 0xFF, 0xFF, 0xFF, 0xFF, 0xFF, 0xFF, 0xFF, 0xFF, 0xFF, 0xFF, 0xFF, 0xFF, 0xFB, 0xEF,
    0xE3, 0xFD, 0xB7, 0xEA, 0xE3, 0xC3, 0xCA, 0xAA, 0x92, 0x55, 0x25, 0x52, 0x8C, 0x57, 0xD4, 0x42,
    0x49, 0x12, 0x88, 0x95, 0x57, 0xEB, 0x7F, 0xEF, 0xFF, 0xF7, 0xFF, 0xFF, 0xFF, 0xF7, 0xFE, 0xFF,
    0xFF, 0xFF, 0xFF, 0xFF, 0xFD, 0xBF, 0xFE, 0xF5, 0x6F, 0x44, 0x91, 0x0A, 0x4A, 0x20, 0x22, 0x79,
    0xF7, 0x7F, 0x00, 0x1F, 0xC1, 0xC7, 0xFF, 0xFF, 0xFF, 0xFF, 0xFF, 0xF7, 0xFF, 0xFF, 0xFF, 0xFF,
    0xFE, 0xFF, 0xFF, 0xDD, 0xFE, 0xFF, 0xFF, 0xFF, 0xFE, 0xDE, 0xFF, 0x7F, 0xF7, 0xDF, 0xEF, 0xDF,
    0xDF, 0xFF, 0xDB, 0x40, 0xAF, 0x3F, 0xFF, 0xFF, 0xFF, 0xFF, 0xFF, 0xFF, 0xFF, 0xFF, 0xFF, 0xFF,
    0xFF, 0xFF, 0xFB, 0xBF, 0xF7, 0xFF, 0xFD, 0x81, 0x63, 0xA1, 0xC5, 0x49, 0x4A, 0xAA, 0xA9, 0x2A,
    0x65, 0x0E, 0xF2, 0x94, 0x22, 0x49, 0x25, 0x4A, 0xAA, 0xBE, 0xED, 0xBE, 0xEE, 0xDF, 0xDB, 0xF7,
    0x7A, 0xDE, 0xDB, 0xEF, 0x6B, 0x6D, 0xAA, 0xD6, 0xB7, 0xED, 0x5B, 0xDF, 0xFB, 0x91, 0x24, 0x51,
    0x10, 0x8A, 0x94, 0x3B, 0xFF, 0xFF, 0x11, 0x1F, 0xD1, 0xC7, 0xFF, 0xFF, 0xF7, 0xFF, 0xFF, 0xFF,
    0xFF, 0xF7, 0xFF, 0xFF, 0xBF, 0xFF, 0xFF, 0x7F, 0xBB, 0xFF, 0xEF, 0x7E, 0xDB, 0xFF, 0xFD, 0xFB,
    0xBF, 0xFE, 0xFB, 0x7F, 0x7E, 0xF7, 0x7A, 0x01, 0x37, 0xBF, 0xFF, 0xFF, 0xFF, 0xFF, 0xFF, 0xFF,
    0xFF, 0xFF, 0xFF, 0xFF, 0xFF, 0xFF, 0xFB, 0xFE, 0xF3, 0xFE, 0xDF, 0x38, 0x71, 0xCB, 0xC9, 0x2A,
    0x69, 0x24, 0xAA, 0xA5, 0x28, 0x5B, 0xD8, 0x21, 0x48, 0x92, 0x52, 0x51, 0x25, 0x4B, 0xFF, 0xFB,
    0xBB, 0xFD, 0xFE, 0xBD, 0xEF, 0xFB, 0xFF, 0x7B, 0xFF, 0xBF, 0xFF, 0xFF, 0xFD, 0x7F, 0xFF, 0x76,
    0xAF, 0x08, 0x89, 0x04, 0x8A, 0x51, 0x20, 0x39, 0xFF, 0xFF, 0xBF, 0xEF, 0xC3, 0xC7, 0xF7, 0x7F,
    0xFF, 0xFB, 0xEE, 0xFF, 0xFD, 0xDF, 0xFF, 0x7F, 0xFF, 0xDF, 0xFD, 0xFF, 0xFF, 0xFF, 0xBF, 0xF7,
    0xFF, 0xFB, 0xDF, 0xEF, 0xFF, 0xFF, 0xAD, 0xF7, 0xF7, 0xDD, 0xD1, 0x44, 0xAD, 0xBF, 0xFF, 0xFF,
    0xFF, 0xFF, 0xFF, 0xFF, 0xFF, 0xFF, 0xFF, 0xFF, 0xFF, 0xFF, 0xFB, 0xFF, 0xE7, 0xFB, 0xF4, 0x14,
    0x31, 0xC1, 0xC4, 0xA5, 0x25, 0x52, 0x92, 0x54, 0xA5, 0x3F, 0x65, 0x48, 0x12, 0x44, 0x8A, 0x94,
    0x92, 0x29, 0x56, 0xEF, 0xFF, 0x6F, 0x57, 0xEF, 0xBE, 0xDF, 0x55, 0xDE, 0xAD, 0xEA, 0xB6, 0xB5,
    0xB7, 0xD5, 0xAB, 0xDF, 0xFF, 0x54, 0x44, 0xA8, 0x41, 0x08, 0x8A, 0x79, 0xFF, 0xFF, 0xFF, 0xFF,
    0xC1, 0xC7, 0xBF, 0xFF, 0xBF, 0xEF, 0xFF, 0xFF, 0xFF, 0xFF, 0xEF, 0xFF, 0xFF, 0xFD, 0xDF, 0xFB,
    0xFF, 0xEE, 0xFF, 0xFF, 0xFF, 0xFF, 0xFF, 0xFF, 0xFF, 0xFB, 0x56, 0xAD, 0xBE, 0xF6, 0xA4, 0x00,
    0xBF, 0xBF, 0xFF, 0xFF, 0xFF, 0xFF, 0xFF, 0xFF, 0xFF, 0xFF, 0xFF, 0xFF, 0xFF, 0xFF, 0xFB, 0x77,
    0xF3, 0xFF, 0x5A, 0x00, 0x18, 0xC3, 0xCA, 0x94, 0x9A, 0xAA, 0x55, 0x22, 0x94, 0xEB, 0xD4, 0x85,
    0x45, 0x28, 0x51, 0x4A, 0xA9, 0x55, 0xFF, 0xFE, 0xED, 0xFD, 0xFE, 0xFB, 0xF7, 0xF7, 0xFF, 0xF7,
    0xFE, 0xFF, 0xFF, 0xFF, 0x7E, 0xFF, 0xFE, 0xFA, 0xDB, 0x02, 0x28, 0x45, 0x2A, 0x44, 0x20, 0x33,
    0xFF, 0xFE, 0xEF, 0x5F, 0xD3, 0xC7, 0xFF, 0xF7, 0xFF, 0x7F, 0xFF, 0xFF, 0xFF, 0xFF, 0xFF, 0xF6,
    0xF6, 0xFF, 0xFF, 0xFF, 0xEF, 0xFF, 0xFF, 0xFF, 0xFF, 0xFF, 0xFB, 0xFF, 0xF7, 0x7F, 0xE9, 0x56,
    0xD5, 0xAA, 0x10, 0x0A, 0x57, 0x3F, 0xFF, 0xFF, 0xFF, 0xFF, 0xFF, 0xFF, 0xFF, 0xFF, 0xFF, 0xFF,
    0xFF, 0xFF, 0xFB, 0xFF, 0xF7, 0xFD, 0x40, 0x00, 0x11, 0xD3, 0xC5, 0x52, 0xA5, 0x49, 0x49, 0x55,
    0x50, 0xBE, 0xE2, 0x20, 0x90, 0x82, 0x8A, 0x29, 0x25, 0x45, 0xBB, 0x6F, 0xBF, 0xB7, 0xF7, 0xBE,
    0xBD, 0x5D, 0x76, 0xBD, 0xB7, 0xAD, 0xAA, 0xD5, 0xEB, 0xB6, 0xB7, 0xAF, 0xBE, 0xA9, 0x42, 0x90,
    0x91, 0x2A, 0x95, 0x39, 0xFF, 0xFE, 0x00, 0x1F, 0xC1, 0xC7, 0xFE, 0xFF, 0xFF, 0xFF, 0xFF, 0xF7,
    0xFF, 0xFF, 0xFF, 0xFF, 0xFF, 0xFF, 0xFB, 0xEF, 0x7F, 0x7F, 0xFD, 0xDF, 0xBB, 0xBE, 0xEF, 0xBD,
    0xBF, 0xFE, 0xD5, 0x29, 0x24, 0x44, 0x80, 0x41, 0xBF, 0xBF, 0xFF, 0xFF, 0xFF, 0xFF, 0xFF, 0xFF,
    0xFF, 0xFF, 0xFF, 0xFF, 0xFF, 0xFF, 0xFB, 0xFF, 0xE3, 0xFF, 0x00, 0x00, 0x38, 0xC1, 0xC9, 0x4A,
    0xAA, 0x25, 0x55, 0x2A, 0x54, 0xEB, 0xB4, 0x95, 0x0A, 0x2A, 0x52, 0xA4, 0x95, 0x29, 0xEF, 0xFB,
    0xF6, 0xFE, 0xBD, 0xEF, 0xEF, 0xFF, 0xDF, 0xEF, 0xFD, 0xFF, 0xFF, 0xFF, 0xBF, 0xFD, 0xFD, 0xFA,
    0xEF, 0x14, 0x28, 0x45, 0x08, 0x90, 0x82, 0x3A, 0xFD, 0xFF, 0x00, 0x1F, 0xD3, 0xC7, 0xEF, 0xFF,
    0xFB, 0xFF, 0xFB, 0xDF, 0xDF, 0xFF, 0xBF, 0xDF, 0xFF, 0xEF, 0xFF, 0xBF, 0xFF, 0xFF, 0xFF, 0xFD,
    0xFF, 0xF7, 0xFF, 0xFF, 0xFF, 0xEF, 0xF5, 0x42, 0x11, 0x10, 0x05, 0x16, 0xDB, 0xBF, 0xFF, 0xFF,
    0xFF, 0xFF, 0xFF, 0xFF, 0xFF, 0xFF, 0xFF, 0xFF, 0xFF, 0xFF, 0xFB, 0xDF, 0xF7, 0xF7, 0xC0, 0x00,
    0x19, 0xC3, 0xC4, 0xAA, 0x52, 0xAA, 0x49, 0x49, 0x28, 0xBF, 0xC1, 0x22, 0x51, 0x41, 0x09, 0x2A,
    0x52, 0x95, 0xBE, 0xDE, 0xDF, 0xDB, 0xEF, 0x7A, 0xFB, 0x6B, 0x7A, 0xDA, 0xAF, 0x6A, 0xB6, 0xAD,
    0xF6, 0xAF, 0xAE, 0xBF, 0xBD, 0x02, 0x85, 0x12, 0x52, 0x45, 0x28, 0x39, 0xF7, 0xFE, 0x00, 0x2F,
    0xC1, 0xC7, 0xBF, 0xFE, 0xFF, 0xFF, 0xBF, 0xFF, 0xFE, 0xFE, 0xFE, 0xFF, 0xDF, 0xBE, 0xEF, 0xFD,
    0xFF, 0xF7, 0xBF, 0xFF, 0xFF, 0xFF, 0xFF, 0xF7, 0xFF, 0xFF, 0x5A, 0x90, 0x40, 0x41, 0x20, 0x55,
    0x7F, 0x3F, 0xFF, 0xFF, 0xFF, 0xFF, 0xFF, 0xFF, 0xFF, 0xFF, 0xFF, 0xFF, 0xFF, 0xFF, 0xFB, 0x7D,
    0xF3, 0xFD, 0xD0, 0x00, 0x10, 0xD3, 0xCA, 0x95, 0x4A, 0xA9, 0x55, 0x2A, 0x92, 0x6D, 0xB4, 0x94,
    0x24, 0x2A, 0x52, 0x91, 0x4A, 0x53, 0xFB, 0xF7, 0xFB, 0x7F, 0xBD, 0xDF, 0xAF, 0xFF, 0xEF, 0xFF,
    0xFB, 0xFF, 0xFF, 0xFF, 0x5F, 0xFA, 0xFB, 0xEA, 0xEE, 0x54, 0x50, 0xA4, 0x89, 0x10, 0x44, 0x7B,
    0xFF, 0xFF, 0x5D, 0x3F, 0xD1, 0xC7, 0xFD, 0xDF, 0xEF, 0xFF, 0xFF, 0xFF, 0xFF, 0xF7, 0xFF, 0xFF,
    0x7E, 0xFF, 0xFF, 0xFF, 0xF7, 0xDF, 0xF7, 0xF7, 0xF7, 0x7F, 0xDF, 0x7F, 0xFB, 0xBD, 0xFD, 0x68,
    0x0A, 0x08, 0x15, 0x2B, 0xDF, 0xBF, 0xFF, 0xFF, 0xFF, 0xFF, 0xFF, 0xFF, 0xFF, 0xFF, 0xFF, 0xFF,
    0xFF, 0xFF, 0xFB, 0xFF, 0xE7, 0xFF, 0x60, 0x00, 0x39, 0xC1, 0xC5, 0x52, 0xA9, 0x4A, 0x92, 0xA4,
    0xA0, 0xFF, 0x82, 0x21, 0x42, 0x91, 0x28, 0x4A, 0x29, 0x4A, 0xBF, 0x7D, 0x6F, 0xED, 0xF7, 0xF6,
    0xFD, 0x5A, 0xBD, 0x5B, 0x6E, 0xAD, 0xAA, 0xD5, 0xFA, 0xAF, 0xAF, 0x7F, 0xFD, 0x09, 0x0A, 0x10,
    0x42, 0x4A, 0x91, 0x39, 0xFF, 0xFF, 0xFF, 0x3F, 0xC3, 0xC7, 0xF7, 0xFF, 0xFF, 0xDF, 0xFF, 0xFF,
    0xFF, 0xFF, 0xFF, 0xFD, 0xFF, 0xFF, 0xFF, 0xFF, 0xDF, 0x7F, 0xFF, 0x7F, 0xDF, 0xFD, 0xFD, 0xFF,
    0xBF, 0xFF, 0xEF, 0xA8, 0x51, 0x45, 0x44, 0xD6, 0xFF, 0xBF, 0xFF, 0xFF, 0xFF, 0xFF, 0xFF, 0xFF,
    0xFF, 0xFF, 0xFF, 0xFF, 0xFF, 0xFF, 0xFB, 0xFF, 0xF3, 0xFF, 0xFC, 0x00, 0x51, 0xC3, 0xC8, 0xAA,
    0x25, 0x24, 0x49, 0x2A, 0xAA, 0x6B, 0x68, 0x8A, 0x29, 0x24, 0x85, 0x25, 0x4A, 0x25, 0xED, 0xDF,
    0xFD, 0xBF, 0x7E, 0xDF, 0xDF, 0xFF, 0xEF, 0xFF, 0xFB, 0xFF, 0xFF, 0xFF, 0xB7, 0xFB, 0xFB, 0xD5,
    0x5E, 0x50, 0xA1, 0x45, 0x28, 0x21, 0x08, 0x39, 0xFF, 0xFF, 0xFF, 0x9F, 0xD1, 0xC7, 0x7F, 0xFB,
    0xFF, 0xFF, 0xFF, 0xFF, 0xFF, 0xFF, 0xFF, 0xFF, 0xFF, 0xFE, 0xFD, 0xB7, 0x7F, 0xFF, 0x7F, 0xFF,
    0xFF, 0xF7, 0xFF, 0xFE, 0xFF, 0xFF, 0xFA, 0xF0, 0x54, 0xA9, 0x5B, 0x7F, 0xFB, 0x3F, 0xFF, 0xFF,
    0xFF, 0xFF, 0xFF, 0xFF, 0xFF, 0xFF, 0xFF, 0xFF, 0xFF, 0xFF, 0xFB, 0xEF, 0xE7, 0xFD, 0xBD, 0x00,
    0xF1, 0xD3, 0xC5, 0x25, 0x54, 0xAA, 0xAA, 0x92, 0x40, 0xFF, 0x92, 0x21, 0x44, 0x92, 0x52, 0x90,
    0xA5, 0x53, 0xFF, 0xF6, 0xDF, 0xF7, 0xD7, 0xFB, 0x75, 0xAB, 0x7B, 0x6A, 0xAF, 0x6A, 0xB6, 0xAD,
    0xFE, 0xDE, 0xBD, 0x7F, 0xF4, 0x84, 0x14, 0x28, 0x85, 0x4A, 0x44, 0x39, 0xFF, 0xFE, 0x4A, 0x9F,
    0xC1, 0xC7, 0xFF, 0xFF, 0xFF, 0x7E, 0xFE, 0xFE, 0xF7, 0xFF, 0xFF, 0xFF, 0xFB, 0xF7, 0xDF, 0xFF,
    0xFF, 0xFF, 0xFF, 0xFE, 0xFF, 0xDF, 0xFF, 0xF7, 0xFF, 0xFF, 0xBF, 0xB4, 0x56, 0xAA, 0xAA, 0xAB,
    0x6F, 0xBF, 0xFF, 0xFF, 0xFF, 0xFF, 0xFF, 0xFF, 0xFF, 0xFF, 0xFF, 0xFF, 0xFF, 0xFF, 0xFB, 0x7F,
    0xF7, 0xFF, 0xF7, 0xA5, 0x63, 0xC1, 0xCA, 0x94, 0x92, 0x92, 0xA4, 0xA9, 0x29, 0x5A, 0xC9, 0x4A,
    0x12, 0x49, 0x28, 0xAA, 0x54, 0x97, 0x56, 0xBF, 0xF5, 0x7D, 0x7D, 0x5D, 0xDF, 0xFF, 0xDF, 0xFF,
    0xFD, 0xFF, 0xFB, 0xFB, 0x57, 0xB7, 0xD7, 0xDB, 0x5E, 0x22, 0xA1, 0x42, 0x28, 0x20, 0x92, 0x7B,
    0xFF, 0xFE, 0x00, 0x0F, 0xC3, 0xC7, 0xDD, 0xBF, 0xEF, 0xFF, 0xF7, 0xEF, 0xFF, 0x7F, 0xFD, 0xEF,
    0xEF, 0xDF, 0xFF, 0xFF, 0xFE, 0xFD, 0xFB, 0xDF, 0xFD, 0xFF, 0xB7, 0xDF, 0xFD, 0xEE, 0xF7, 0xF8,
    0x7B, 0x6D, 0xBF, 0xFF, 0xFF, 0xBF, 0xFF, 0xFF, 0xFF, 0xFF, 0xFF, 0xFF, 0xFF, 0xFF, 0xFF, 0xFF,
    0xFF, 0xFF, 0xFB, 0xFD, 0xF3, 0xFE, 0xDE, 0xFF, 0xC7, 0xC3, 0xC4, 0xAA, 0xAA, 0x55, 0x2A, 0x4A,
    0xA1, 0x7F, 0x52, 0x21, 0x49, 0x12, 0x95, 0x09, 0x25, 0x4B, 0xFF, 0xF5, 0x7F, 0xD7, 0xEF, 0xF7,
    0xFB, 0x6D, 0x75, 0x5B, 0x6F, 0x5B, 0x5E, 0xDF, 0xFD, 0xFA, 0xFD, 0xBD, 0xFC, 0x94, 0x4A, 0x14,
    0x82, 0x94, 0x48, 0x31, 0xFF, 0xFF, 0x00, 0x3F, 0xD1, 0xC7, 0x7F, 0xFF, 0xBF, 0xFF, 0xFF, 0xFF,
    0xFF, 0xFF, 0xF7, 0xFD, 0xBF, 0xFF, 0xFD, 0xFD, 0xFF, 0xF7, 0xEF, 0xFF, 0xEF, 0xFF, 0xFF, 0x7F,
    0xF7, 0xFF, 0xFF, 0xF0, 0xAD, 0xB6, 0xEA, 0xFF, 0xFF, 0x3F, 0xFF, 0xFF, 0xFF, 0xFF, 0xFF, 0xFF,
    0xFF, 0xFF, 0xFF, 0xFF, 0xFF, 0xFF, 0xFB, 0xF7, 0xE7, 0xFF, 0xFF, 0xEF, 0xC7, 0xA3, 0xCA, 0xA9,
    0x25, 0x4A, 0x92, 0xAA, 0x48, 0xEE, 0xA4, 0x94, 0x24, 0xA4, 0x42, 0xA4, 0x94, 0xA6, 0xF6, 0xDF,
    0xD7, 0x7E, 0xFB, 0x7E, 0xBE, 0xFB, 0xFF, 0xFF, 0xFB, 0xF7, 0xF7, 0xED, 0xB7, 0x5F, 0xAF, 0x6F,
    0x5C, 0x42, 0x10, 0xA0, 0x54, 0x42, 0x24, 0x3A, 0xFF, 0xEE, 0x2A, 0xBF, 0xC3, 0xCB, 0xFB, 0xFB,
    0xFF, 0xFF, 0xFF, 0xFF, 0xFF, 0xFB, 0xFF, 0xFF, 0xFF, 0x7F, 0xB7, 0xDF, 0xDF, 0xFF, 0xFF, 0xFD,
    0xBF, 0xFD, 0xFF, 0xFF, 0xDF, 0xBF, 0xFF, 0xF8, 0x7F, 0xFF, 0xBF, 0xDB, 0xFF, 0xBF, 0xFF, 0xFF,
    0xFF, 0xFF, 0xFF, 0xFF, 0xFF, 0xFF, 0xFF, 0xFF, 0xFF, 0xFF, 0xFB, 0xDF, 0xF3, 0xFF, 0xB6, 0xFB,
    0x1F, 0xC9, 0xC4, 0x4A, 0x94, 0xA4, 0xAA, 0x51, 0x42, 0xFB, 0x52, 0x42, 0x92, 0x09, 0x28, 0x52,
    0xAA, 0x17, 0x5F, 0xFD, 0xFD, 0xEF, 0xAF, 0xD7, 0xEB, 0xAF, 0x56, 0xD5, 0x5E, 0xDD, 0x6D, 0x7B,
    0xED, 0xF5, 0xFB, 0xF5, 0xFA, 0x11, 0x45, 0x0A, 0x09, 0x12, 0x82, 0x79, 0xFF, 0xBF, 0xFF, 0xFF,
    0xD1, 0xC7, 0xFF, 0xDF, 0xFF, 0xF7, 0xFF, 0xFF, 0xFF, 0xFF, 0xFF, 0xFF, 0xFF, 0xFE, 0xFF, 0xFF,
    0xFF, 0xFF, 0xFF, 0xF7, 0xFF, 0x77, 0xFB, 0xFE, 0xFF, 0xFB, 0xB7, 0xF8, 0xFB, 0x6D, 0xFF, 0xFF,
    0xB7, 0xBF, 0xFF, 0xFF, 0xFF, 0xFF, 0xFF, 0xFF, 0xFF, 0xFF, 0xFF, 0xFF, 0xFF, 0xFF, 0xFB, 0x7F,
    0xF7, 0xEF, 0xFF, 0xBD, 0x1F, 0xC3, 0xCA, 0xA8, 0xAA, 0x12, 0x49, 0x0A, 0x49, 0xAE, 0x8A, 0x94,
    0x49, 0x52, 0x55, 0x29, 0x21, 0x55, 0xFB, 0x6F, 0x6F, 0xBA, 0xFD, 0x7D, 0xBF, 0xFD, 0xFF, 0xFF,
    0xF7, 0x7F, 0xFF, 0xAE, 0xBF, 0x5F, 0x5D, 0x5F, 0x79, 0x4A, 0x20, 0x51, 0x42, 0x48, 0x28, 0x3B,
    0xFE, 0xFF, 0xEF, 0xFF, 0xC3, 0xC7, 0xDF, 0x7F, 0xFE, 0xFF, 0xBF, 0xFF, 0xEF, 0xFF, 0xDF, 0xDD,
    0xFF, 0xFB, 0xFF, 0xFD, 0xFD, 0xDF, 0xFF, 0x7F, 0xFF, 0xFF, 0xDF, 0xFB, 0xFF, 0xFF, 0xFF, 0xF8,
    0x7F, 0xFF, 0xED, 0xFF, 0xFF, 0x3F, 0xFF, 0xFF, 0xFF, 0xFF, 0xFF, 0xFF, 0xFF, 0xFF, 0xFF, 0xFF,
    0xFF, 0xFF, 0xFB, 0xFF, 0xE3, 0xFF, 0xF6, 0xEC, 0x7F, 0xC1, 0xC2, 0x46, 0x49, 0x55, 0x2A, 0xAA,
    0x82, 0xFD, 0x55, 0x51, 0x24, 0x89, 0x02, 0x84, 0x95, 0x4F, 0xBF, 0xFB, 0xFB, 0x7F, 0xDB, 0xEF,
    0xED, 0x6F, 0xB5, 0x5B, 0x5D, 0xEA, 0xAA, 0xFF, 0xED, 0xF5, 0xF7, 0xF7, 0xDC, 0x00, 0x95, 0x04,
    0x28, 0x85, 0x44, 0x39, 0xFB, 0xFF, 0x80, 0x7F, 0xD1, 0xC7, 0x7D, 0xFE, 0xFF, 0xFF, 0xFF, 0xBD,
    0xFF, 0xFF, 0xFF, 0xFF, 0xFB, 0xEF, 0xFF, 0x77, 0xF7, 0xFF, 0x7F, 0xFF, 0xFB, 0xFF, 0xFF, 0xBF,
    0xFE, 0xEF, 0xFF, 0x78, 0xFF, 0xFF, 0x7F, 0xBD, 0xFF, 0xBF, 0xFF, 0xFF, 0xFF, 0xFF, 0xFF, 0xFF,
    0xFF, 0xFF, 0xFF, 0xFF, 0xFF, 0xFF, 0xFB, 0xFF, 0xF7, 0xFF, 0xFF, 0xB3, 0xFF, 0xD3, 0xC9, 0x29,
    0x25, 0x49, 0x51, 0x51, 0x52, 0xDE, 0xAA, 0xAA, 0x4A, 0x54, 0xA8, 0xAA, 0x4A, 0x26, 0xED, 0x5E,
    0xAF, 0xEB, 0x7F, 0x7A, 0xBF, 0xFA, 0xFF, 0xFD, 0xF7, 0x7F, 0xFF, 0xDA, 0xFB, 0xBF, 0x5D, 0xBA,
    0xF0, 0x92, 0x40, 0x52, 0x92, 0x28, 0x22, 0x39, 0xFF, 0xFF, 0x00, 0x7F, 0xC1, 0xC7, 0xFF, 0xFB,
    0xEF, 0xDF, 0xFB, 0xFF, 0xFF, 0xBF, 0xFF, 0xFF, 0xDF, 0xFF, 0xFB, 0xFF, 0xBF, 0xFF, 0xFB, 0xFF,
    0xEF, 0xDF, 0x7E, 0xFF, 0xF7, 0xFF, 0x7D, 0xF8, 0x76, 0xFD, 0xFF, 0xF7, 0xFF, 0x3F, 0xFF, 0xFF,
    0xFF, 0xFF, 0xFF, 0xFF, 0xFF, 0xFF, 0xFF, 0xFF, 0xFF, 0xFF, 0xFB, 0xEF, 0xE3, 0xFF, 0xFF, 0xEF,
    0xFF, 0xC3, 0xC5, 0x55, 0x54, 0xA5, 0x2A, 0x2A, 0x03, 0xFA, 0xAA, 0x49, 0x21, 0x22, 0x15, 0x11,
    0x25, 0x57, 0xFF, 0xF7, 0xFD, 0xBF, 0xD7, 0xDF, 0xF6, 0xAF, 0xD6, 0xD7, 0xBD, 0xD6, 0xDB, 0x77,
    0xAE, 0xEB, 0xF7, 0x6F, 0x7C, 0x00, 0x15, 0x08, 0x44, 0x82, 0x88, 0x79, 0xFF, 0xFE, 0x00, 0x1F,
    0xD3, 0xC7, 0xF7, 0xEF, 0xFF, 0xFF, 0xFF, 0xFF, 0xFF, 0xFF, 0xFF, 0x7F, 0x7F, 0x7F, 0xEF, 0xFF,
    0xFF, 0xFB, 0xFF, 0xEE, 0xFF, 0xFD, 0xFB, 0xFF, 0xBF, 0xFD, 0xF7, 0xF8, 0xFF, 0xEF, 0xFD, 0xFF,
    0xDB, 0xBF, 0xFF, 0xFF, 0xFF, 0xFF, 0xFF, 0xFF, 0xFF, 0xFF, 0xFF, 0xFF, 0xFF, 0xFF, 0xFB, 0x7F,
    0xF7, 0xFF, 0xFF, 0xBD, 0xFF, 0xA1, 0xCA, 0x92, 0x4A, 0x54, 0x92, 0x92, 0xAA, 0xDD, 0x55, 0x55,
    0x55, 0x49, 0x42, 0x4A, 0x50, 0x8E, 0xB6, 0xDD, 0xB7, 0xED, 0x7D, 0x76, 0xDD, 0xFD, 0xBF, 0x7D,
    0xEF, 0x7D, 0xEE, 0xDE, 0xFB, 0xBE, 0xBD, 0xFB, 0xB0, 0x25, 0x40, 0xA2, 0x11, 0x28, 0x44, 0x3B,
    0xFF, 0xFE, 0x7B, 0x1F, 0xC1, 0xC7, 0xBF, 0xBF, 0xFD, 0xFE, 0xFF, 0xFF, 0xFF, 0xFD, 0xFD, 0xFB,
    0xFF, 0xFF, 0x7F, 0xFD, 0xFF, 0xBF, 0xFF, 0xFF, 0xFF, 0xFF, 0xFF, 0xF7, 0xFF, 0xBF, 0xFF, 0xF8,
    0x7F, 0xFF, 0xEF, 0xFF, 0xFF, 0xBF, 0xFF, 0xFF, 0xFF, 0xFF, 0xFF, 0xFF, 0xFF, 0xFF, 0xFF, 0xFF,
    0xFF, 0xFF, 0xFB, 0xFF, 0xF3, 0xFF, 0x7F, 0x5A, 0x7F, 0xC3, 0xC4, 0x49, 0x29, 0x12, 0xA9, 0x49,
    0x05, 0xF6, 0xB6, 0xAA, 0x2A, 0x2A, 0x29, 0x21, 0x0A, 0x57, 0xFF, 0xFF, 0xFE, 0xBF, 0xEF, 0xDF,
    0xF7, 0xB7, 0xF5, 0xEF, 0x77, 0xDB, 0x7B, 0xFB, 0xAE, 0xEB, 0xEF, 0x5D, 0xFA, 0x00, 0x15, 0x11,
    0x44, 0x42, 0x22, 0x39, 0xFF, 0xFE, 0xFF, 0xDF, 0xD3, 0xC7, 0xFE, 0xFF, 0x6F, 0xFB, 0xFF, 0xFF,
    0xFB, 0xFF, 0xFF, 0xFF, 0xFF, 0xFB, 0xFF, 0xB7, 0xF7, 0xFF, 0xEF, 0x7F, 0xFD, 0xFF, 0xFF, 0xFF,
    0xFE, 0xFF, 0xFF, 0xF8, 0xFD, 0xFF, 0xBF, 0xBD, 0xFF, 0x3F, 0xFF, 0xFF, 0xFF, 0xFF, 0xFF, 0xFF,
    0xFF, 0xFF, 0xFF, 0xFF, 0xFF, 0xFF, 0xFB, 0xFD, 0xE7, 0xFF, 0xFD, 0x3F, 0x1F, 0xC9, 0xCA, 0xAA,
    0xA5, 0x4A, 0x4A, 0x55, 0x47, 0x7B, 0x5B, 0x55, 0xA5, 0xA5, 0x54, 0x94, 0xAA, 0xAE, 0xD5, 0x6A,
    0xDB, 0xF6, 0xFB, 0x7A, 0xBE, 0xFD, 0x5F, 0x7B, 0xBD, 0x7F, 0xDE, 0xAE, 0xFB, 0xBE, 0xB5, 0xEF,
    0x70, 0x00, 0x80, 0x48, 0x22, 0x11, 0x10, 0x72, 0xFF, 0xFD, 0x7F, 0xCF, 0xC1, 0xC7, 0xF7, 0xFF,
    0xFF, 0xBF, 0xFF, 0xEE, 0xEF, 0xFF, 0xEF, 0xFF, 0xFB, 0xDF, 0xFF, 0xFF, 0xDF, 0xFF, 0xBF, 0xFF,
    0xBF, 0xDF, 0xDF, 0xBE, 0xF7, 0xF7, 0xDF, 0xF8, 0x77, 0xFF, 0xFF, 0xF7, 0xFF, 0xBF, 0xFF, 0xFF,
    0xFF, 0xFF, 0xFF, 0xFF, 0xFF, 0xFF, 0xFF, 0xFF, 0xFF, 0xFF, 0xFB, 0xDF, 0xF3, 0xEF, 0xDE, 0x3F,
    0x8F, 0xA3, 0xC2, 0x49, 0x2A, 0x52, 0xA5, 0x24, 0x17, 0xDA, 0xCA, 0xD6, 0xB4, 0x51, 0x02, 0x42,
    0x41, 0x1F, 0xFF, 0xAD, 0x55, 0x5B, 0x56, 0xEF, 0xD7, 0xAF, 0xFB, 0xDE, 0xEF, 0xEB, 0x77, 0xFB,
    0xDE, 0xEB, 0xFF, 0x75, 0xE8, 0x12, 0x15, 0x22, 0x91, 0x4A, 0x4A, 0x39, 0xFF, 0xFE, 0x7F, 0x9F,
    0xD1, 0xC7, 0x7F, 0xFB, 0xFE, 0xFF, 0xED, 0xFF, 0xFF, 0xFF, 0xFF, 0xFF, 0xBF, 0xFF, 0xFD, 0xFF,
    0xFF, 0xFD, 0xFF, 0xFB, 0xFF, 0xFD, 0xFD, 0xFF, 0xDF, 0xFF, 0x7F, 0xF8, 0xFF, 0xDD, 0xFB, 0xFF,
    0xBB, 0xBF, 0xFF, 0xFF, 0xFF, 0xFF, 0xFF, 0xFF, 0xFF, 0xFF, 0xFF, 0xFF, 0xFF, 0xFF, 0xFB, 0x7F,
    0xE7, 0xFF, 0xDC, 0x38, 0xC7, 0xC1, 0xC9, 0x24, 0x91, 0x54, 0x52, 0x92, 0x8D, 0xFB, 0x6D, 0x6B,
    0x6B, 0x4D, 0x69, 0x15, 0x2C, 0xAA, 0xB7, 0x52, 0xAA, 0xA4, 0xAA, 0x92, 0x59, 0x55, 0x55, 0x6B,
    0xB5, 0x5D, 0xDD, 0xBF, 0x77, 0xFE, 0xD5, 0xDF, 0x70, 0x80, 0x40, 0x09, 0x08, 0x00, 0x90, 0x3B,
    0xF7, 0xFE, 0x14, 0x1F, 0xC3, 0xC7, 0xFF, 0xEF, 0xBB, 0xFF, 0xFF, 0xFF, 0xFF, 0xEF, 0xFF, 0xEE,
    0xFF, 0xFF, 0xDF, 0xFE, 0xFF, 0x77, 0xFF, 0xEF, 0xF7, 0x7F, 0xFF, 0xF7, 0xFF, 0xFD, 0xFB, 0xF8,
    0x7F, 0xFF, 0xEF, 0xBF, 0xFF, 0x3F, 0xFF, 0xFF, 0xFF, 0xFF, 0xFF, 0xFF, 0xFF, 0xFF, 0xFF, 0xFF,
    0xFF, 0xFF, 0xFB, 0xFF, 0xF7, 0xFF, 0x83, 0x18, 0x67, 0xC3, 0xC5, 0x55, 0x4A, 0x92, 0x88, 0xAA,
    0x2F, 0x6A, 0xB7, 0xAD, 0xBD, 0x32, 0x94, 0xA0, 0x92, 0x5F, 0xFD, 0xAE, 0xDD, 0xBB, 0x55, 0x59,
    0x45, 0x52, 0x25, 0x28, 0xAA, 0xAA, 0xAA, 0xD5, 0xBA, 0xAB, 0xBF, 0x75, 0xE8, 0x00, 0x05, 0x44,
    0x52, 0xAA, 0x25, 0x39, 0xFF, 0xFF, 0x00, 0x3F, 0xC1, 0xCB, 0xED, 0xBF, 0xFF, 0xFF, 0x7F, 0xFF,
    0xFF, 0xFF, 0x7F, 0xFF, 0xFE, 0xFE, 0xFF, 0xB7, 0xFF, 0xFF, 0xFD, 0xBF, 0xDF, 0xFF, 0xF7, 0xFF,
    0xFF, 0xBF, 0xFF, 0xF8, 0xFF, 0xFF, 0xBF, 0xFD, 0xFF, 0xBF, 0xFF, 0xFF, 0xFF, 0xFF, 0xFF, 0xFF,
    0xFF, 0xFF, 0xFF, 0xFF, 0xFF, 0xFF, 0xFB, 0xFF, 0xF3, 0xFF, 0xC2, 0x11, 0xE1, 0xD3, 0xCA, 0x92,
    0x54, 0xAA, 0x6A, 0x44, 0x9B, 0xF7, 0xDA, 0xDB, 0x6A, 0xAC, 0xA2, 0x15, 0x21, 0x2D, 0xB7, 0x7B,
    0xF7, 0xDE, 0xFF, 0xEF, 0xFE, 0xDD, 0xBA, 0xD6, 0xAA, 0xAA, 0x52, 0x22, 0x45, 0x54, 0xB5, 0xDF,
    0x70, 0x02, 0x40, 0x29, 0x04, 0x10, 0x82, 0x39, 0xFF, 0xFF, 0x00, 0x7F, 0xD3, 0xC7, 0xFF, 0xFF,
    0xFF, 0xFB, 0xFF, 0xFF, 0xFF, 0xFF, 0xFF, 0xFF, 0xFB, 0xEF, 0xFE, 0xFF, 0xFB, 0xFF, 0xFF, 0xFF,
    0x7F, 0xFE, 0xDF, 0xBE, 0xFB, 0xFF, 0xFF, 0xF0, 0x7D, 0xFF, 0xFF, 0xF7, 0xFF, 0xBF, 0xFF, 0xFF,
    0xFF, 0xFF, 0xFF, 0xFF, 0xFF, 0xFF, 0xFF, 0xFF, 0xFF, 0xFF, 0xFB, 0xF7, 0xE7, 0xFF, 0xC1, 0x50,
    0xF3, 0xC1, 0xC4, 0x49, 0x4A, 0x45, 0x12, 0xA8, 0x3E, 0xDA, 0x6D, 0x6D, 0xFF, 0xDA, 0x99, 0x48,
    0x8A, 0x9F, 0xFE, 0xBF, 0x5E, 0xF7, 0xDB, 0x7E, 0xDB, 0xF7, 0xAF, 0xBB, 0xB6, 0xD5, 0xAD, 0xDD,
    0x55, 0x25, 0x3F, 0x76, 0xE2, 0x00, 0x12, 0x40, 0xA9, 0x44, 0x50, 0x3B, 0xFF, 0xEF, 0xE1, 0xFF,
    0xC1, 0xC7, 0xBF, 0xFE, 0xDF, 0xDF, 0xFF, 0xEF, 0xFF, 0xFF, 0xFF, 0xBF, 0xFF, 0xFF, 0xFB, 0xFF,
    0xDF, 0xFF, 0xEF, 0xFF, 0xFF, 0xEF, 0xFF, 0xFF, 0xEF, 0xF7, 0xDF, 0xF8, 0xF7, 0xDD, 0xFE, 0xDF,
    0xDF, 0x3F, 0xFF, 0xFF, 0xFF, 0xFF, 0xFF, 0xFF, 0xFF, 0xFF, 0xFF, 0xFF, 0xFF, 0xFF, 0xFB, 0xBF,
    0xF3, 0xFF, 0xF4, 0x09, 0xF1, 0xC3, 0xCA, 0xAA, 0xA5, 0x28, 0xA9, 0x15, 0x2B, 0xF5, 0xFB, 0xB6,
    0xDA, 0xF5, 0x44, 0xA5, 0x50, 0x5B, 0x57, 0x6B, 0xFB, 0xBD, 0xFD, 0xDB, 0xFF, 0x5E, 0xBD, 0xEE,
    0xFF, 0xFF, 0xFF, 0x77, 0xFD, 0xDA, 0xB5, 0xDF, 0xF0, 0x00, 0x00, 0x0A, 0x00, 0x22, 0x0A, 0x79,
    0xFF, 0xFF, 0xFF, 0xFF, 0xD3, 0xC7, 0xFB, 0xFB, 0xFB, 0x7F, 0xFF, 0xBF, 0xBF, 0x7F, 0xFD, 0xFD,
    0xDF, 0xFF, 0xEF, 0xFD, 0xFF, 0xEF, 0x7F, 0xFF, 0xFE, 0xFF, 0xFE, 0xF7, 0xFF, 0x7E, 0xFF, 0xF8,
    0x7F, 0xFF, 0xFB, 0xFF, 0xFB, 0xBF, 0xFF, 0xFF, 0xFF, 0xFF, 0xFF, 0xFF, 0xFF, 0xFF, 0xFF, 0xFF,
    0xFF, 0xFF, 0xFB, 0xFF, 0xE7, 0xDF, 0xF4, 0x03, 0xF8, 0xC9, 0xC2, 0x49, 0x11, 0x55, 0x44, 0xA4,
    0x7F, 0xAF, 0x5D, 0xFB, 0xEF, 0xAA, 0xB5, 0x12, 0x0A, 0xBF, 0xFD, 0x7E, 0xDF, 0xEF, 0x57, 0xFE,
    0xAD, 0xFB, 0xEF, 0x7F, 0xD5, 0x6D, 0xB5, 0xDD, 0x57, 0x7F, 0xDF, 0x75, 0xC0, 0x08, 0x92, 0xA0,
    0xAA, 0x94, 0xA0, 0x39, 0xFF, 0x7F, 0x5F, 0xBF, 0xC1, 0xC7, 0xFF, 0x6F, 0xFF, 0xFF, 0xFE, 0xFF,
    0xFD, 0xFB, 0xF7, 0xFF, 0xFF, 0xFD, 0xFF, 0xEF, 0xFF, 0xBF, 0xFF, 0xFD, 0xFF, 0xFF, 0xFF, 0xFF,
    0xBF, 0xFF, 0xFB, 0xF8, 0xFF, 0xFF, 0xDF, 0xFF, 0xFF, 0xBF, 0xFF, 0xFF, 0xFF, 0xFF, 0xFF, 0xFF,
    0xFF, 0xFF, 0xFF, 0xFF, 0xFF, 0xFF, 0xFB, 0xFF, 0xF3, 0xFB, 0x00, 0x05, 0x19, 0xC3, 0xC9, 0x24,
    0xAA, 0x22, 0x2A, 0x50, 0xB6, 0xF5, 0xEE, 0xAF, 0x7B, 0xF5, 0x48, 0xA9, 0x52, 0x2D, 0x6F, 0x6F,
    0xF6, 0xBB, 0xFE, 0xAB, 0xFF, 0x6E, 0xBB, 0xD5, 0x7F, 0xDF, 0xEF, 0x7F, 0xFD, 0xD6, 0xB5, 0xFE,
    0xE8, 0x00, 0x00, 0x0A, 0x01, 0x00, 0x0A, 0x39, 0xEF, 0xFE, 0x3F, 0xBF, 0xD1, 0xC7, 0xDF, 0xFF,
    0xEF, 0xFF, 0xFB, 0xFF, 0xFF, 0xFF, 0xDF, 0xFF, 0xFF, 0x77, 0xFF, 0xFF, 0xFE, 0xFF, 0xFE, 0xEF,
    0xF7, 0xFF, 0xF7, 0xFE, 0xFF, 0xFF, 0xFF, 0xF8, 0x7F, 0xFF, 0x7F, 0xFE, 0xFF, 0x3F, 0xFF, 0xFF,
    0xFF, 0xFF, 0xFF, 0xFF, 0xFF, 0xFF, 0xFF, 0xFF, 0xFF, 0xFF, 0xFB, 0x7B, 0xE7, 0xFC, 0x88, 0x04,
    0x18, 0xD1, 0xC5, 0x52, 0x49, 0x49, 0x92, 0x8A, 0x7F, 0xD6, 0xBB, 0xFF, 0xAE, 0xB6, 0xAA, 0x44,
    0x49, 0x5F, 0xFA, 0xF5, 0x7F, 0xFE, 0xDB, 0xFF, 0x6B, 0xFB, 0x6E, 0xFF, 0xDB, 0x75, 0x7D, 0xEA,
    0xAF, 0x7F, 0x7F, 0x57, 0xD0, 0x20, 0x12, 0x20, 0xAA, 0x55, 0x40, 0x3B, 0xFF, 0xFE, 0x5F, 0x9F,
    0xC3, 0xC7, 0x7F, 0xFF, 0xBF, 0xFD, 0xEF, 0xFF, 0xFF, 0xFF, 0xFF, 0xF7, 0xFB, 0xFF, 0xDF, 0x7F,
    0x77, 0xFF, 0xFB, 0xFF, 0xDF, 0xF6, 0xDF, 0xDF, 0xFB, 0xDB, 0xDF, 0xF8, 0xFE, 0xED, 0xFF, 0xDF,
    0xEF, 0xBF, 0xFF, 0xFF, 0xFF, 0xFF, 0xFF, 0xFF, 0xFF, 0xFF, 0xFF, 0xFF, 0xFF, 0xFF, 0xF9, 0xFF,
    0xF7, 0xFE, 0x10, 0x00, 0x19, 0xC3, 0xC9, 0x2A, 0x95, 0x2A, 0x49, 0x50, 0x56, 0xDB, 0xEF, 0x6D,
    0x7F, 0xDA, 0xD5, 0x29, 0x22, 0x35, 0xBF, 0x5F, 0xDA, 0xD7, 0xFF, 0x6D, 0xFE, 0xAE, 0xFF, 0xB6,
    0xFF, 0xFF, 0xD7, 0xBF, 0xFB, 0xEA, 0xD5, 0xFB, 0xC0, 0x00, 0x80, 0x8A, 0x04, 0x00, 0x2A, 0x79,
    0xFF, 0xFE, 0x7F, 0xCF, 0xC1, 0xC7, 0xFB, 0xBE, 0xFE, 0xDF, 0xFF, 0xFF, 0xFF, 0xFF, 0xFF, 0xFF,
    0xBF, 0xFF, 0xFD, 0xFB, 0xFF, 0xFD, 0xDF, 0xFF, 0xFF, 0xBF, 0xFF, 0xFF, 0xFF, 0x7F, 0xFF, 0xF4,
    0x7B, 0xFF, 0xFE, 0xFF, 0xFF, 0xBF, 0xFF, 0xFF, 0xFF, 0xFF, 0xFF, 0xFF, 0xFF, 0xFF, 0xFF, 0xFF,
    0xFF, 0xFF, 0xFB, 0xFF, 0xE3, 0xFF, 0x28, 0x04, 0xF0, 0xC3, 0xC4, 0x89, 0x49, 0x52, 0xA4, 0x4A,
    0xFF, 0xD6, 0xBF, 0xFE, 0xAA, 0xBD, 0xAA, 0x92, 0x48, 0xBF, 0xEA, 0xFD, 0xFF, 0xFD, 0x57, 0xFF,
    0xB7, 0xFF, 0x5A, 0xFF, 0xAA, 0xAD, 0x7E, 0xED, 0xB6, 0xBF, 0x7F, 0x6D, 0xD0, 0x00, 0x08, 0x20,
    0xA9, 0x55, 0x00, 0x32, 0xFF, 0xFE, 0xFF, 0xDF, 0xD3, 0xC7, 0xFF, 0xFB, 0xFB, 0xFF, 0xFF, 0xFE,
    0xEF, 0xFF, 0xFF, 0xFF, 0xFF, 0xFF, 0x7F, 0xFF, 0xFF, 0xFF, 0xFF, 0xEE, 0xFF, 0xFF, 0xFF, 0x7D,
    0xFF, 0xFF, 0x7B, 0xF8, 0xFF, 0xFF, 0xFB, 0xFB, 0xFF, 0x3F, 0xFF, 0xFF, 0xFF, 0xFF, 0xFF, 0xFF,
    0xFF, 0xFF, 0xFF, 0xFF, 0xFF, 0xFF, 0xFB, 0xEF, 0xF7, 0xFF, 0xF4, 0x0B, 0xF9, 0xC9, 0xCA, 0x52,
    0x25, 0x24, 0x2A, 0xA8, 0xED, 0xBD, 0xFB, 0xDB, 0x7F, 0x6B, 0x54, 0xA4, 0x85, 0x76, 0xBE, 0xB7,
    0xB6, 0xDF, 0xFD, 0x6D, 0xFD, 0xB6, 0xFF, 0xAA, 0xFF, 0xFF, 0xEB, 0xBE, 0xFF, 0xEA, 0xED, 0xDF,
    0xC0, 0x80, 0x22, 0x04, 0x00, 0x00, 0xAA, 0x39, 0xFF, 0xFE, 0x7E, 0x8F, 0xC1, 0xC7, 0xBE, 0xFF,
    0xFF, 0xFB, 0xFF, 0xFB, 0xFF, 0xDD, 0xFF, 0xDD, 0xFF, 0xDD, 0xFF, 0xEF, 0xFF, 0xEF, 0xFF, 0xBF,
    0xFE, 0xFF, 0xFF, 0xFF, 0xEF, 0xFF, 0xFF, 0xF8, 0x7F, 0xEF, 0xEF, 0xFF, 0xBD, 0xBF, 0xFF, 0xFF,
    0xFF, 0xFF, 0xFF, 0xFF, 0xFF, 0xFF, 0xFF, 0xFF, 0xFF, 0xFF, 0xFB, 0xFF, 0xE7, 0xFF, 0xE2, 0xA1,
    0xF1, 0xC3, 0xC5, 0x29, 0x54, 0x92, 0x91, 0x11, 0xDF, 0xD7, 0x6F, 0x7D, 0xAA, 0xF6, 0xEA, 0x49,
    0x28, 0x5F, 0xF5, 0xFE, 0xFF, 0xF6, 0xDF, 0xFF, 0x57, 0xFD, 0x6B, 0xFF, 0xDB, 0x6B, 0x7E, 0xF7,
    0xAA, 0xBF, 0x77, 0x75, 0xA0, 0x00, 0x80, 0x91, 0x55, 0x54, 0x00, 0x3B, 0xFF, 0xFE, 0x01, 0x1F,
    0xD3, 0xC7, 0xF7, 0xEF, 0xDF, 0xEF, 0xBF, 0xEF, 0xFE, 0xFF, 0xFE, 0xFF, 0xF7, 0x7F, 0xF7, 0xBF,
    0xBB, 0xBF, 0xEE, 0xFF, 0xFB, 0xFF, 0x7B, 0xEF, 0xFE, 0xF7, 0xFF, 0xF0, 0xF7, 0xBF, 0xBF, 0xFF,
    0xFF, 0xBF, 0xFF, 0xFF, 0xFF, 0xFF, 0xFF, 0xFF, 0xFF, 0xFF, 0xFF, 0xFF, 0xFF, 0xFF, 0xFB, 0xFE,
    0xF3, 0xFF, 0xC2, 0x10, 0x71, 0xA1, 0xC8, 0x84, 0x92, 0x55, 0x4A, 0xA3, 0xF6, 0xBB, 0xFF, 0xF6,
    0xDB, 0x5F, 0x55, 0x24, 0x45, 0x7B, 0x6E, 0xD7, 0xDB, 0x7F, 0xB6, 0xB5, 0xFE, 0xAF, 0xBE, 0xDD,
    0xFF, 0xFF, 0xDB, 0xDD, 0xFF, 0xED, 0xBD, 0xDF, 0xC0, 0x04, 0x04, 0x04, 0x00, 0x02, 0xAA, 0x79,
    0xFF, 0xFF, 0x00, 0x3F, 0xC1, 0xC7, 0xFF, 0xFF, 0x7E, 0xFF, 0xFB, 0xBF, 0xFF, 0xFF, 0xDF, 0xFF,
    0xDF, 0xFF, 0xFF, 0xFE, 0xFF, 0xFE, 0xFF, 0xFF, 0xEF, 0xFB, 0xFF, 0xFF, 0x7F, 0xFF, 0xDF, 0xF8,
    0x7F, 0xFE, 0xFF, 0xDF, 0xFF, 0xBF, 0xFF, 0xFF, 0xFF, 0xFF, 0xFF, 0xFF, 0xFF, 0xFF, 0xFF, 0xFF,
    0xFF, 0xFF, 0xFB, 0xBB, 0xF7, 0xDF, 0xC3, 0x30, 0xF3, 0xC3, 0xC5, 0x55, 0x25, 0x48, 0x50, 0x4A,
    0xBF, 0xAE, 0xDB, 0xDB, 0x55, 0x7B, 0xAA, 0xA9, 0x28, 0xBF, 0xFD, 0xBD, 0xFF, 0xD6, 0xDF, 0xFF,
    0xB7, 0xFA, 0xF7, 0xF7, 0x55, 0x5A, 0xFF, 0x77, 0x6D, 0xBB, 0x6F, 0x76, 0x84, 0x00, 0x00, 0x91,
    0x55, 0x50, 0x00, 0x39, 0xFF, 0xFF, 0xC0, 0x7F, 0xC3, 0xC7, 0x7E, 0xFD, 0xFB, 0xFF, 0xEF, 0xFF,
    0xF7, 0xFF, 0xFF, 0xFF, 0xFF, 0xFF, 0xFE, 0xFF, 0xFF, 0xFF, 0xFF, 0xFD, 0xBF, 0xEF, 0xFF, 0x7D,
    0xFB, 0xFF, 0x7B, 0xF8, 0xFF, 0xFF, 0xFF, 0xFD, 0xF7, 0x3F, 0xFF, 0xFF, 0xFF, 0xFF, 0xFF, 0xFF,
    0xFF, 0xFF, 0xFF, 0xFF, 0xFF, 0xFF, 0xFB, 0xFF, 0xE3, 0xFF, 0x46, 0x1E, 0x63, 0xC9, 0xC4, 0xA8,
    0x92, 0x25, 0x26, 0xA3, 0xF6, 0xDB, 0xBE, 0xFE, 0xAA, 0x9E, 0xD5, 0x44, 0x82, 0x6A, 0xB5, 0xF7,
    0x6D, 0x7F, 0x7B, 0x6D, 0xFD, 0xBD, 0xBD, 0x5F, 0xFF, 0xFF, 0x55, 0xFD, 0xDE, 0xEE, 0xF5, 0xDF,
    0xD0, 0x00, 0x12, 0x04, 0x00, 0x0A, 0xAA, 0x3B, 0xFD, 0xDF, 0xEB, 0xFF, 0xD1, 0xC7, 0xEF, 0xEF,
    0xFF, 0xDD, 0xFF, 0xFF, 0xFF, 0xFE, 0xFB, 0xEE, 0xFF, 0xFB, 0xBF, 0xFF, 0xFE, 0xFF, 0xFF, 0xF7,
    0xFF, 0xFF, 0xEF, 0xFF, 0xFF, 0xFD, 0xFF, 0xF8, 0x7D, 0xFB, 0xFE, 0xFF, 0xDF, 0xBF, 0xFF, 0xFF,
    0xFF, 0xFF, 0xFF, 0xFF, 0xFF, 0xFF, 0xFF, 0xFF, 0xFF, 0xFF, 0xFB, 0xFF, 0xF7, 0xFF, 0xAF, 0x1F,
    0x47, 0xC3, 0xC9, 0x12, 0x49, 0x54, 0x91, 0x17, 0xBF, 0x7E, 0xF7, 0xEB, 0x6D, 0xAB, 0xDA, 0xAA,
    0x54, 0xFF, 0xFD, 0x7F, 0xFF, 0xF5, 0xDF, 0xFF, 0x6F, 0xED, 0xEF, 0xFA, 0xDD, 0xA9, 0xFF, 0xAF,
    0x77, 0xBB, 0xBF, 0x77, 0x40, 0x20, 0x00, 0x50, 0x95, 0x40, 0x00, 0x39, 0xFF, 0xFF, 0xFD, 0xFF,
    0xC2, 0xC7, 0xBF, 0xBF, 0xEF, 0xFF, 0xBF, 0xFF, 0xFF, 0xDF, 0xFF, 0xBF, 0xFF, 0x7F, 0xFB, 0xF7,
    0xEF, 0xFB, 0xEF, 0x7F, 0xFF, 0xFF, 0xFF, 0xF7, 0xFF, 0xDF, 0xFF, 0xF8, 0xF7, 0xDF, 0xFB, 0xFF,
    0xFF, 0xBF, 0xFF, 0xFF, 0xFF, 0xFF, 0xFF, 0xFF, 0xFF, 0xFF, 0xFF, 0xFF, 0xFF, 0xFF, 0xFB, 0xDF,
    0xF3, 0xFF, 0xFF, 0x8F, 0xCF, 0xA3, 0xC4, 0xA5, 0x24, 0x8A, 0x4A, 0x45, 0xDB, 0x57, 0xDF, 0xBD,
    0xAA, 0xB7, 0xAA, 0x51, 0x09, 0x6E, 0xD7, 0xD6, 0xB5, 0xBF, 0xF6, 0xAB, 0xFA, 0xFD, 0x7B, 0x6F,
    0xF7, 0xFE, 0xB6, 0xFB, 0xFB, 0xED, 0xD5, 0xDB, 0x80, 0x00, 0x84, 0x02, 0x08, 0x2A, 0xAA, 0x79,
    0xFF, 0xFF, 0xA7, 0xBF, 0xD1, 0xC7, 0xFD, 0xFF, 0xBF, 0x7F, 0xFF, 0xFF, 0x7F, 0x7F, 0xEF, 0xFF,
    0xFB, 0xFF, 0xFF, 0xDE, 0xFF, 0xEF, 0xFF, 0xFF, 0xFF, 0x7F, 0xBF, 0xBF, 0xDF, 0x7F, 0xFF, 0xF4,
    0x7F, 0xFF, 0xEF, 0xEF, 0x7F, 0x3F, 0xFF, 0xFF, 0xFF, 0xFF, 0xFF, 0xFF, 0xFF, 0xFF, 0xFF, 0xFF,
    0xFF, 0xFF, 0xFB, 0x7F, 0xE7, 0xFF, 0xFF, 0x3F, 0x1F, 0xC1, 0xCA, 0x49, 0x52, 0x51, 0x29, 0x4F,
    0x7E, 0xFA, 0xFE, 0xFA, 0xAA, 0x9E, 0xF5, 0x4A, 0x50, 0xFB, 0xFA, 0xFF, 0xFF, 0xEE, 0xDF, 0xFF,
    0x5F, 0xAD, 0xDF, 0xFD, 0xBE, 0xDB, 0xFF, 0xBE, 0xAE, 0xBE, 0xFF, 0x7F, 0x00, 0x00, 0x11, 0x20,
    0xA2, 0x80, 0x00, 0x33, 0xEF, 0xFF, 0x07, 0x3F, 0xC3, 0xC7, 0x7F, 0xFD, 0xFF, 0xF7, 0xFB, 0xBB,
    0xFB, 0xFD, 0xFF, 0xFF, 0xDF, 0xFF, 0xDF, 0xFF, 0xFF, 0xFF, 0xFF, 0xFF, 0xFD, 0xFB, 0xFD, 0xFF,
    0xFB, 0xFF, 0xEF, 0xF8, 0xFF, 0x7F, 0xBF, 0xFF, 0xFF, 0xBF, 0xFF, 0xFF, 0xFF, 0xFF, 0xFF, 0xFF,
    0xFF, 0xFF, 0xFF, 0xFF, 0xFF, 0xFF, 0xF9, 0xFF, 0xF3, 0xFD, 0xFF, 0xFE, 0x7F, 0xCB, 0xC1, 0x24,
    0x89, 0x4A, 0x92, 0x47, 0xEF, 0x5F, 0x6F, 0xF6, 0xAA, 0xA5, 0xDD, 0x51, 0x0A, 0xDF, 0x5B, 0xB5,
    0xB6, 0xFB, 0xFB, 0x7B, 0xF6, 0xFD, 0xF6, 0xDF, 0xED, 0xFE, 0xD5, 0xEB, 0xFB, 0xEB, 0x55, 0xD7,
    0xA0, 0x02, 0x00, 0x08, 0x08, 0x55, 0x54, 0x39, 0xFF, 0xFE, 0x07, 0xBF, 0xC1, 0xCB, 0xF7, 0xEF,
    0xFD, 0xFE, 0xEF, 0xFF, 0xFF, 0xFF, 0xFF, 0xFD, 0xFF, 0xEE, 0xFE, 0xFF, 0xFF, 0x7F, 0x7B, 0xEE,
    0xEF, 0xFF, 0xFF, 0xFF, 0xFF, 0xFB, 0xBF, 0xF8, 0x7D, 0xFE, 0xFF, 0xFF, 0xFB, 0xBF, 0xFF, 0xFF,
    0xFF, 0xFF, 0xFF, 0xFF, 0xFF, 0xFF, 0xFF, 0xFF, 0xFF, 0xFF, 0xFB, 0xFD, 0xE7, 0xF7, 0xFE, 0xB5,
    0x7F, 0xA1, 0xCA, 0x92, 0x54, 0x91, 0x49, 0x2E, 0xBA, 0xEB, 0xFF, 0xDD, 0x55, 0x5B, 0x75, 0x4A,
    0x51, 0xED, 0xFA, 0xFF, 0xFF, 0xBF, 0x6F, 0xDE, 0xDF, 0xD6, 0xDF, 0xF5, 0x7F, 0x6B, 0xFF, 0x7E,
    0xDE, 0xBD, 0xFF, 0x7E, 0x81, 0x08, 0x00, 0x82, 0x82, 0x00, 0x02, 0x3A, 0xFF, 0xFA, 0x57, 0xCF,
    0xD3, 0xC7, 0xFF, 0x7F, 0xFF, 0xDF, 0xFF, 0xFF, 0xEF, 0xF7, 0xBE, 0xEF, 0xFF, 0xBF, 0xFB, 0xFE,
    0xDD, 0xFF, 0xFF, 0xBF, 0xFF, 0xFF, 0xF7, 0xF7, 0x7F, 0xFF, 0xFE, 0xF8, 0xBF, 0xF7, 0xFF, 0xFB,
    0xFF, 0x3F, 0xFF, 0xFF, 0xFF, 0xFF, 0xFF, 0xFF, 0xFF, 0xFF, 0xFF, 0xFF, 0xFF, 0xFF, 0xFB, 0xFF,
    0xF7, 0xDF, 0xFF, 0xEB, 0xFD, 0xC3, 0xC4, 0x49, 0x22, 0x4A, 0x24, 0x8F, 0xFE, 0xBD, 0x6E, 0xFA,
    0xAA, 0xAB, 0xD5, 0x28, 0x89, 0x7F, 0xB7, 0xAD, 0x5B, 0xED, 0xFD, 0xF7, 0xFB, 0x7B, 0xFA, 0xBF,
    0xD7, 0xFF, 0x5B, 0xD7, 0xF7, 0xEE, 0xD6, 0xEB, 0x00, 0x00, 0x12, 0x28, 0x28, 0xAA, 0xA8, 0x79,
    0xFF, 0xBE, 0xE7, 0x9F, 0xC1, 0xC7, 0xBD, 0xFF, 0x6F, 0xFF, 0xBF, 0xFF, 0xBF, 0xDF, 0xFB, 0xFF,
    0xFF, 0xFF, 0xFF, 0xF7, 0xFF, 0xFF, 0xFF, 0xFF, 0xFF, 0xEF, 0x7F, 0xDF, 0xF7, 0xBF, 0xFF, 0xF0,
    0x7F, 0xFF, 0xFF, 0x7F, 0xBF, 0xBF, 0xFF, 0xFF, 0xFF, 0xFF, 0xFF, 0xFF, 0xFF, 0xFF, 0xFF, 0xFF,
    0xFF, 0xFF, 0xFB, 0xFF, 0xF3, 0xFF, 0xFF, 0xFF, 0xFF, 0xC3, 0xC2, 0xA4, 0x95, 0x24, 0x92, 0x56,
    0xDA, 0xEF, 0xFF, 0xED, 0x2A, 0xAA, 0xB5, 0x52, 0x45, 0xD5, 0xFA, 0xFF, 0xFE, 0xFF, 0xB7, 0x5D,
    0xBF, 0xFB, 0x5F, 0xED, 0xFD, 0x5B, 0xFE, 0xFD, 0x5D, 0xBB, 0x7D, 0xBF, 0x40, 0x00, 0x00, 0x01,
    0x02, 0x00, 0x02, 0x3B, 0xFF, 0xFE, 0x67, 0xCF, 0xC3, 0xC7, 0xF7, 0xF7, 0xFE, 0xFD, 0xFE, 0xDB,
    0xFE, 0xFF, 0xFF, 0xFF, 0xBB, 0xFF, 0xDF, 0xDF, 0xFF, 0xFB, 0xDF, 0xFF, 0xFF, 0xFF, 0xFF, 0x7F,
    0xFF, 0xFD, 0xF7, 0xF8, 0xFB, 0xFF, 0xFD, 0xFF, 0xFF, 0xBF, 0xFF, 0xFF, 0xFF, 0xFF, 0xFF, 0xFF,
    0xFF, 0xFF, 0xFF, 0xFF, 0xFF, 0xFF, 0xFB, 0xDF, 0xE7, 0xFF, 0xFB, 0xFF, 0xFF, 0xD1, 0xC9, 0x12,
    0xA0, 0x92, 0x49, 0x0F, 0xFD, 0xBB, 0x77, 0xBA, 0xAA, 0xAA, 0xD4, 0xA9, 0x29, 0xFF, 0x57, 0xDB,
    0x6B, 0xAB, 0xFF, 0xFF, 0xEA, 0xAB, 0xF6, 0xFF, 0x6F, 0xFE, 0xD7, 0xB7, 0xF7, 0x75, 0xD7, 0xEE,
    0x80, 0x00, 0x09, 0x24, 0x51, 0x54, 0xA8, 0x39, 0xFF, 0xFD, 0x77, 0x1F, 0xD1, 0xC7, 0xFF, 0xDF,
    0xFB, 0xEF, 0xFF, 0xFF, 0xFF, 0xFF, 0xFF, 0xFE, 0xFF, 0xFB, 0x7F, 0xFF, 0xFF, 0xEF, 0xFD, 0xFD,
    0xDD, 0xFF, 0xFF, 0xFF, 0xBE, 0xF7, 0xDF, 0xF8, 0x7F, 0xDF, 0xF7, 0xF7, 0xF7, 0x3F, 0xFF, 0xFF,
    0xFF, 0xFF, 0xFF, 0xFF, 0xFF, 0xFF, 0xFF, 0xFF, 0xFF, 0xFF, 0xFB, 0x7F, 0xF3, 0xFF, 0xFF, 0xFF,
    0xFF, 0xC3, 0xC4, 0xA9, 0x2D, 0x49, 0x24, 0x9D, 0x6D, 0xEF, 0xDF, 0xAA, 0x55, 0x55, 0x6A, 0xA4,
    0x85, 0xB7, 0xF5, 0x7F, 0xFF, 0xFE, 0xAD, 0x6A, 0xBF, 0xFB, 0x7F, 0xAB, 0xFB, 0x6B, 0xFD, 0xEE,
    0xDD, 0xDB, 0xFD, 0x77, 0x04, 0x40, 0x40, 0x01, 0x08, 0x01, 0x02, 0x39, 0xFF, 0xFE, 0x00, 0x1F,
    0xC3, 0xC7, 0x7F, 0xFE, 0xEF, 0xFF, 0xF7, 0xFE, 0xF7, 0xFD, 0xBF, 0xBB, 0xFF, 0xBF, 0xFE, 0xFE,
    0xEF, 0xFF, 0xFF, 0xF7, 0xFF, 0xDD, 0xEF, 0xFD, 0xFF, 0xFF, 0xFF, 0xF8, 0xFF, 0xFE, 0xFF, 0xFF,
    0xFF, 0xBF, 0xFF, 0xFF, 0xFF, 0xFF, 0xFF, 0xFF, 0xFF, 0xFF, 0xFF, 0xFF, 0xFF, 0xFF, 0xFB, 0xFD,
    0xE7, 0xFF, 0xEF, 0xFF, 0xEF, 0xC3, 0xCA, 0x44, 0x90, 0xA4, 0x92, 0x1F, 0xFB, 0x7A, 0xFE, 0xDA,
    0x92, 0x95, 0x5A, 0x52, 0x29, 0xDD, 0x6F, 0xEA, 0xDB, 0x6F, 0xFF, 0xFF, 0xF6, 0xDB, 0xD5, 0xFE,
    0xAF, 0xFF, 0x5F, 0x7B, 0xF7, 0x7E, 0xAF, 0xBE, 0x00, 0x02, 0x04, 0x90, 0x22, 0xA4, 0x48, 0x79,
    0xEF, 0x7F, 0x00, 0x3F, 0xD1, 0xC7, 0xDD, 0xFB, 0xFF, 0xFF, 0x7F, 0xBB, 0xFF, 0xF7, 0xFB, 0xFF,
    0xFF, 0xFF, 0xFB, 0xFB, 0xFE, 0xFF, 0xFF, 0xDF, 0xFF, 0xFF, 0xFD, 0xFF, 0xFB, 0xFF, 0xFF, 0xF8,
    0x7E, 0xFF, 0xFF, 0xFF, 0x7F, 0x3F, 0xFF, 0xFF, 0xFF, 0xFF, 0xFF, 0xFF, 0xFF, 0xFF, 0xFF, 0xFF,
    0xFF, 0xFF, 0xFB, 0xF7, 0xF3, 0xFF, 0xFF, 0xFF, 0xBF, 0xA1, 0xC1, 0x29, 0x4A, 0x12, 0x4A, 0x8D,
    0xBB, 0xAF, 0xEF, 0xB5, 0x55, 0x55, 0x6A, 0x91, 0x23, 0x7F, 0xF5, 0xBF, 0xFF, 0xFB, 0x6B, 0x6E,
    0xDF, 0xF7, 0x7F, 0x6F, 0xFD, 0x5B, 0xF5, 0xDE, 0xBD, 0xD3, 0xF5, 0xDE, 0x80, 0x00, 0x10, 0x0A,
    0x88, 0x11, 0x10, 0x35, 0xFF, 0xDF, 0x80, 0xFF, 0xC1, 0xC7, 0xFF, 0xBF, 0xFF, 0x6D, 0xFE, 0xFF,
    0xFF, 0x7F, 0xFF, 0xFF, 0xFD, 0xFF, 0xFF, 0xEF, 0xFF, 0xFF, 0x77, 0xFF, 0xF7, 0xFF, 0xFF, 0xDF,
    0xEF, 0xDE, 0xFB, 0xF8, 0xF7, 0xFB, 0xEF, 0xDF, 0xFB, 0xBF, 0xFF, 0xFF, 0xFF, 0xFF, 0xFF, 0xFF,
    0xFF, 0xFF, 0xFF, 0xFF, 0xFF, 0xFF, 0xFB, 0xDF, 0xF7, 0xEF, 0x7F, 0xFE, 0xFF, 0xCB, 0xCA, 0x84,
    0x49, 0x49, 0x24, 0x2F, 0xF5, 0xFD, 0xBE, 0xD2, 0x54, 0x92, 0xBA, 0xAA, 0x4B, 0xD5, 0xAE, 0xF6,
    0xAD, 0x5F, 0xFF, 0xFB, 0xFB, 0x6D, 0xF7, 0xFA, 0xDF, 0xFE, 0xDF, 0x77, 0xEF, 0x7E, 0xBE, 0xED,
    0x00, 0x00, 0x01, 0x40, 0x22, 0x84, 0x44, 0x39, 0xFF, 0x8F, 0xF5, 0xFF, 0xC3, 0xC7, 0x77, 0xFF,
    0xBB, 0xFF, 0xEF, 0xFF, 0xDD, 0xFF, 0xEF, 0xEF, 0xF7, 0xFB, 0xBF, 0xFF, 0xFB, 0xEF, 0xFF, 0xFF,
    0xDF, 0xFF, 0x7F, 0xFF, 0xBF, 0xFF, 0xEF, 0xF8, 0x7F, 0xFF, 0xFF, 0xFF, 0xEF, 0xBF, 0xFF, 0xFF,
    0xFF, 0xFF, 0xFF, 0xFF, 0xFF, 0xFF, 0xFF, 0xFF, 0xFF, 0xFF, 0xF9, 0xFF, 0xE3, 0xFF, 0xFF, 0xEF,
    0xFF, 0xC1, 0xC4, 0x52, 0xA4, 0xA5, 0x52, 0x1B, 0x7B, 0x6F, 0xFF, 0x6A, 0xA5, 0x55, 0x55, 0x20,
    0x82, 0xFF, 0xF7, 0xDF, 0xFF, 0xFA, 0xB6, 0xAF, 0x6F, 0xF7, 0xBD, 0xAF, 0xF5, 0xAB, 0xF7, 0xDD,
    0xBB, 0xD5, 0xEB, 0xBE, 0x08, 0x10, 0x04, 0x12, 0x08, 0x21, 0x11, 0x3B, 0xFF, 0xCE, 0xFF, 0xFF,
    0xD1, 0xC7, 0xFF, 0xDD, 0xFF, 0xFF, 0xFF, 0xFF, 0x7F, 0xFF, 0xBF, 0x7F, 0xDF, 0xEF, 0xFE, 0xFF,
    0xBF, 0xFF, 0xFF, 0x7F, 0xFF, 0xBB, 0xEF, 0x7B, 0xFF, 0xFB, 0xFF, 0xF8, 0xFF, 0xDF, 0xFE, 0xFD,
    0xFF, 0xBF, 0xFF, 0xFF, 0xFF, 0xFF, 0xFF, 0xFF, 0xFF, 0xFF, 0xFF, 0xFF, 0xFF, 0xFF, 0xFB, 0xFF,
    0xF7, 0xFF, 0xFF, 0xFF, 0xFF, 0xC3, 0xC2, 0x94, 0x12, 0x12, 0x09, 0x5F, 0xEF, 0xFB, 0xFD, 0xAA,
    0x94, 0xA5, 0x6A, 0x95, 0x2B, 0xB6, 0xAA, 0xFB, 0x6B, 0x6F, 0xFF, 0xFD, 0xFA, 0xAE, 0xEF, 0xFD,
    0xBF, 0xFF, 0x5D, 0x7F, 0x6E, 0xFF, 0x7E, 0xEC, 0x80, 0x40, 0x90, 0x01, 0x42, 0x94, 0x44, 0x39,
    0xFD, 0x8E, 0x7F, 0xDF, 0xC3, 0xC7, 0xFE, 0xFF, 0xEF, 0x6F, 0x7F, 0xDD, 0xFF, 0xF6, 0xFF, 0xFF,
    0x7F, 0xFF, 0xF7, 0xFD, 0xFF, 0xFD, 0xFF, 0xFD, 0xFF, 0xFF, 0xFF, 0xFF, 0xFE, 0xFF, 0xFF, 0xF4,
    0x77, 0x7F, 0xBF, 0xFF, 0xFF, 0x3F, 0xFF, 0xFF, 0xFF, 0xFF, 0xFF, 0xFF, 0xFF, 0xFF, 0xFF, 0xFF,
    0xFF, 0xFF, 0xFB, 0xDB, 0xF3, 0xFF, 0xFF, 0xFF, 0xFF, 0xA3, 0xC8, 0x42, 0xC9, 0x49, 0x52, 0x36,
    0xB5, 0x5F, 0x6E, 0xD5, 0x52, 0x94, 0xBA, 0x52, 0x47, 0x7F, 0xEF, 0xAF, 0xFF, 0xFD, 0xAB, 0x77,
    0xBF, 0xF7, 0xBA, 0xDF, 0xED, 0x6D, 0xFF, 0xEB, 0xFB, 0xAB, 0xAB, 0xBE, 0x00, 0x00, 0x01, 0x48,
    0x28, 0x01, 0x10, 0x79, 0xF7, 0xDE, 0x77, 0x5F, 0xD1, 0xC7, 0xDB, 0xF7, 0xBF, 0xFD, 0xFB, 0xFF,
    0xFF, 0xDF, 0xFF, 0xFD, 0xFF, 0xFF, 0xDF, 0xDF, 0xFF, 0x7F, 0xDD, 0xF7, 0xFE, 0xFF, 0xFF, 0xFF,
    0xFF, 0xEF, 0xBF, 0xF8, 0xFF, 0xFE, 0xFF, 0xFF, 0xDF, 0xBF, 0xFF, 0xFF, 0xFF, 0xFF, 0xFF, 0xFF,
    0xFF, 0xFF, 0xFF, 0xFF, 0xFF, 0xFF, 0xFB, 0xFF, 0xE7, 0xF7, 0xFF, 0xFF, 0xFF, 0xC9, 0xC5, 0x29,
    0x24, 0xA4, 0xA4, 0x3F, 0x77, 0xFD, 0xFF, 0xB4, 0xAA, 0x52, 0xAA, 0x88, 0x93, 0xDA, 0xD6, 0xFD,
    0xB6, 0xD7, 0xFF, 0xDE, 0xED, 0xD6, 0xFF, 0xF5, 0x7F, 0xFF, 0x6B, 0x7E, 0xAE, 0xF6, 0xFE, 0xF8,
    0x00, 0x00, 0x10, 0x12, 0x02, 0x54, 0x02, 0x39, 0xFF, 0xC0, 0x00, 0x3F, 0xC3, 0xC7, 0x7F, 0xFF,
    0xFD, 0xFF, 0xFF, 0x7F, 0xFB, 0xFF, 0xFD, 0xEF, 0xFF, 0xFE, 0xFF, 0xFF, 0xF7, 0xFF, 0xFF, 0xFF,
    0xF7, 0xFF, 0xFB, 0xDD, 0xBB, 0xFF, 0xFB, 0xF8, 0x7F, 0xFB, 0xFF, 0xDF, 0x7F, 0x3F, 0xFF, 0xFF,
    0xFF, 0xFF, 0xFF, 0xFF, 0xFF, 0xFF, 0xFF, 0xFF, 0xFF, 0xFF, 0xFB, 0x7F, 0xF3, 0xFF, 0xFF, 0x7F,
    0xFF, 0xC3, 0xC9, 0x44, 0x92, 0x12, 0x10, 0xB5, 0xAD, 0xB7, 0xFB, 0x52, 0x92, 0x95, 0x74, 0xA5,
    0x2B, 0x7F, 0xDF, 0xDB, 0xFF, 0xBE, 0xDA, 0xFB, 0xF7, 0x77, 0xDB, 0x5F, 0xD5, 0xAB, 0xFF, 0xD7,
    0xFB, 0xAF, 0xAB, 0xAE, 0x01, 0x01, 0x04, 0x40, 0xA0, 0x81, 0x50, 0x3B, 0xFF, 0xE0, 0x00, 0x1F,
    0xC1, 0xC7, 0xFF, 0xBE, 0xFF, 0xDF, 0xEF, 0xFB, 0xEF, 0xFF, 0xF7, 0xFF, 0xFF, 0x7F, 0xFF, 0x7F,
    0xBF, 0xEF, 0xFF, 0xFF, 0xBF, 0xF7, 0x6F, 0xFF, 0xFF, 0xFF, 0xFF, 0xF8, 0x7B, 0xFF, 0xFB, 0xFD,
    0xFD, 0xBF, 0xFF, 0xFF, 0xFF, 0xFF, 0xFF, 0xFF, 0xFF, 0xFF, 0xFF, 0xFF, 0xFF, 0xFF, 0xFB, 0xEF,
    0xE7, 0xFF, 0xF7, 0xFF, 0xFF, 0xA1, 0xC4, 0x2A, 0x49, 0x49, 0x4A, 0x3E, 0xF7, 0xFF, 0xDF, 0xAA,
    0xA9, 0x4A, 0xBA, 0x52, 0x47, 0xEB, 0x6A, 0xFE, 0xAA, 0xFB, 0xFF, 0xBF, 0x5F, 0xDD, 0xFF, 0xFB,
    0x7F, 0xFE, 0xAD, 0x7D, 0x6E, 0xF5, 0xFE, 0xFC, 0x44, 0x00, 0x11, 0x09, 0x0A, 0x10, 0x04, 0x39,
    0xFF, 0xE8, 0x00, 0x1F, 0xD2, 0xC7, 0xEE, 0xFB, 0xEF, 0x7F, 0xBF, 0xEF, 0xFF, 0xBF, 0x7F, 0xFF,
    0xFD, 0xF7, 0xFF, 0xFB, 0xFF, 0xFE, 0xF7, 0xDF, 0xFF, 0xFF, 0xFF, 0xFF, 0xFF, 0xBB, 0xBF, 0xF0,
    0xFF, 0xBF, 0xFF, 0xFF, 0xFF, 0xBF, 0xFF, 0xFF, 0xFF, 0xFF, 0xFF, 0xFF, 0xFF, 0xFF, 0xFF, 0xFF,
    0xFF, 0xFF, 0xF9, 0xFD, 0xF3, 0xFF, 0xDF, 0xFE, 0xFB, 0xC3, 0xC2, 0x91, 0x24, 0xA4, 0xA4, 0x56,
    0xAE, 0xDF, 0x7E, 0xD5, 0x24, 0x57, 0x55, 0x09, 0x17, 0x7E, 0xDF, 0xAF, 0xFF, 0xDE, 0xAD, 0xEB,
    0xFA, 0xEF, 0x55, 0xBF, 0xED, 0x6F, 0xFB, 0xDB, 0xDF, 0xB7, 0x57, 0xBA, 0x00, 0x00, 0x40, 0x00,
    0x20, 0x8A, 0x92, 0x79, 0xFF, 0xFE, 0xBF, 0xBD, 0xC1, 0xCB, 0xBF, 0xFF, 0xFD, 0xFB, 0xFE, 0xFF,
    0xBF, 0xFD, 0xFF, 0x7B, 0xF7, 0xFF, 0xDF, 0xFF, 0xFF, 0xFF, 0xFF, 0x7E, 0xFF, 0xDF, 0xFF, 0x7B,
    0xEE, 0xFF, 0xFF, 0xF8, 0x7F, 0xFF, 0xEF, 0xBF, 0xFF, 0xBF, 0xFF, 0xFF, 0xFF, 0xFF, 0xFF, 0xFF,
    0xFF, 0xFF, 0xFF, 0xFF, 0xFF, 0xFF, 0xFB, 0xFF, 0xF7, 0xFF, 0x7F, 0xFF, 0xFF, 0xC9, 0xC9, 0x4A,
    0x92, 0x12, 0x10, 0x5F, 0xDB, 0xF7, 0xFB, 0x54, 0x92, 0xA8, 0xB0, 0xE4, 0xAE, 0xDB, 0xD6, 0xFB,
    0x76, 0xF7, 0xFF, 0x7E, 0xDF, 0xAD, 0xFF, 0xEA, 0xDF, 0xDA, 0xDF, 0x7F, 0x75, 0xDD, 0xFA, 0xF8,
    0x00, 0x04, 0x02, 0x52, 0x8A, 0x20, 0x20, 0x33, 0xFF, 0xFF, 0xFF, 0xEF, 0xD3, 0xC7, 0xFF, 0xEF,
    0xBF, 0xFF, 0xFF, 0xFF, 0xFF, 0xFF, 0xFF, 0xEF, 0xBF, 0xFF, 0x7D, 0xEF, 0xFD, 0xBB, 0xFF, 0xFF,
    0xFF, 0x7F, 0xFF, 0xFF, 0xFF, 0xFF, 0xF7, 0xF8, 0xEE, 0xFF, 0x7F, 0xFF, 0xF7, 0x3F, 0xFF, 0xFF,
    0xFF, 0xFF, 0xFF, 0xFF, 0xFF, 0xFF, 0xFF, 0xFF, 0xFF, 0xFF, 0xFB, 0xB7, 0xE3, 0xFD, 0xFF, 0xFF,
    0xFF, 0xC3, 0xC4, 0x29, 0x29, 0x49, 0x49, 0x3D, 0x6F, 0x7E, 0xEF, 0xAA, 0xAA, 0xB6, 0xAA, 0x12,
    0x0F, 0xF7, 0x5F, 0xDF, 0xDF, 0xBD, 0xB7, 0xDB, 0xF6, 0xFF, 0xB6, 0xBF, 0xF6, 0xFF, 0xF5, 0xEB,
    0xDE, 0xEF, 0x5F, 0xBA, 0x00, 0x00, 0x08, 0x00, 0x20, 0x8A, 0x8A, 0x39, 0xEF, 0xFF, 0xFF, 0xFF,
    0xC1, 0xC7, 0xF6, 0xFE, 0xFF, 0xFF, 0xF7, 0xFE, 0xFD, 0xEF, 0xED, 0xFF, 0xFF, 0xFF, 0xFF, 0xFF,
    0x77, 0xFF, 0xFF, 0xFF, 0xFD, 0xFD, 0xDF, 0xEF, 0xBF, 0xFD, 0xDF, 0x78, 0x7F, 0xF7, 0xFF, 0xFB,
    0xBF, 0xBF, 0xFF, 0xFF, 0xFF, 0xFF, 0xFF, 0xFF, 0xFF, 0xFF, 0xFF, 0xFF, 0xFF, 0xFF, 0xFB, 0xFF,
    0xF7, 0xF7, 0xFF, 0xFF, 0xFF, 0xC3, 0xC5, 0x54, 0x84, 0xA4, 0xA0, 0x76, 0xDD, 0xDF, 0xFE, 0xA9,
    0x42, 0x52, 0xB5, 0x49, 0x56, 0xBD, 0xDA, 0xF5, 0x7B, 0x6F, 0xFD, 0x7F, 0x7F, 0xCA, 0xFF, 0xF6,
    0xBD, 0xAB, 0x5F, 0xBE, 0xF7, 0xB5, 0xEA, 0xE8, 0x00, 0x00, 0x80, 0x94, 0x88, 0x20, 0x00, 0x3A,
    0xFF, 0xEE, 0xB5, 0x5F, 0xD3, 0xC7, 0x7F, 0xFF, 0xF7, 0x6E, 0xDF, 0xBB, 0xF7, 0xFF, 0xFF, 0xFF,
    0xFF, 0xDF, 0xFF, 0xBF, 0xFF, 0xFF, 0xDD, 0xFB, 0xEF, 0xFF, 0xFD, 0xFF, 0xFB, 0xEF, 0xFF, 0xF8,
    0xFF, 0xFF, 0xFE, 0xFF, 0xFF, 0xBF, 0xFF, 0xFF, 0xFF, 0xFF, 0xFF, 0xFF, 0xFF, 0xFF, 0xFF, 0xFF,
    0xFF, 0xFF, 0xFB, 0xFF, 0xE7, 0xFF, 0xFF, 0xFF, 0xFF, 0xD1, 0xC8, 0x82, 0x55, 0x15, 0x14, 0xBB,
    0xB7, 0xFB, 0xB6, 0xAA, 0x95, 0x69, 0x52, 0xA4, 0x5F, 0xEF, 0x6F, 0xBF, 0xEF, 0xF5, 0x57, 0xED,
    0xD5, 0xBF, 0xDA, 0xDF, 0xEF, 0xFE, 0xF6, 0xED, 0xBD, 0xDF, 0x7F, 0xB8, 0x08, 0x20, 0x22, 0x00,
    0x22, 0x84, 0xA8, 0x79, 0xFF, 0xE3, 0x02, 0x1F, 0xC1, 0xC7, 0xFF, 0xDF, 0xFF, 0xFF, 0xFE, 0xFF,
    0xFF, 0xFE, 0xFF, 0xFE, 0xFF, 0x7D, 0xF7, 0xFF, 0xFF, 0xFF, 0xFF, 0xEF, 0xFF, 0xFF, 0xFF, 0xBE,
    0xFF, 0xBF, 0xFF, 0xF8, 0x7B, 0xFF, 0xFF, 0xFF, 0xFF, 0x3F, 0xFF, 0xFF, 0xFF, 0xFF, 0xFF, 0xFF,
    0xFF, 0xFF, 0xFF, 0xFF, 0xFF, 0xFF, 0xFB, 0xB7, 0xF3, 0xFF, 0xFF, 0xF7, 0xFF, 0xA3, 0xC5, 0x55,
    0x22, 0x48, 0x80, 0x6D, 0xBF, 0x6D, 0xDB, 0x55, 0x49, 0xA5, 0x54, 0x92, 0x8D, 0x7B, 0xBB, 0xED,
    0xBD, 0x5F, 0xFE, 0xFF, 0xFF, 0xD6, 0xFF, 0xFA, 0xF6, 0xB7, 0xDF, 0xBF, 0xEE, 0xD5, 0xAA, 0xF9,
    0x00, 0x00, 0x08, 0x45, 0x08, 0x20, 0x02, 0x3B, 0xFF, 0xA3, 0x00, 0x1F, 0xD1, 0xCB, 0xED, 0xFB,
    0xBF, 0xFF, 0xFF, 0xFF, 0xFF, 0xBB, 0xFF, 0xBB, 0xF7, 0xFF, 0xFF, 0xFD, 0xDF, 0xBB, 0xFF, 0xBF,
    0xFF, 0xFF, 0xFF, 0xFF, 0xFF, 0xFF, 0xFB, 0xF8, 0xFF, 0xDE, 0xEF, 0xEF, 0xFB, 0xBF, 0xFF, 0xFF,
    0xFF, 0xFF, 0xFF, 0xFF, 0xFF, 0xFF, 0xFF, 0xFF, 0xFF, 0xFF, 0xFB, 0xFF, 0xE7, 0xFF, 0xFF, 0xFF,
    0xDD, 0xC3, 0xC0, 0x20, 0x94, 0xA4, 0x52, 0x76, 0xDD, 0xF6, 0x6D, 0x54, 0xA6, 0xD4, 0xD5, 0x48,
    0x3F, 0xDE, 0xAE, 0xBF, 0xF7, 0x85, 0xB7, 0xAB, 0x5B, 0x5F, 0xAB, 0x5F, 0xBD, 0xED, 0x7A, 0xF5,
    0x77, 0x6F, 0xFF, 0xB4, 0x00, 0x02, 0x01, 0x10, 0x42, 0x0A, 0x90, 0x39, 0xFF, 0xE6, 0x00, 0x1F,
    0xC3, 0xC7, 0xBF, 0xFF, 0xFB, 0x7B, 0xFF, 0xFF, 0xDF, 0xFF, 0xED, 0xFF, 0xFF, 0xFF, 0xDF, 0x77,
    0xFE, 0xFF, 0xF7, 0xFF, 0xBF, 0xF6, 0xEF, 0xFB, 0xEF, 0xFE, 0xDF, 0xF8, 0x7F, 0xFF, 0xFF, 0xFE,
    0xEF, 0xBF, 0xFF, 0xFF, 0xFF, 0xFF, 0xFF, 0xFF, 0xFF, 0xFF, 0xFF, 0xFF, 0xFF, 0xFF, 0xF9, 0xFF,
    0xF3, 0xFF, 0xFF, 0xFF, 0xFF, 0xC1, 0xCA, 0x95, 0x22, 0x12, 0xA0, 0xBD, 0x7F, 0x92, 0xAB, 0x55,
    0x13, 0xAA, 0xA8, 0xA5, 0x55, 0x77, 0xBF, 0xF6, 0xDD, 0x96, 0xFD, 0xFF, 0xFF, 0xBB, 0xFF, 0xF6,
    0xEF, 0xBF, 0xEF, 0xDF, 0xDD, 0xDD, 0x55, 0xF0, 0x00, 0x80, 0x44, 0x04, 0x90, 0xA0, 0x0A, 0x79,
    0xFF, 0xF7, 0xBB, 0x5F, 0xD1, 0xC7, 0xFF, 0x6F, 0xEF, 0xFF, 0x6F, 0xEE, 0xFD, 0xFF, 0xFF, 0xFF,
    0xFF, 0xFF, 0xFF, 0xFF, 0xFF, 0xFF, 0xDF, 0xFF, 0xFF, 0xDF, 0xFE, 0xFF, 0xFE, 0xFB, 0xFF, 0xF8,
    0xFF, 0x7F, 0xFE, 0xFF, 0xFF, 0x3F, 0xFF, 0xFF, 0xFF, 0xFF, 0xFF, 0xFF, 0xFF, 0xFF, 0xFF, 0xFF,
    0xFF, 0xFF, 0xFB, 0xB7, 0xE7, 0xFF, 0xFF, 0xFF, 0xFF, 0xD3, 0xC5, 0x48, 0x94, 0xA1, 0x09, 0x6B,
    0xBF, 0xCA, 0xAD, 0xAA, 0x55, 0x52, 0xD5, 0x10, 0x3F, 0xDD, 0xB5, 0x5F, 0x77, 0x41, 0xD7, 0x76,
    0xD5, 0xBE, 0xB5, 0xBD, 0xBA, 0xF5, 0xBB, 0x76, 0xF7, 0x77, 0xFE, 0xF0, 0x04, 0x00, 0x10, 0x50,
    0x0A, 0x04, 0xA0, 0x33, 0xFE, 0xFF, 0xBF, 0xFF, 0xC3, 0xC7, 0xFD, 0xFE, 0xFF, 0xEF, 0xFE, 0xFF,
    0xFF, 0xFF, 0xBF, 0xFF, 0xBF, 0xEF, 0x7F, 0xFF, 0xFB, 0xFF, 0x7F, 0xFE, 0xFE, 0xFF, 0xFF, 0xEF,
    0xBF, 0xEF, 0xFF, 0xF8, 0x77, 0xFF, 0xFF, 0xFF, 0xFF, 0xBF, 0xFF, 0xFF, 0xFF, 0xFF, 0xFF, 0xFF,
    0xFF, 0xFF, 0xFF, 0xFF, 0xFF, 0xFF, 0xFB, 0xFF, 0xF7, 0xFF, 0xFF, 0xBF, 0xFF, 0xC3, 0xC0, 0x25,
    0x42, 0x4A, 0x40, 0xEB, 0x76, 0x54, 0xAB, 0x59, 0x4B, 0x4A, 0xA8, 0xAA, 0xAD, 0xF7, 0x5F, 0xFB,
    0xDF, 0x2A, 0xFD, 0xDF, 0xBF, 0xB7, 0xFF, 0xEF, 0xED, 0x2F, 0xEF, 0xDF, 0x5D, 0xBD, 0x57, 0x68,
    0x20, 0x04, 0x01, 0x02, 0x40, 0x90, 0x04, 0x39, 0xFF, 0xFF, 0xFF, 0x5F, 0xC1, 0xC7, 0xB7, 0xFF,
    0xFF, 0x7F, 0xFF, 0xFF, 0xFF, 0xDB, 0xFF, 0xDD, 0xFB, 0x7F, 0xFD, 0xFF, 0x6F, 0xFB, 0xFF, 0x77,
    0xFB, 0xFF, 0xEF, 0xFF, 0xFF, 0xFF, 0xFF, 0xF8, 0xFF, 0xFB, 0x77, 0xEF, 0xFF, 0xBF, 0xFF, 0xFF,
    0xFF, 0xFF, 0xFF, 0xFF, 0xFF, 0xFF, 0xFF, 0xFF, 0xFF, 0xFF, 0xFB, 0xFF, 0xE3, 0xF7, 0xFE, 0xFF,
    0xBF, 0xA1, 0xCA, 0x92, 0x29, 0x24, 0xA5, 0xFE, 0xFF, 0x25, 0x2A, 0xB5, 0x55, 0x2A, 0x92, 0x11,
    0x3F, 0x5E, 0xFB, 0x6E, 0xFB, 0x58, 0x57, 0xFA, 0xFB, 0x5D, 0xAD, 0x7A, 0xD2, 0x4A, 0xBD, 0x7B,
    0xF7, 0xAF, 0xFB, 0xF0, 0x80, 0x00, 0x88, 0x11, 0x28, 0x22, 0x90, 0x7A, 0xFF, 0xFF, 0xFF, 0x1F,
    0xD3, 0xC7, 0xFF, 0xEF, 0xB7, 0xFF, 0xFB, 0xF7, 0xEF, 0x7F, 0xFB, 0x7F, 0xFF, 0xFF, 0xFF, 0xDD,
    0xFF, 0xFF, 0xFF, 0xFF, 0xFF, 0xFF, 0xBF, 0x7E, 0xFB, 0xBF, 0xDB, 0xF4, 0x7F, 0xFF, 0xFF, 0xFE,
    0xDF, 0x3F, 0xFF, 0xFF, 0xFF, 0xFF, 0xFF, 0xFF, 0xFF, 0xFF, 0xFF, 0xFF, 0xFF, 0xFF, 0xFB, 0xB7,
    0xF7, 0xFF, 0xFB, 0xFE, 0xFF, 0xC3, 0xC4, 0xA4, 0x94, 0x91, 0x00, 0xBD, 0x68, 0x92, 0xAA, 0xEA,
    0xAA, 0xA5, 0xA9, 0x48, 0xBB, 0xFB, 0x5F, 0xFB, 0xB6, 0x9A, 0x7E, 0xB7, 0xDF, 0xBF, 0x7F, 0xDF,
    0xA0, 0x07, 0xEF, 0xEE, 0xBD, 0xBA, 0xAE, 0xE2, 0x00, 0x00, 0x01, 0x04, 0x02, 0x84, 0x02, 0x39,
    0xFF, 0xFF, 0xFF, 0x9F, 0xC1, 0xC7, 0xFF, 0x7D, 0xFF, 0xFD, 0xBF, 0xDF, 0xBF, 0xFF, 0xBF, 0xFF,
    0xFF, 0xFD, 0xEF, 0xFF, 0xFF, 0xEF, 0xFF, 0xFF, 0xFF, 0xFD, 0xFF, 0xFB, 0xFF, 0xFF, 0x7F, 0xF8,
    0xBD, 0xDF, 0xFF, 0x7F, 0xFD, 0xBF, 0xFF, 0xFF, 0xFF, 0xFF, 0xFF, 0xFF, 0xFF, 0xFF, 0xFF, 0xFF,
    0xFF, 0xFF, 0xFB, 0xFF, 0xE7, 0xFF, 0xFF, 0xFF, 0xFF, 0xC9, 0xC2, 0x12, 0x42, 0x44, 0xA5, 0xEE,
    0xD5, 0x49, 0x29, 0x77, 0x52, 0x96, 0x52, 0x54, 0x7D, 0x6E, 0xB5, 0x5F, 0xFA, 0x2D, 0x1B, 0xFF,
    0x75, 0xB5, 0xEB, 0x75, 0xAA, 0xA9, 0x7A, 0xBB, 0xEF, 0x77, 0xFB, 0x70, 0x00, 0x02, 0x24, 0x41,
    0x48, 0x20, 0xA8, 0x39, 0xFF, 0xFF, 0xFF, 0xAF, 0xC2, 0xC7, 0x6D, 0xFF, 0xFE, 0xF7, 0xFF, 0xFF,
    0xFF, 0xFE, 0xFF, 0xFF, 0xDF, 0xFF, 0xFF, 0x7F, 0xFF, 0xBF, 0xFB, 0xFF, 0xDF, 0xF7, 0xFD, 0xFF,
    0xEF, 0xFD, 0xFF, 0xF8, 0x7F, 0xFF, 0xEF, 0xFB, 0xFF, 0xBF, 0xFF, 0xFF, 0xFF, 0xFF, 0xFF, 0xFF,
    0xFF, 0xFF, 0xFF, 0xFF, 0xFF, 0xFF, 0xFB, 0x7F, 0xF3, 0xFF, 0xFF, 0xFF, 0xFF, 0xA3, 0xC9, 0x49,
    0x29, 0x12, 0x03, 0xD5, 0x54, 0xA4, 0x94, 0xD5, 0xD5, 0x55, 0x48, 0x22, 0xB7, 0xFB, 0x7F, 0xF6,
    0xA8, 0x80, 0x77, 0x6D, 0xFF, 0x7F, 0xBF, 0xDF, 0x45, 0xA1, 0xDF, 0xEE, 0xDB, 0xBD, 0x5F, 0xE0,
    0x00, 0x20, 0x00, 0x14, 0x02, 0x0A, 0x02, 0x3B, 0xFF, 0xDF, 0xFF, 0x9F, 0xD1, 0xCB, 0xFF, 0xF7,
    0xBB, 0xFF, 0xFF, 0xFF, 0xFD, 0xFF, 0xFF, 0xF7, 0x7D, 0xDF, 0xFF, 0xFB, 0xFF, 0xFF, 0xFF, 0xDD,
    0xFF, 0xDF, 0xFF, 0xEF, 0xFF, 0x7F, 0xFF, 0xF8, 0xFF, 0xFD, 0xFF, 0xFF, 0xFF, 0x3F, 0xFF, 0xFF,
    0xFF, 0xFF, 0xFF, 0xFF, 0xFF, 0xFF, 0xFF, 0xFF, 0xFF, 0xFF, 0xF9, 0xEE, 0xE7, 0xFF, 0xDF, 0xFF,
    0xFF, 0xC1, 0xC4, 0x24, 0x88, 0xA9, 0x93, 0x6E, 0xAA, 0x12, 0x43, 0x77, 0x6A, 0x2A, 0x22, 0x91,
    0x7D, 0xAE, 0xED, 0xBD, 0xFA, 0x25, 0x3D, 0xFB, 0xAD, 0xAD, 0xF6, 0xF7, 0x1F, 0xD5, 0x75, 0xBF,
    0xBD, 0xAF, 0xEA, 0xD0, 0x01, 0x00, 0x92, 0x80, 0xA8, 0xA0, 0x90, 0x79, 0xFF, 0xEA, 0xAA, 0xAF,
    0xC3, 0xC7, 0xFF, 0xDF, 0xFF, 0xFF, 0xF7, 0x7E, 0xFF, 0xEF, 0xFE, 0xFF, 0xFF, 0xFF, 0x7B, 0xFF,
    0xDD, 0xFE, 0xEF, 0xFF, 0xFE, 0xFF, 0xEF, 0xFF, 0xFF, 0xF7, 0xFD, 0xF0, 0x7E, 0xFF, 0xFE, 0xEF,
    0xDF, 0xBF, 0xFF, 0xFF, 0xFF, 0xFF, 0xFF, 0xFF, 0xFF, 0xFF, 0xFF, 0xFF, 0xFF, 0xFF, 0xFB, 0xFF,
    0xF3, 0xFF, 0xFF, 0xFB, 0xFF, 0xA3, 0xC2, 0x90, 0x52, 0x4A, 0x07, 0xDA, 0x41, 0x49, 0x15, 0x9D,
    0xEA, 0x91, 0x49, 0x4A, 0xF7, 0xFE, 0xBE, 0xEF, 0xBA, 0x94, 0xAF, 0xAF, 0xFE, 0xFF, 0x5F, 0x7A,
    0x96, 0xF1, 0xDF, 0xF5, 0xEE, 0xFA, 0xBF, 0xE0, 0x00, 0x02, 0x00, 0x24, 0x01, 0x04, 0x04, 0x32,
    0xFE, 0xC4, 0x91, 0x1F, 0xC1, 0xC7, 0xEE, 0xFE, 0xEF, 0xDF, 0xDF, 0xFB, 0xFF, 0xFF, 0xF7, 0xFF,
    0xFF, 0xFD, 0xEF, 0xDF, 0xFF, 0xFF, 0xFF, 0xFF, 0xFF, 0xFF, 0xBF, 0xBF, 0x7B, 0xFF, 0xF7, 0xF8,
    0xF7, 0xEF, 0xBF, 0xFF, 0xFD, 0xBF, 0xFF, 0xFF, 0xFF, 0xFF, 0xFF, 0xFF, 0xFF, 0xFF, 0xFF, 0xFF,
    0xFF, 0xFF, 0xFB, 0xFF, 0xF7, 0xFF, 0xFF, 0xFF, 0xFD, 0xC3, 0xC9, 0x4A, 0x85, 0x24, 0x96, 0xFA,
    0x94, 0xA4, 0x42, 0x4F, 0x5A, 0xAA, 0x24, 0x01, 0x5E, 0xB5, 0x77, 0xFB, 0x6E, 0x7B, 0x7A, 0xFD,
    0x6B, 0x6B, 0xFB, 0xDF, 0x5D, 0xA9, 0x7A, 0xDF, 0x7B, 0x5F, 0xEA, 0xC0, 0x40, 0x00, 0x12, 0x11,
    0x48, 0x21, 0x20, 0x39, 0xFF, 0xE0, 0x00, 0x1F, 0xD3, 0xC7, 0xBF, 0xFF, 0xFF, 0x7F, 0x7F, 0xFF,
    0xEF, 0xBE, 0xFF, 0xDF, 0xFB, 0xDF, 0xFF, 0xFF, 0x7F, 0xF7, 0xFF, 0x7F, 0xEF, 0xFF, 0xFF, 0xFD,
    0xFF, 0xFF, 0xBF, 0xF8, 0x7F, 0xFF, 0xFB, 0xFF, 0x7F, 0xBF, 0xFF, 0xFF, 0xFF, 0xFF, 0xFF, 0xFF,
    0xFF, 0xFF, 0xFF, 0xFF, 0xFF, 0xFF, 0xFB, 0xDF, 0xE3, 0xF7, 0xFF, 0xDF, 0xF7, 0xC9, 0xC4, 0x24,
    0x28, 0x92, 0x0F, 0x9A, 0x4A, 0x11, 0x29, 0x25, 0xB5, 0x44, 0x92, 0xA9, 0xF7, 0xEE, 0xED, 0xAF,
    0xFB, 0xDF, 0xDF, 0xDF, 0xFE, 0xBE, 0xDE, 0xEB, 0x07, 0xE5, 0xEF, 0xBB, 0xAE, 0xF5, 0x7F, 0xE4,
    0x00, 0x00, 0x40, 0x80, 0x04, 0x88, 0x0A, 0x7B, 0xFF, 0xC0, 0x00, 0x1F, 0xC1, 0xC7, 0xFF, 0xF7,
    0xBD, 0xFF, 0xFF, 0xFF, 0xFE, 0xFF, 0xFF, 0xFD, 0xDF, 0xFF, 0xFF, 0x7D, 0xFF, 0xDF, 0xFF, 0xFF,
    0xBF, 0xFE, 0xFD, 0xFF, 0xFF, 0xBF, 0xFF, 0xF8, 0xFF, 0x7F, 0xFF, 0xFF, 0xFF, 0x3F, 0xFF, 0xFF,
    0xFF, 0xFF, 0xFF, 0xFF, 0xFF, 0xFF, 0xFF, 0xFF, 0xFF, 0xFF, 0xFB, 0xFB, 0xF7, 0xFF, 0xFF, 0xFF,
    0xDF, 0xC3, 0xC2, 0x92, 0x82, 0x49, 0x2D, 0xEC, 0x91, 0x44, 0x14, 0xAA, 0xDD, 0x32, 0x48, 0x05,
    0x7D, 0x7D, 0xBF, 0xFD, 0x5E, 0xAA, 0xF6, 0xF5, 0xAF, 0x77, 0xF7, 0xBE, 0xA8, 0x93, 0x7B, 0xEE,
    0xFB, 0x6F, 0xAB, 0x80, 0x04, 0x09, 0x04, 0x25, 0x21, 0x02, 0xA0, 0x39, 0xFF, 0xEE, 0xEF, 0x5F,
    0xD3, 0xCB, 0xFB, 0x7E, 0xFF, 0xFD, 0xFF, 0xBF, 0xFF, 0xFB, 0xDB, 0xFF, 0xFF, 0xFF, 0xFD, 0xFF,
    0xFD, 0xFF, 0xEF, 0xF7, 0xFF, 0x77, 0xFF, 0xFF, 0xEF, 0xFB, 0xFF, 0xF8, 0x7B, 0xFB, 0xFF, 0xDD,
    0xF7, 0xBF, 0xFF, 0xFF, 0xFF, 0xFF, 0xFF, 0xFF, 0xFF, 0xFF, 0xFF, 0xFF, 0xFF, 0xFF, 0xFB, 0x7F,
    0xF3, 0xFF, 0xFF, 0xFF, 0xFF, 0xC3, 0xC8, 0xA4, 0x54, 0xA4, 0x3B, 0x32, 0x4A, 0x21, 0x42, 0x25,
    0x55, 0x49, 0x22, 0xA9, 0xEF, 0xD6, 0xF5, 0x6F, 0xF5, 0x0B, 0xBB, 0xBF, 0xFA, 0xFD, 0x7D, 0xED,
    0x82, 0x05, 0xDE, 0xBB, 0xBE, 0xFA, 0xFD, 0xE0, 0x00, 0x20, 0x10, 0x00, 0x88, 0x50, 0x04, 0x39,
    0xFF, 0xFF, 0xFF, 0xFF, 0xC1, 0xC7, 0xBF, 0xFB, 0xFF, 0xF7, 0xFD, 0xFB, 0xBF, 0xFF, 0xFF, 0xBF,
    0xFF, 0x7B, 0x77, 0xFF, 0xF7, 0xFF, 0xFF, 0xFF, 0xFF, 0xFF, 0xFF, 0xDF, 0xFE, 0xFF, 0xF7, 0xF8,
    0xFF, 0xEF, 0xBF, 0x7F, 0xFF, 0xBF, 0xFF, 0xFF, 0xFF, 0xFF, 0xFF, 0xFF, 0xFF, 0xFF, 0xFF, 0xFF,
    0xFF, 0xFF, 0xFB, 0xEF, 0xE7, 0xFF, 0xFE, 0xFF, 0xFF, 0xD1, 0xC5, 0x11, 0x09, 0x12, 0x3E, 0xB9,
    0x21, 0x14, 0x29, 0x52, 0x5A, 0xA4, 0x10, 0x05, 0x75, 0xFD, 0xBF, 0xFB, 0x58, 0x42, 0xEF, 0xED,
    0x6F, 0x57, 0xD7, 0x7B, 0xD0, 0xAB, 0x77, 0xFE, 0xEB, 0x5F, 0xAF, 0x80, 0x00, 0x00, 0x02, 0x94,
    0x22, 0x04, 0x20, 0x79, 0xFF, 0xFF, 0xFF, 0xFF, 0xC3, 0xC7, 0xFF, 0xDF, 0xF7, 0xFF, 0xFF, 0xFF,
    0xFB, 0xFF, 0xFF, 0xFF, 0x7D, 0xFF, 0xFF, 0xF7, 0xFF, 0xFF, 0xBE, 0xFF, 0xFF, 0xFF, 0xEF, 0x7D,
    0xFF, 0xFF, 0x7F, 0xF8, 0x7F, 0xBF, 0xFB, 0xFF, 0xFF, 0x3F, 0xFF, 0xFF, 0xFF, 0xFF, 0xFF, 0xFF,
    0xFF, 0xFF, 0xFF, 0xFF, 0xFF, 0xFF, 0xFB, 0xFF, 0xF3, 0xFF, 0xFB, 0xFE, 0xFF, 0xC3, 0xC2, 0x4A,
    0x52, 0x48, 0x97, 0xEA, 0x4A, 0x41, 0x04, 0x09, 0x56, 0x11, 0x4A, 0xA3, 0xFF, 0x5A, 0xED, 0xAF,
    0xF2, 0x29, 0x7D, 0x7F, 0xFD, 0xFF, 0x7D, 0xDE, 0xEA, 0x17, 0xDD, 0x57, 0xBE, 0xF5, 0xF5, 0xD0,
    0x80, 0x02, 0x48, 0x01, 0x08, 0x91, 0x0A, 0x35, 0xFB, 0xFF, 0xFF, 0xFF, 0xD1, 0xC7, 0xF6, 0xFF,
    0xDE, 0xFF, 0xF7, 0xFF, 0xFF, 0xDE, 0xFE, 0xFB, 0xFF, 0xEF, 0xFF, 0xDF, 0xFF, 0xFE, 0xFF, 0xFF,
    0x7D, 0xFF, 0xFF, 0xFF, 0xDF, 0xFD, 0xFF, 0xF4, 0xED, 0xFF, 0xFF, 0xFF, 0xBB, 0xBF, 0xFF, 0xFF,
    0xFF, 0xFF, 0xFF, 0xFF, 0xFF, 0xFF, 0xFF, 0xFF, 0xFF, 0xFF, 0xFB, 0xBF, 0xE7, 0xFF, 0xBF, 0xFB,
    0xFF, 0xC3, 0xC9, 0x21, 0x04, 0xA4, 0x3D, 0xB1, 0x24, 0x28, 0xA1, 0x55, 0x55, 0x49, 0x20, 0x15,
    0xD6, 0xFD, 0xBF, 0xFA, 0xA9, 0xD0, 0xD7, 0xD6, 0xAD, 0x6D, 0xEF, 0x77, 0xB5, 0xFD, 0xF7, 0xFD,
    0xEB, 0xBE, 0xBF, 0x80, 0x00, 0x00, 0x00, 0xA4, 0x40, 0x04, 0x40, 0x39, 0xFF, 0xFF, 0xFF, 0xFF,
    0xC2, 0xC7, 0x7F, 0xFD, 0xFF, 0xEF, 0xDF, 0xEF, 0xFF, 0xFF, 0xEF, 0xFF, 0xF7, 0xFF, 0xDF, 0xFF,
    0xBF, 0xDF, 0xFF, 0xF7, 0xFF, 0xDF, 0x7F, 0xFF, 0xFD, 0xDF, 0xFF, 0xF8, 0x7F, 0xFE, 0xFF, 0xFB,
    0xFF, 0xBF, 0xFF, 0xFF, 0xFF, 0xFF, 0xFF, 0xFF, 0xFF, 0xFF, 0xFF, 0xFF, 0xFF, 0xFF, 0xF9, 0xFD,
    0xF3, 0xFE, 0xFF, 0xFF, 0xFF, 0xA1, 0xC4, 0x94, 0x50, 0x52, 0x0E, 0xEA, 0x41, 0x02, 0x14, 0x42,
    0xAA, 0x44, 0x4A, 0xA6, 0xFF, 0xD5, 0xEA, 0xBF, 0xE5, 0xFA, 0xFE, 0xFF, 0xFD, 0xFF, 0x7B, 0xDD,
    0xFF, 0x5F, 0x5E, 0xDB, 0x7D, 0xD7, 0xD7, 0xA0, 0x08, 0x88, 0x22, 0x01, 0x12, 0x40, 0x12, 0x3B,
    0xFF, 0xF7, 0xFB, 0xFD, 0xC1, 0xC7, 0xFF, 0xEF, 0xFF, 0xFF, 0x7F, 0xFF, 0x7F, 0x7B, 0xFF, 0xFF,
    0xFF, 0xFF, 0x7D, 0xFF, 0xFF, 0x7F, 0xFF, 0xDF, 0xFF, 0xFD, 0xFD, 0xF7, 0xFF, 0xFF, 0xEE, 0xF8,
    0xBF, 0xFB, 0xEF, 0xDF, 0xFF, 0x3F, 0xFF, 0xFF, 0xFF, 0xFF, 0xFF, 0xFF, 0xFF, 0xFF, 0xFF, 0xFF,
    0xFF, 0xFF, 0xFB, 0xFF, 0xF7, 0xFB, 0xFF, 0xFF, 0xFF, 0xCB, 0xC0, 0x42, 0x8A, 0x88, 0xAD, 0xA9,
    0x14, 0xA8, 0x82, 0x28, 0xA9, 0x22, 0x00, 0x0B, 0xD5, 0x7D, 0xBF, 0xEB, 0x73, 0x69, 0x5B, 0xB5,
    0xB5, 0xB5, 0xDE, 0xF6, 0xAD, 0x2B, 0xF7, 0xF7, 0xD6, 0xFA, 0xFB, 0x40, 0x00, 0x01, 0x08, 0x28,
    0x41, 0x12, 0x80, 0x79, 0xFF, 0xFF, 0xFF, 0xFF, 0xD3, 0xC7, 0xDD, 0xBF, 0xBF, 0x7F, 0xFF, 0xFF,
    0xF7, 0xFF, 0xFF, 0xDF, 0xFF, 0xBD, 0xFF, 0xFE, 0xFB, 0xFF, 0xFB, 0xFF, 0xFF, 0xFF, 0xFF, 0xDF,
    0x7F, 0xFB, 0xFF, 0xF8, 0x7D, 0xBF, 0xFE, 0xFF, 0xDF, 0xBF, 0xFF, 0xFF, 0xFF, 0xFF, 0xFF, 0xFF,
    0xFF, 0xFF, 0xFF, 0xFF, 0xFF, 0xFF, 0xFB, 0xEF, 0xE3, 0xFF, 0xFF, 0xFF, 0xFF, 0xC1, 0xCA, 0x94,
    0x21, 0x24, 0x1E, 0xD0, 0x40, 0x02, 0x29, 0x05, 0x24, 0x91, 0x55, 0x56, 0xFF, 0xD5, 0xF6, 0xFF,
    0xC5, 0xFA, 0xFE, 0xFF, 0xFE, 0xFF, 0xF7, 0xBD, 0x12, 0x2D, 0x5D, 0x5D, 0x7D, 0xAF, 0x5F, 0x80,
    0x00, 0x00, 0x01, 0x02, 0x14, 0x40, 0x2A, 0x39, 0xFF, 0xFF, 0xFF, 0xFF, 0xC1, 0xCB, 0xFF, 0xFE,
    0xFB, 0xFD, 0xFF, 0x7F, 0xFF, 0xFF, 0xBD, 0xFE, 0xEF, 0xFF, 0xFF, 0xBB, 0xFF, 0xFF, 0xFF, 0xFF,
    0xEE, 0xFF, 0xFF, 0xFF, 0xF7, 0xEF, 0xFF, 0xF8, 0xFF, 0xFF, 0xFF, 0xFF, 0x7B, 0xBF, 0xFF, 0xFF,
    0xFF, 0xFF, 0xFF, 0xFF, 0xFF, 0xFF, 0xFF, 0xFF, 0xFF, 0xFF, 0xFB, 0xBF, 0xF7, 0xFF, 0xFF, 0xFF,
    0xFF, 0xC3, 0xC1, 0x21, 0x4A, 0x50, 0x35, 0x65, 0x15, 0x48, 0x80, 0xA8, 0x92, 0x08, 0x00, 0x0B,
    0xDB, 0x7B, 0x5F, 0xAD, 0x72, 0xA9, 0x6B, 0xDA, 0xDA, 0xD6, 0xBD, 0xEC, 0x41, 0x17, 0xFF, 0xFF,
    0xDD, 0xFB, 0xEB, 0x01, 0x00, 0x08, 0x90, 0x48, 0x80, 0x0A, 0x00, 0x39, 0xFF, 0xFF, 0xEF, 0xEF,
    0xD3, 0xC7, 0x77, 0xFB, 0xFF, 0xF7, 0xFF, 0xFB, 0xFF, 0xFF, 0xFF, 0xFB, 0xFF, 0xFF, 0xFE, 0xFF,
    0xFF, 0xFD, 0xDF, 0xFF, 0xBF, 0xFF, 0xEF, 0xFF, 0xFF, 0x7F, 0xBB, 0xF8, 0x77, 0xEF, 0x7B, 0xFD,
    0xFF, 0x3F, 0xFF, 0xFF, 0xFF, 0xFF, 0xFF, 0xFF, 0xFF, 0xFF, 0xFF, 0xFF, 0xFF, 0xFF, 0xFB, 0xFF,
    0xE7, 0xFF, 0xFF, 0xFF, 0xFF, 0xA3, 0xCA, 0x14, 0x11, 0x09, 0x5D, 0xA0, 0x40, 0x22, 0x2A, 0x12,
    0x48, 0xA5, 0x55, 0x56, 0xEE, 0xEB, 0xFB, 0xFF, 0xD0, 0x81, 0xDF, 0x7F, 0xED, 0xFF, 0xEF, 0x7A,
    0x14, 0x46, 0xD5, 0xAB, 0x76, 0xAE, 0xBF, 0x80, 0x00, 0x20, 0x04, 0x00, 0x25, 0x20, 0xA4, 0x3B,
    0xFF, 0xFF, 0xE3, 0xFF, 0xC1, 0xC7, 0xFF, 0xDF, 0xEF, 0xDF, 0xFB, 0xFF, 0xBF, 0xBD, 0xFF, 0xBF,
    0xFE, 0xEF, 0xEF, 0xFF, 0xEF, 0xF7, 0xFF, 0xFD, 0xFF, 0xF7, 0xFE, 0xFF, 0xFF, 0xFF, 0xFF, 0xF0,
    0xFF, 0x7D, 0xEF, 0xDF, 0xFF, 0xBF, 0xFF, 0xFF, 0xFF, 0xFF, 0xFF, 0xFF, 0xFF, 0xFF, 0xFF, 0xFF,
    0xFF, 0xFF, 0xFB, 0xFD, 0xF3, 0xFF, 0xFF, 0xFF, 0xFD, 0xC9, 0xC0, 0xA2, 0xA4, 0xA0, 0x35, 0xAA,
    0x15, 0x08, 0x80, 0x84, 0x82, 0x00, 0x00, 0x1B, 0xFB, 0xBB, 0x6E, 0xB5, 0x74, 0x2B, 0x7B, 0xED,
    0x7B, 0xB5, 0xBB, 0xAD, 0x49, 0x17, 0x7F, 0xFE, 0xDD, 0xFB, 0xEE, 0x88, 0x11, 0x02, 0x41, 0x4A,
    0x88, 0x44, 0x02, 0x79, 0xFF, 0xFF, 0xF7, 0xFF, 0xD3, 0xC7, 0xFE, 0xFF, 0xFE, 0xFF, 0xEF, 0xFF,
    0xFD, 0xFF, 0xF7, 0xFF, 0xFF, 0xFE, 0xFF, 0xFF, 0xFF, 0x7F, 0xFF, 0x77, 0xFF, 0xFF, 0xBF, 0xFB,
    0xBF, 0xFF, 0xFF, 0xF8, 0x7D, 0xFF, 0xFF, 0xFF, 0xFF, 0xBF, 0xFF, 0xFF, 0xFF, 0xFF, 0xFF, 0xFF,
    0xFF, 0xFF, 0xFF, 0xFF, 0xFF, 0xFF, 0xFB, 0xB7, 0xF7, 0xFF, 0xFF, 0xFF, 0xF7, 0xC3, 0xC5, 0x08,
    0x08, 0x52, 0x75, 0x81, 0x40, 0xA2, 0x2A, 0x51, 0x28, 0xAA, 0xAA, 0xAF, 0xAF, 0xED, 0xDB, 0xFF,
    0xFA, 0x87, 0xEE, 0xDF, 0xDB, 0xFF, 0xEE, 0xFC, 0x3C, 0xAD, 0xED, 0x5B, 0xF7, 0x6E, 0xBB, 0x00,
    0x00, 0x00, 0x10, 0x00, 0x11, 0x12, 0x90, 0x31, 0xFF, 0xFF, 0xE7, 0xFF, 0xC1, 0xC7, 0xB7, 0xFE,
    0xFB, 0xFF, 0xFF, 0xFF, 0xFF, 0xFF, 0xDF, 0xFF, 0xF7, 0xFF, 0xFF, 0xF7, 0xBF, 0xFF, 0xFF, 0xFF,
    0xFF, 0xDF, 0xFF, 0xEF, 0xFB, 0xFB, 0xDF, 0xF8, 0xEF, 0xF7, 0xFF, 0x7B, 0xDB, 0x3F, 0xFF, 0xFF,
    0xFF, 0xFF, 0xFF, 0xFF, 0xFF, 0xFF, 0xFF, 0xFF, 0xFF, 0xFF, 0xFB, 0xFF, 0xE3, 0xFF, 0xFF, 0xFF,
    0x7F, 0xC1, 0xC4, 0x52, 0xA5, 0x00, 0xB6, 0xC8, 0x0A, 0x08, 0x00, 0x04, 0x04, 0x00, 0x00, 0x15,
    0xFD, 0x77, 0x7F, 0x56, 0xDA, 0xBD, 0x7B, 0xF6, 0xF5, 0x56, 0xBF, 0xB6, 0x8E, 0x7B, 0xBB, 0xF6,
    0xBB, 0xBB, 0xEF, 0x00, 0x00, 0x04, 0x04, 0x92, 0x44, 0x84, 0x04, 0x3B, 0xFF, 0xBF, 0xE7, 0xFF,
    0xD1, 0xC7, 0xFF, 0xEF, 0xDF, 0xFF, 0x7F, 0xDD, 0xFF, 0xF7, 0xFF, 0xEF, 0x7F, 0xFB, 0xFB, 0xBF,
    0xFF, 0xFF, 0xFF, 0xFF, 0xFE, 0xFF, 0xFF, 0x7F, 0xFF, 0xBF, 0xFF, 0xF8, 0x7F, 0xDF, 0xBB, 0xFF,
    0xFF, 0xBF, 0xFF, 0xFF, 0xFF, 0xFF, 0xFF, 0xFF, 0xFF, 0xFF, 0xFF, 0xFF, 0xFF, 0xFF, 0xF9, 0xFF,
    0xF7, 0xFF, 0xFF, 0xFB, 0xFF, 0xD3, 0xC2, 0x88, 0x90, 0xA9, 0x6B, 0x22, 0x40, 0x41, 0x52, 0xA2,
    0xA9, 0x55, 0x55, 0x5F, 0xB7, 0xDB, 0xED, 0xFF, 0xBF, 0xEF, 0xDF, 0x7F, 0xBB, 0xFF, 0xF5, 0xFF,
    0x22, 0x2E, 0xEF, 0x6F, 0xEA, 0xEE, 0xBE, 0x80, 0x00, 0x10, 0x90, 0x08, 0x90, 0x20, 0x90, 0x79,
    0xFB, 0xFF, 0x77, 0xFF, 0xC3, 0xC7, 0xFF, 0x7F, 0xFF, 0xDF, 0xFF, 0xFF, 0xEF, 0xFF, 0xFE, 0xFF,
    0xFF, 0xBF, 0xEF, 0xFF, 0xFD, 0xDF, 0xEF, 0xFF, 0xF7, 0xFE, 0xFB, 0xFF, 0xFF, 0xFF, 0xFB, 0xF8,
    0xFF, 0x7E, 0xFF, 0xEF, 0x7F, 0xBF, 0xFF, 0xFF, 0xFF, 0xFF, 0xFF, 0xFF, 0xFF, 0xFF, 0xFF, 0xFF,
    0xFF, 0xFF, 0xFB, 0xDF, 0xF3, 0xEF, 0xFF, 0xFF, 0xFF, 0xC3, 0xC8, 0x44, 0x45, 0x21, 0xDD, 0x88,
    0x29, 0x14, 0x04, 0x10, 0x00, 0x00, 0x00, 0x2B, 0xDD, 0x6A, 0xBF, 0xB5, 0xEB, 0x7B, 0x76, 0xD5,
    0xED, 0xDA, 0xDF, 0x55, 0x88, 0xFB, 0xBD, 0xFB, 0x7F, 0xBB, 0xEE, 0x01, 0x00, 0x00, 0x02, 0x42,
    0x05, 0x08, 0x04, 0x39, 0xFF, 0xFF, 0xE7, 0xFF, 0xC1, 0xC7, 0x6D, 0xFD, 0xFE, 0xFF, 0xFF, 0xFF,
    0xFF, 0xFF, 0xFF, 0xFD, 0xFE, 0xFF, 0xFF, 0xFF, 0xFF, 0xFE, 0xFE, 0xEF, 0xBF, 0xFF, 0xFF, 0xFF,
    0x7E, 0xFD, 0xDF, 0xF8, 0x7B, 0xFF, 0xFE, 0xFD, 0xFF, 0x3F, 0xFF, 0xFF, 0xFF, 0xFF, 0xFF, 0xFF,
    0xFF, 0xFF, 0xFF, 0xFF, 0xFF, 0xFF, 0xFB, 0xFF, 0xE7, 0xFF, 0xFF, 0xFF, 0xFF, 0xC1, 0xC5, 0x22,
    0x22, 0x45, 0x76, 0x42, 0x82, 0x41, 0x21, 0x45, 0x55, 0x55, 0x55, 0x5E, 0xF7, 0xF7, 0xEA, 0xFF,
    0x7E, 0xDE, 0xFF, 0xFF, 0x77, 0x7F, 0xF6, 0xFF, 0xE4, 0x5F, 0xF7, 0x5E, 0xD2, 0xEE, 0xB7, 0x10,
    0x11, 0x02, 0x48, 0x20, 0x40, 0x42, 0x50, 0x3B, 0xFF, 0xFF, 0xF3, 0xFB, 0xD3, 0xC7, 0xFF, 0xF7,
    0xB7, 0xFB, 0xFD, 0xFF, 0xFD, 0xBE, 0xFB, 0xFF, 0xEF, 0xFF, 0x7F, 0xFE, 0xFF, 0xFF, 0xFF, 0xFE,
    0xFF, 0xFF, 0xFF, 0xFD, 0xF7, 0xF7, 0xFF, 0xF8, 0xFF, 0xFB, 0xEF, 0xFF, 0xED, 0xBF, 0xFF, 0xFF,
    0xFF, 0xFF, 0xFF, 0xFF, 0xFF, 0xFF, 0xFF, 0xFF, 0xFF, 0xFF, 0xFB, 0xFF, 0xF3, 0xFF, 0xFF, 0xFF,
    0xFF, 0xCB, 0xC0, 0x14, 0x94, 0x03, 0xAD, 0x10, 0x24, 0x10, 0x48, 0x10, 0x00, 0x00, 0x00, 0x5B,
    0xBD, 0xAD, 0xBF, 0xD7, 0xDB, 0xF7, 0xAB, 0x6D, 0xDB, 0xEB, 0x5F, 0xDA, 0xD2, 0x75, 0x5D, 0xF7,
    0xFF, 0xBB, 0xEE, 0x00, 0x00, 0x10, 0x00, 0x89, 0x14, 0x11, 0x02, 0x79, 0xFF, 0xFF, 0xE7, 0xFF,
    0xC1, 0xC7, 0xFF, 0xDF, 0xFF, 0xFF, 0xEF, 0xFB, 0xBF, 0xFF, 0xEF, 0xDF, 0xFF, 0xF7, 0xFF, 0xBB,
    0xF7, 0xFF, 0xFF, 0xFF, 0xFF, 0xFB, 0xEF, 0xEF, 0xFF, 0xFF, 0xFF, 0xF4, 0x6F, 0xDF, 0xFD, 0xDF,
    0xFF, 0xBF, 0xFF, 0xFF, 0xFF, 0xFF, 0xFF, 0xFF, 0xFF, 0xFF, 0xFF, 0xFF, 0xFF, 0xFF, 0xFB, 0xB7,
    0xE7, 0xFF, 0xFF, 0xDF, 0xFF, 0xC1, 0xCA, 0xA1, 0x01, 0x53, 0xD6, 0xC4, 0x81, 0x45, 0x02, 0x45,
    0x55, 0x55, 0x55, 0x6F, 0xD7, 0xEB, 0xF6, 0xFD, 0x7E, 0xBD, 0xFF, 0xFF, 0x76, 0xDF, 0xFA, 0xF7,
    0xB9, 0x7F, 0xF7, 0xBA, 0xAA, 0xEE, 0xBD, 0x00, 0x00, 0x00, 0x22, 0x00, 0x01, 0x44, 0x20, 0x32,
    0xFF, 0xFF, 0xF7, 0xFF, 0xD3, 0xC7, 0x6E, 0xFF, 0xFE, 0xFF, 0xBF, 0xDF, 0xFF, 0xFF, 0xFF, 0xFF,
    0xFF, 0xFF, 0xFB, 0xFF, 0xFF, 0xF7, 0xEF, 0xBF, 0xFF, 0xDF, 0xFE, 0xFF, 0xFF, 0xFF, 0xFB, 0xF8,
    0xBF, 0x7F, 0x77, 0xFB, 0xBF, 0xBF, 0xFF, 0xFF, 0xFF, 0xFF, 0xFF, 0xFF, 0xFF, 0xFF, 0xFF, 0xFF,
    0xFF, 0xFF, 0xFB, 0xFF, 0xF3, 0xFF, 0xEF, 0xFF, 0xFF, 0xA3, 0xC0, 0x48, 0xAA, 0x41, 0x7B, 0x72,
    0x14, 0x10, 0x51, 0x10, 0x00, 0x00, 0x00, 0x5B, 0x7E, 0xB6, 0xBF, 0xB7, 0xD7, 0xEF, 0x6D, 0x57,
    0xEF, 0xFA, 0xDF, 0xBE, 0xF6, 0xD6, 0xDE, 0xEF, 0xF7, 0xBB, 0xEE, 0x00, 0x00, 0x04, 0x80, 0x24,
    0xA4, 0x00, 0x8A, 0x39, 0xFF, 0xFF, 0xE7, 0xFF, 0xC1, 0xC7, 0xFF, 0xFE, 0xDB, 0xEF, 0xFF, 0xFF,
    0xFF, 0xFB, 0xFF, 0xFD, 0xFD, 0xDF, 0xDF, 0xFF, 0xFF, 0xBF, 0xBE, 0xFB, 0xFB, 0xFF, 0xFF, 0xFF,
    0xFF, 0xDF, 0x7F, 0xF8, 0x7D, 0xFD, 0xFF, 0xFF, 0xFF, 0x3F, 0xFF, 0xFF, 0xFF, 0xFF, 0xFF, 0xFF,
    0xFF, 0xFF, 0xFF, 0xFF, 0xFF, 0xFF, 0xFB, 0xFE, 0xE7, 0xFF, 0xFF, 0xFF, 0xFF, 0xC3, 0xC5, 0x04,
    0x01, 0x04, 0xED, 0xBD, 0x40, 0x84, 0x04, 0x45, 0x55, 0x55, 0x55, 0x77, 0xDB, 0xDF, 0xEB, 0xFE,
    0xFD, 0xBB, 0xFF, 0xFD, 0x75, 0x6F, 0xEB, 0x6B, 0xBD, 0xFD, 0xF7, 0xBA, 0xB6, 0xEE, 0xBC, 0x08,
    0x80, 0x90, 0x08, 0x80, 0x00, 0x94, 0x00, 0x3B, 0xFF, 0xFF, 0xE7, 0xFF, 0xD1, 0xC7, 0xFB, 0xF7,
    0xFF, 0xFE, 0xFF, 0xFF, 0xFF, 0xEF, 0xFF, 0xFF, 0xDF, 0xFE, 0xFF, 0xFF, 0xFF, 0xFF, 0xFF, 0xFF,
    0xFF, 0xFF, 0xBF, 0xFF, 0xBB, 0x7D, 0xFF, 0xF8, 0xFF, 0xFF, 0xFF, 0x6F, 0xF7, 0xBF, 0xFF, 0xFF,
    0xFF, 0xFF, 0xFF, 0xFF, 0xFF, 0xFF, 0xFF, 0xFF, 0xFF, 0xFF, 0xF9, 0xDF, 0xF7, 0xFF, 0xFF, 0xFF,
    0xFF, 0xC9, 0xC4, 0xA9, 0x54, 0xA0, 0x1E, 0xAE, 0xA8, 0x21, 0x51, 0x10, 0x00, 0x00, 0x00, 0xBB,
    0x7E, 0xE5, 0xBE, 0xAB, 0xB7, 0xEE, 0xB5, 0xB7, 0xD7, 0xFD, 0x7F, 0xFE, 0xEF, 0x57, 0x5D, 0xEF,
    0xEF, 0x7B, 0xEE, 0x40, 0x04, 0x00, 0x20, 0x15, 0x28, 0x00, 0x90, 0x79, 0xFF, 0xFD, 0xF3, 0xFF,
    0xC3, 0xC7, 0x6F, 0xBF, 0xFF, 0xFF, 0xFE, 0xFF, 0xEE, 0xFF, 0xDF, 0x7F, 0xFF, 0xFF, 0xFF, 0xBB,
    0xDE, 0xFF, 0xFF, 0xFF, 0xDF, 0xFF, 0xFF, 0x6D, 0xFF, 0xFF, 0xEF, 0xF0, 0x7F, 0xEF, 0xB7, 0xFE,
    0xDF, 0x3F, 0xFF, 0xFF, 0xFF, 0xFF, 0xFF, 0xFF, 0xFF, 0xFF, 0xFF, 0xFF, 0xFF, 0xFF, 0xFB, 0xFB,
    0xF3, 0xFF, 0xFF, 0xFF, 0xFF, 0xC3, 0xC0, 0x02, 0x08, 0x91, 0x0A, 0x2A, 0xD6, 0x88, 0x04, 0x05,
    0x55, 0x55, 0x55, 0x6F, 0xAB, 0xBF, 0x77, 0xFF, 0xFE, 0xFF, 0xFF, 0xFD, 0xEE, 0xAF, 0xDA, 0xAF,
    0xBB, 0xFF, 0xF7, 0x7B, 0x75, 0xD6, 0xBC, 0x00, 0x00, 0x02, 0x02, 0x40, 0x02, 0x92, 0x04, 0x39,
    0xFF, 0xFF, 0xE7, 0xFF, 0xC1, 0xC7, 0xFF, 0xFE, 0xDE, 0xFF, 0xFB, 0xFD, 0xBF, 0xFF, 0xFF, 0xF7,
    0xFF, 0xFB, 0xFE, 0xFF, 0xFF, 0xFE, 0xFF, 0xFF, 0xFF, 0x77, 0xFB, 0xFF, 0xFF, 0xFF, 0xFF, 0xF8,
    0xF7, 0xBE, 0xFF, 0xFF, 0xFF, 0xBF, 0xFF, 0xFF, 0xFF, 0xFF, 0xFF, 0xFF, 0xFF, 0xFF, 0xFF, 0xFF,
    0xFF, 0xFF, 0xFB, 0xFF, 0xE7, 0xFF, 0x7F, 0xFF, 0xFF, 0xA1, 0xCA, 0xA8, 0xA2, 0xA4, 0x40, 0x82,
    0x55, 0x42, 0x91, 0x50, 0x00, 0x00, 0x00, 0xF6, 0xFE, 0xCB, 0xDD, 0xB6, 0xAB, 0xAB, 0x56, 0xAF,
    0x6B, 0xFB, 0x7F, 0xFA, 0xEE, 0xB5, 0x7D, 0xDD, 0xD7, 0x7F, 0xFA, 0x00, 0x00, 0x10, 0x88, 0x11,
    0x20, 0x00, 0x41, 0x3B, 0xFD, 0xFF, 0xF7, 0xF7, 0xD3, 0xC7, 0xFE, 0xEF, 0xFB, 0xEF, 0xEF, 0xF7,
    0xFF, 0xFF, 0xFF, 0xFF, 0xBE, 0xEF, 0xFB, 0xFF, 0xFF, 0xFB, 0xF7, 0x77, 0x7F, 0xFF, 0x7F, 0xFF,
    0xFF, 0xF7, 0xFE, 0xF8, 0x7E, 0xFF, 0xFD, 0xB7, 0xFD, 0xBF, 0xFF, 0xFF, 0xFF, 0xFF, 0xFF, 0xFF,
    0xFF, 0xFF, 0xFF, 0xFF, 0xFF, 0xFF, 0xFB, 0xDF, 0xF3, 0xFD, 0xFF, 0xFF, 0xFF, 0xC3, 0xC1, 0x05,
    0x10, 0x52, 0x08, 0x12, 0xAA, 0xB8, 0x20, 0x04, 0xAA, 0xAA, 0xAA, 0xAF, 0xB7, 0xDE, 0xFF, 0xFF,
    0xFF, 0xFF, 0xFF, 0xFB, 0xDF, 0x6F, 0xD6, 0xDF, 0xFB, 0xFF, 0xD7, 0x77, 0x7D, 0xD5, 0x5C, 0x00,
    0x00, 0x40, 0x01, 0x44, 0x09, 0x24, 0x92, 0x39, 0xFF, 0xFF, 0xE7, 0xFF, 0xC1, 0xC7, 0x77, 0xFF,
    0xFF, 0xFE, 0xFF, 0xFF, 0xFF, 0xFF, 0x7D, 0xFF, 0xFB, 0xFF, 0xEF, 0xFF, 0xFF, 0xFF, 0xFF, 0xFF,
    0xFF, 0xFF, 0xFF, 0xFF, 0xEE, 0xFF, 0x77, 0xF8, 0xFF, 0xFB, 0xF7, 0xFE, 0xEF, 0xBF, 0xFF, 0xFF,
    0xFF, 0xFF, 0xFF, 0xFF, 0xFF, 0xFF, 0xFF, 0xFF, 0xFF, 0xFF, 0xFB, 0x7F, 0xF7, 0xFF, 0xFF, 0xFF,
    0xFF, 0xC9, 0xC4, 0x50, 0x45, 0x14, 0xA1, 0x00, 0x95, 0x57, 0x45, 0x51, 0x00, 0x00, 0x01, 0xF6,
    0xFA, 0xDB, 0xAA, 0xAA, 0xDD, 0x6D, 0x6D, 0x6E, 0xD7, 0xFA, 0xFF, 0xF6, 0xAE, 0xD5, 0xBF, 0xDD,
    0xD7, 0x7F, 0xF8, 0x01, 0x11, 0x02, 0x24, 0x00, 0xA0, 0x00, 0x00, 0x39, 0xFF, 0xFF, 0xF7, 0xFF,
    0xD3, 0xC7, 0xFF, 0xFB, 0xEF, 0xFF, 0xFF, 0xFF, 0xFF, 0x77, 0xFF, 0xDF, 0xFF, 0xFF, 0xBF, 0xFE,
    0xF7, 0x7F, 0xFF, 0xFF, 0xFB, 0xDF, 0xFF, 0xFF, 0x7F, 0xFF, 0xFF, 0xF8, 0x7F, 0xEF, 0xBF, 0xFF,
    0xFF, 0x3F, 0xFF, 0xFF, 0xFF, 0xFF, 0xFF, 0xFF, 0xFF, 0xFF, 0xFF, 0xFF, 0xFF, 0xFF, 0xFB, 0xFF,
    0xE3, 0xFF, 0xFF, 0xDF, 0xEF, 0xA3, 0xC2, 0x0A, 0x90, 0xA0, 0x94, 0x24, 0x2A, 0xAA, 0xA8, 0x04,
    0x2A, 0xAA, 0xAA, 0xAF, 0xAF, 0xAE, 0xFF, 0xFF, 0xF7, 0xFF, 0xFF, 0xFB, 0xDD, 0x5F, 0xB5, 0x5F,
    0xFF, 0xBF, 0xF5, 0x77, 0x6D, 0xD5, 0x5A, 0x20, 0x00, 0x00, 0x00, 0x92, 0x05, 0x29, 0x24, 0x79,
    0xFF, 0xFF, 0xFF, 0xFF, 0xC1, 0xC7, 0xDF, 0x6F, 0xBF, 0xBF, 0xFF, 0xDF, 0xFF, 0xFF, 0xF7, 0xFE,
    0xFF, 0xFF, 0xFF, 0xF7, 0xFF, 0xFF, 0xFF, 0xFF, 0xFF, 0xFD, 0xEF, 0x77, 0xFF, 0xEF, 0xFF, 0xF8,
    0xF7, 0xBF, 0xFF, 0x77, 0xBF, 0xBF, 0xFF, 0xFF, 0xFF, 0xFF, 0xFF, 0xFF, 0xFF, 0xFF, 0xFF, 0xFF,
    0xFF, 0xFF, 0xFB, 0xFB, 0xF7, 0xFF, 0xFF, 0xFF, 0xFF, 0xC1, 0xC8, 0xA0, 0x0A, 0x44, 0x12, 0x80,
    0x81, 0x55, 0x75, 0x20, 0x80, 0x00, 0x02, 0xF6, 0xFD, 0xBB, 0xDB, 0x6E, 0xBE, 0xAB, 0x55, 0xAF,
    0x6F, 0xF6, 0xFF, 0xF5, 0xB5, 0xF6, 0xBF, 0xDD, 0xDF, 0x7F, 0xF8, 0x00, 0x00, 0x11, 0x24, 0x00,
    0x20, 0x00, 0x00, 0x3B, 0xFF, 0xFF, 0xFF, 0xFF, 0xD1, 0xC7, 0xFB, 0xFF, 0xFE, 0xFB, 0xEF, 0xFF,
    0xFB, 0xFF, 0xFF, 0xFF, 0xEF, 0xDD, 0xFF, 0xDF, 0xFF, 0xF7, 0xBB, 0xBB, 0xDF, 0xFF, 0xFF, 0xFF,
    0xFF, 0xBE, 0xFF, 0xF8, 0x7E, 0xFE, 0xF7, 0xFE, 0xFB, 0xBF, 0xFF, 0xFF, 0xFF, 0xFF, 0xFF, 0xFF,
    0xFF, 0xFF, 0xFF, 0xFF, 0xFF, 0xFF, 0xF9, 0xDF, 0xE3, 0xFF, 0xFF, 0xFF, 0xFF, 0xC3, 0xC2, 0x15,
    0x41, 0x10, 0x49, 0x52, 0x04, 0x2A, 0x8B, 0x92, 0x25, 0x54, 0x93, 0xAF, 0xB7, 0xAF, 0x7F, 0xFB,
    0xEF, 0xFF, 0xFF, 0xFD, 0xDB, 0x7F, 0xD6, 0xDF, 0x7F, 0x5F, 0xEA, 0xF7, 0x6B, 0xAA, 0xB8, 0x00,
    0x00, 0x44, 0x00, 0x94, 0x84, 0x92, 0x4A, 0x39, 0xFF, 0xFB, 0xFF, 0xFF, 0xC3, 0xC7, 0x7F, 0xFE,
    0xFF, 0xFF, 0xFF, 0x7F, 0xDF, 0xFF, 0xBF, 0xFB, 0xFE, 0xFF, 0xFF, 0xFF, 0xDF, 0xFF, 0xFF, 0xFF,
    0xFF, 0x7F, 0xFF, 0xFF, 0xF6, 0xFF, 0xEF, 0xF8, 0xFF, 0xFB, 0xFF, 0xDF, 0xFF, 0x3F, 0xFF, 0xFF,
    0xFF, 0xFF, 0xFF, 0xFF, 0xFF, 0xFF, 0xFF, 0xFF, 0xFF, 0xFF, 0xFB, 0xFF, 0xF7, 0xFF, 0xFF, 0xFF,
    0xFF, 0xA9, 0xC4, 0x80, 0x28, 0xA5, 0x10, 0x28, 0x20, 0x0A, 0xEC, 0xD8, 0x88, 0x01, 0x0A, 0xDD,
    0xED, 0xBB, 0xD5, 0x5F, 0x7A, 0xDA, 0xDB, 0x5F, 0x6F, 0xD5, 0x7F, 0x7B, 0xD5, 0xF5, 0x7F, 0xBD,
    0xDD, 0xFF, 0x74, 0x82, 0x04, 0x00, 0x48, 0x00, 0x10, 0x00, 0x00, 0x71, 0xFF, 0xFF, 0xFF, 0xFF,
    0xC1, 0xC7, 0xEF, 0xBF, 0xF7, 0xFF, 0xFF, 0xFE, 0xFF, 0xF7, 0xFF, 0x7F, 0xFF, 0xFF, 0xFD, 0xFF,
    0xFD, 0xDF, 0xFF, 0xFF, 0xFF, 0xF7, 0xBD, 0xFE, 0xFF, 0xFF, 0xFF, 0xF8, 0x77, 0xEF, 0xDD, 0xFF,
    0xEF, 0xBF, 0xFF, 0xFF, 0xFF, 0xFF, 0xFF, 0xFF, 0xFF, 0xFF, 0xFF, 0xFF, 0xFF, 0xFF, 0xFB, 0xFE,
    0xF3, 0xF7, 0xFE, 0xFF, 0xFF, 0xC3, 0xC2, 0x55, 0x04, 0x08, 0x2A, 0x85, 0x42, 0x81, 0x35, 0x56,
    0x41, 0x54, 0x45, 0xDE, 0xBF, 0x5E, 0xFF, 0xF7, 0xEF, 0xFF, 0xFE, 0xF5, 0xDD, 0x7F, 0xEB, 0xEE,
    0xFF, 0xBF, 0xD6, 0xD7, 0x6E, 0xAA, 0xF8, 0x08, 0x20, 0x01, 0x02, 0x49, 0x02, 0x49, 0x22, 0x3B,
    0xEF, 0xFF, 0xFE, 0xFF, 0xD3, 0xC7, 0xFE, 0xFB, 0xDF, 0xDF, 0x7F, 0xFF, 0xFF, 0xDF, 0xFF, 0xFF,
    0xF7, 0xFF, 0xDF, 0xFF, 0x7F, 0xFF, 0xFE, 0xEF, 0x7D, 0xFF, 0xFF, 0xDF, 0xFF, 0xFD, 0xFD, 0xF4,
    0xFE, 0xFF, 0xFF, 0xBB, 0x7F, 0xBF, 0xFF, 0xFF, 0xFF, 0xFF, 0xFF, 0xFF, 0xFF, 0xFF, 0xFF, 0xFF,
    0xFF, 0xFF, 0xFB, 0xB7, 0xE7, 0xFF, 0xFF, 0xFF, 0xFF, 0xC3, 0xC8, 0x00, 0xA2, 0xA0, 0x95, 0x22,
    0x90, 0x24, 0x0B, 0x55, 0xA8, 0x01, 0x17, 0x6F, 0xF5, 0xB7, 0x6D, 0xBD, 0xBD, 0xAD, 0x6B, 0xDF,
    0x6F, 0xED, 0xBE, 0xBB, 0xB6, 0xED, 0x7D, 0xFD, 0xDB, 0xFF, 0xB0, 0x00, 0x00, 0x94, 0x10, 0x00,
    0x48, 0x10, 0x08, 0x39, 0xFF, 0xBF, 0x7F, 0xFD, 0xC1, 0xC7, 0x7F, 0xFF, 0xFE, 0xFD, 0xFB, 0xFF,
    0xFF, 0xFF, 0xFB, 0xFF, 0xBF, 0xEE, 0xFF, 0xFD, 0xFF, 0xFE, 0xEF, 0xFF, 0xFF, 0xFE, 0xFF, 0xFF,
    0xDF, 0xF7, 0xF7, 0xF8, 0x7F, 0xFF, 0x7F, 0xFF, 0xFF, 0x3F, 0xFF, 0xFF, 0xFF, 0xFF, 0xFF, 0xFF,
    0xFF, 0xFF, 0xFF, 0xFF, 0xFF, 0xFF, 0xFB, 0xFF, 0xF3, 0xFF, 0xFF, 0xFF, 0x7F, 0xC9, 0xC2, 0xAA,
    0x11, 0x14, 0x35, 0x50, 0x56, 0x00, 0x44, 0xEA, 0xB6, 0x90, 0x45, 0xBA, 0xDF, 0x5D, 0xFF, 0xEF,
    0xEF, 0xFF, 0xDF, 0x7B, 0xBB, 0x7F, 0xEF, 0xEF, 0xFF, 0xBF, 0xD7, 0x57, 0x6E, 0xAA, 0xF4, 0x80,
    0x00, 0x00, 0x42, 0xA5, 0x01, 0x42, 0x40, 0x39, 0xFF, 0xFE, 0xFF, 0x9F, 0xD3, 0xC7, 0xF7, 0xEF,
    0x7F, 0xFF, 0xFF, 0xFF, 0xFE, 0xFF, 0x7F, 0xEE, 0xFF, 0xBF, 0xFF, 0xBF, 0xFF, 0xFF, 0xFF, 0xFF,
    0xF7, 0xFB, 0xF7, 0x7B, 0xFD, 0xDF, 0xDF, 0xF8, 0x77, 0xDD, 0xF6, 0xFF, 0xF7, 0xBF, 0xFF, 0xFF,
    0xFF, 0xFF, 0xFF, 0xFF, 0xFF, 0xFF, 0xFF, 0xFF, 0xFF, 0xFF, 0xFB, 0xFF, 0xF7, 0xFF, 0xFF, 0xFF,
    0xFF, 0xA3, 0xC4, 0x00, 0x88, 0xA1, 0x29, 0x55, 0x29, 0x51, 0x01, 0x15, 0x55, 0x45, 0x17, 0xAF,
    0xB6, 0xF7, 0xAA, 0xBA, 0xBA, 0xD6, 0xFB, 0xEF, 0x5F, 0xD5, 0x7A, 0xFD, 0x55, 0xEA, 0xFD, 0xFD,
    0xBB, 0xFF, 0xB0, 0x00, 0x00, 0x41, 0x00, 0x00, 0x24, 0x08, 0x12, 0x7B, 0xFF, 0xFE, 0x7F, 0xDF,
    0xC1, 0xC7, 0xDF, 0x7F, 0xFB, 0xEF, 0xFF, 0xBB, 0xFB, 0xFF, 0xFF, 0xFF, 0xFE, 0xFF, 0xFE, 0xFF,
    0xFD, 0xF7, 0xFF, 0xFF, 0xFF, 0xDF, 0xFF, 0xFF, 0xFF, 0xFF, 0xFF, 0xF8, 0xFF, 0x7F, 0xFF, 0xF7,
    0xBF, 0x3F, 0xFF, 0xFF, 0xFF, 0xFF, 0xFF, 0xFF, 0xFF, 0xFF, 0xFF, 0xFF, 0xFF, 0xFF, 0xF9, 0xDD,
    0xE3, 0xFF, 0xFF, 0xFF, 0xFF, 0xC1, 0xC1, 0x55, 0x24, 0x88, 0x35, 0x55, 0xA2, 0x4A, 0x24, 0x15,
    0xAA, 0xE8, 0x0A, 0xDD, 0xFF, 0x3D, 0xFF, 0xFF, 0xFF, 0xFF, 0xBE, 0xDD, 0xBA, 0xFF, 0xDF, 0xAF,
    0xFF, 0x7F, 0xB7, 0xB7, 0xDE, 0xAA, 0xF0, 0x00, 0x04, 0x08, 0x14, 0x92, 0x01, 0x21, 0x40, 0x39,
    0xFF, 0xFB, 0x2A, 0x8F, 0xD1, 0xC7, 0x7F, 0xFF, 0xEF, 0xBF, 0xEF, 0xFF, 0xDF, 0xFB, 0xEF, 0x7F,
    0xFF, 0xFF, 0xFB, 0xFF, 0xF7, 0xDF, 0xFD, 0xDB, 0xBF, 0xFF, 0xFF, 0xFF, 0xBF, 0xFF, 0xFF, 0xF8,
    0x7F, 0xFF, 0xFF, 0xFF, 0xFF, 0xBF, 0xFF, 0xFF, 0xFF, 0xFF, 0xFF, 0xFF, 0xFF, 0xFF, 0xFF, 0xFF,
    0xFF, 0xFF, 0xFB, 0xFF, 0xF7, 0xFF, 0xF7, 0xFF, 0xFF, 0xC3, 0xC8, 0x00, 0x42, 0x42, 0x2A, 0xA6,
    0xAA, 0x29, 0x00, 0x41, 0x6D, 0x3E, 0xAF, 0x7E, 0xD5, 0xDF, 0x5B, 0x6D, 0xD6, 0xB5, 0xEB, 0xF7,
    0xBF, 0xB6, 0xF6, 0xFB, 0x6D, 0xDA, 0xEE, 0xED, 0x6B, 0xFF, 0xE4, 0x11, 0x10, 0x01, 0x00, 0x00,
    0x90, 0x00, 0x04, 0x39, 0xFF, 0xF8, 0x00, 0x1F, 0xC3, 0xC7, 0xFD, 0xFB, 0x7F, 0xFF, 0x7F, 0xFF,
    0xFF, 0xFF, 0xFF, 0xFF, 0xF7, 0xFE, 0xEF, 0xF7, 0xBF, 0xFF, 0xF7, 0xFF, 0xFF, 0x7F, 0xDF, 0xFF,
    0xFF, 0x7E, 0xFF, 0xF0, 0xF7, 0xFF, 0xDF, 0xBE, 0xFB, 0xBF, 0xFF, 0xFF, 0xFF, 0xFF, 0xFF, 0xFF,
    0xFF, 0xFF, 0xFF, 0xFF, 0xFF, 0xFF, 0xFB, 0xF7, 0xF3, 0xFF, 0xDF, 0xFF, 0xFF, 0xA3, 0xC2, 0xAA,
    0x11, 0x28, 0xB5, 0x55, 0x6D, 0x44, 0xD4, 0x08, 0x16, 0xC2, 0xD5, 0x5B, 0xBE, 0x75, 0xFF, 0xFF,
    0x7F, 0xFF, 0x7F, 0x5E, 0xD6, 0xFF, 0xBD, 0xDE, 0xFB, 0x77, 0xBB, 0xBF, 0xBE, 0xAA, 0xF0, 0x00,
    0x00, 0x90, 0x49, 0x28, 0x04, 0x94, 0x40, 0x73, 0xFF, 0xFC, 0x00, 0x0F, 0xD1, 0xC7, 0xF7, 0xDF,
    0xFE, 0xFB, 0xFF, 0xFF, 0xFF, 0xFF, 0xFF, 0xFD, 0xDF, 0xFF, 0xFF, 0xFF, 0xFF, 0xFF, 0xBF, 0xFF,
    0xFF, 0xFF, 0x7E, 0xF7, 0xFB, 0xFB, 0xF7, 0xF8, 0x7E, 0xEE, 0xFD, 0xFF, 0xEF, 0x3F, 0xFF, 0xFF,
    0xFF, 0xFF, 0xFF, 0xFF, 0xFF, 0xFF, 0xFF, 0xFF, 0xFF, 0xFF, 0xFB, 0xBF, 0xE7, 0xFF, 0xFF, 0xFF,
    0xFF, 0xC9, 0xC8, 0x01, 0x44, 0x82, 0x15, 0x4A, 0xB5, 0x2A, 0x25, 0x42, 0x42, 0xBB, 0x5F, 0xBE,
    0xF7, 0x6F, 0x6A, 0xAB, 0xDB, 0x5B, 0xDB, 0xFB, 0x7F, 0xAA, 0xEF, 0x77, 0xAF, 0xDE, 0xFE, 0xEA,
    0xB7, 0xFD, 0xA0, 0x80, 0x00, 0x02, 0x00, 0x02, 0x40, 0x01, 0x12, 0x39, 0xFF, 0xFE, 0x00, 0x7F,
    0xC3, 0xC7, 0xBF, 0xFF, 0xF7, 0xFF, 0xFE, 0xFF, 0xFF, 0xEF, 0xBE, 0xF7, 0xFF, 0xEF, 0xFF, 0xFF,
    0xFF, 0xFF, 0xFF, 0xFF, 0xFB, 0xFB, 0xFF, 0xFE, 0xFF, 0xFF, 0xDF, 0xF8, 0xFF, 0xFF, 0xFF, 0xFB,
    0xFF, 0xBF, 0xFF, 0xFF, 0xFF, 0xFF, 0xFF, 0xFF, 0xFF, 0xFF, 0xFF, 0xFF, 0xFF, 0xFF, 0xFB, 0xFF,
    0xF3, 0xFB, 0xFF, 0xFF, 0xFF, 0xC3, 0xC2, 0xA8, 0x10, 0x50, 0x54, 0xAB, 0x55, 0xCA, 0x94, 0x90,
    0x01, 0x4D, 0x55, 0xF7, 0xBD, 0x7D, 0xFF, 0xFE, 0xEF, 0xFE, 0xFE, 0xDF, 0x5A, 0xFF, 0xFB, 0xDD,
    0xFD, 0xF7, 0xD7, 0xBF, 0xDA, 0xAB, 0xE8, 0x00, 0x00, 0x08, 0x49, 0x20, 0x14, 0xA0, 0x00, 0x3A,
    0xF7, 0xBF, 0xBF, 0xBF, 0xD1, 0xC7, 0xFF, 0x7B, 0xBF, 0xDF, 0xFB, 0xEF, 0x7F, 0xFF, 0xFF, 0xFF,
    0xFF, 0xBF, 0xFF, 0xFE, 0xFF, 0xFD, 0xFF, 0xEF, 0x6F, 0xFF, 0xFF, 0xFF, 0xEF, 0xEF, 0xFF, 0xF8,
    0x6F, 0xBF, 0xF7, 0xEF, 0xFF, 0xBF, 0xFF, 0xFF, 0xFF, 0xFF, 0xFF, 0xFF, 0xFF, 0xFF, 0xFF, 0xFF,
    0xFF, 0xFF, 0xFB, 0xF7, 0xE7, 0xFF, 0xFF, 0xFB, 0xFF, 0xA1, 0xC0, 0x05, 0x45, 0x09, 0x2A, 0xAD,
    0x6C, 0xAA, 0xA2, 0xA9, 0x28, 0x15, 0xB5, 0x5D, 0xEE, 0xD7, 0xAD, 0xB7, 0xBA, 0xD7, 0xAB, 0xF6,
    0xFF, 0xDB, 0x5E, 0xF7, 0x6E, 0xBD, 0x7A, 0xEA, 0xBF, 0xFE, 0xE0, 0x00, 0x04, 0x80, 0x00, 0x09,
    0x00, 0x09, 0x48, 0x79, 0xFF, 0xFF, 0xBF, 0xFF, 0xC1, 0xC7, 0x7B, 0xFF, 0xFE, 0xFE, 0xDF, 0xFF,
    0xFE, 0xFF, 0xFF, 0xFF, 0xFE, 0xFE, 0xFF, 0xB7, 0xFF, 0x77, 0xFF, 0x7F, 0xFF, 0xDF, 0xFB, 0xDF,
    0xFF, 0xBF, 0xFF, 0xF8, 0xFD, 0xFF, 0xBF, 0xFF, 0xFF, 0x3F, 0xFF, 0xFF, 0xFF, 0xFF, 0xFF, 0xFF,
    0xFF, 0xFF, 0xFF, 0xFF, 0xFF, 0xFF, 0xF9, 0xDF, 0xF3, 0xFF, 0xFF, 0xFF, 0xFD, 0xC3, 0xCA, 0xA0,
    0x12, 0xA2, 0x2A, 0xAA, 0xAB, 0x55, 0x5A, 0x55, 0x02, 0x40, 0xDA, 0xBB, 0x76, 0xFD, 0xFB, 0xFD,
    0xEF, 0xFD, 0xFE, 0xBB, 0x6B, 0x7F, 0xF7, 0xBD, 0xF7, 0xEF, 0xDF, 0xBF, 0x6A, 0xAB, 0xC0, 0x02,
    0x20, 0x22, 0x44, 0xA0, 0x49, 0x20, 0x02, 0x39, 0xFF, 0xFF, 0xFF, 0xFF, 0xD3, 0xC7, 0xEF, 0xEF,
    0xF7, 0xFB, 0xFF, 0xFF, 0xFB, 0xFF, 0xFB, 0xFF, 0xBF, 0xFF, 0xEE, 0xFF, 0xF7, 0xFF, 0xFD, 0xFF,
    0xFF, 0xFF, 0xFF, 0xFF, 0xFE, 0xFF, 0xBE, 0xF8, 0x7F, 0xFB, 0xFF, 0x7F, 0xB7, 0xBF, 0xFF, 0xFF,
    0xFF, 0xFF, 0xFF, 0xFF, 0xFF, 0xFF, 0xFF, 0xFF, 0xFF, 0xFF, 0xFB, 0xFE, 0xF7, 0xFF, 0xFF, 0xFF,
    0xFF, 0xC9, 0xC0, 0x15, 0x44, 0x48, 0x52, 0x95, 0xB4, 0xA5, 0x55, 0x4A, 0xD0, 0x0A, 0x26, 0xF7,
    0xDD, 0x5F, 0x5E, 0xD7, 0xBD, 0xB7, 0x6F, 0xEE, 0xBE, 0xEA, 0xBA, 0xEF, 0xBD, 0xBA, 0xED, 0xED,
    0xFF, 0xFD, 0xD0, 0x08, 0x00, 0x00, 0x10, 0x04, 0x00, 0x02, 0x20, 0x3B, 0xFF, 0xFF, 0xAA, 0x9F,
    0xC1, 0xCB, 0xFF, 0xBE, 0xDF, 0xEF, 0xFF, 0xFF, 0xFF, 0xFD, 0xFF, 0xDE, 0xFF, 0xFF, 0xFF, 0xFF,
    0xFF, 0xFF, 0xEF, 0xFD, 0xFF, 0x7F, 0x7F, 0xFD, 0xBF, 0xFE, 0xFB, 0xF8, 0xF7, 0xEF, 0xFF, 0xFE,
    0xFF, 0xBF, 0xFF, 0xFF, 0xFF, 0xFF, 0xFF, 0xFF, 0xFF, 0xFF, 0xFF, 0xFF, 0xFF, 0xFF, 0xFB, 0xFF,
    0xE3, 0xFF, 0xFF, 0xFF, 0xFF, 0xC3, 0xC5, 0x40, 0x11, 0x11, 0x2A, 0x6D, 0x56, 0xAA, 0xAD, 0xAA,
    0x55, 0x20, 0x09, 0x5D, 0x76, 0xF5, 0xF7, 0xBE, 0xF7, 0xFF, 0xFA, 0xDE, 0xEF, 0xBF, 0xEF, 0xBB,
    0x6E, 0xEF, 0xBB, 0x76, 0xAA, 0xAB, 0xC1, 0x00, 0x01, 0x11, 0x02, 0x11, 0x24, 0x90, 0x88, 0x71,
    0xFF, 0xFE, 0x00, 0x1F, 0xD3, 0xC7, 0xFE, 0xFF, 0xFF, 0xBF, 0xFF, 0xFD, 0xEF, 0xEF, 0xDF, 0xFF,
    0xFB, 0xFF, 0xFF, 0xFF, 0xDF, 0xFF, 0xFF, 0xFF, 0xFD, 0xFD, 0xFF, 0xBF, 0xFF, 0xFF, 0xFF, 0xF8,
    0x7F, 0xBF, 0xFB, 0xFB, 0xFF, 0x3F, 0xFF, 0xFF, 0xFF, 0xFF, 0xFF, 0xFF, 0xFF, 0xFF, 0xFF, 0xFF,
    0xFF, 0xFF, 0xFB, 0xEF, 0xF7, 0xFF, 0xFF, 0xFF, 0xFF, 0xD1, 0xC0, 0x15, 0x44, 0x84, 0x55, 0x2B,
    0x69, 0x54, 0xAB, 0x55, 0x55, 0x02, 0x82, 0x7F, 0xDD, 0xBF, 0x7D, 0xF7, 0xDE, 0xAA, 0xAF, 0xF7,
    0x7A, 0xF6, 0xFB, 0xFE, 0xFB, 0xBA, 0xEF, 0xBE, 0xFF, 0xDE, 0xD0, 0x00, 0x04, 0x04, 0x40, 0x80,
    0x00, 0x02, 0x02, 0x3B, 0xFF, 0xFE, 0x00, 0x1F, 0xC1, 0xC7, 0xBB, 0xFF, 0xFD, 0xFF, 0xFB, 0xDF,
    0xFF, 0xFF, 0xFF, 0xFF, 0xFF, 0xEF, 0xBF, 0xFE, 0xFF, 0xBF, 0xBF, 0xFF, 0xDF, 0xFF, 0xF7, 0xFF,
    0xFB, 0xFB, 0xFF, 0xF8, 0xFE, 0xFF, 0xBF, 0xDF, 0xFD, 0xBF, 0xFF, 0xFF, 0xFF, 0xFF, 0xFF, 0xFF,
    0xFF, 0xFF, 0xFF, 0xFF, 0xFF, 0xFF, 0xFB, 0xBF, 0xF3, 0xFF, 0xFF, 0xF7, 0xFF, 0xC3, 0xCA, 0x80,
    0x12, 0x50, 0x24, 0xB5, 0xAD, 0x4B, 0x55, 0x6D, 0x4A, 0xE8, 0x28, 0xB5, 0xF5, 0xD5, 0xD7, 0x7D,
    0x7B, 0xFF, 0xFD, 0x5D, 0x6F, 0xDF, 0xAE, 0xD7, 0xAE, 0xFF, 0xBD, 0xD7, 0x55, 0x77, 0xC0, 0x00,
    0x00, 0x00, 0x12, 0x12, 0x52, 0x48, 0x20, 0x39, 0xFF, 0xFD, 0x10, 0x5F, 0xD1, 0xC7, 0xFF, 0xFB,
    0x6F, 0xFE, 0xEF, 0xFF, 0xFF, 0xFF, 0xFF, 0x7B, 0xFF, 0xBE, 0xFD, 0xEF, 0xFE, 0xFD, 0xFF, 0xEF,
    0xFF, 0xF7, 0xFF, 0xFF, 0xFF, 0xEF, 0xFF, 0xF8, 0x77, 0xFE, 0xFF, 0xFF, 0xEF, 0xBF, 0xFF, 0xFF,
    0xFF, 0xFF, 0xFF, 0xFF, 0xFF, 0xFF, 0xFF, 0xFF, 0xFF, 0xFF, 0xFB, 0xFF, 0xE7, 0xF7, 0xFF, 0xFF,
    0xFF, 0xA3, 0xC0, 0x55, 0x41, 0x04, 0xAA, 0xAA, 0xAA, 0xB5, 0x35, 0x55, 0xAA, 0x55, 0x00, 0x7F,
    0x5D, 0x7F, 0x7D, 0xD7, 0xEF, 0x6D, 0xB7, 0xFA, 0xFB, 0x75, 0xFF, 0x7D, 0xFB, 0xD5, 0xEE, 0xFA,
    0xFE, 0xDB, 0xA0, 0x20, 0x80, 0x91, 0x00, 0x40, 0x00, 0x01, 0x08, 0x39, 0xFF, 0xFE, 0x7F, 0xFF,
    0xC3, 0xC7, 0xDF, 0xDF, 0xFF, 0xEF, 0xFF, 0xFF, 0xFF, 0xFF, 0xFD, 0xFF, 0xDF, 0xFF, 0xFF, 0xFF,
    0xFF, 0xFF, 0xFF, 0x7F, 0xFF, 0xFF, 0xFF, 0xF7, 0xFF, 0xBF, 0xDF, 0xF0, 0xBF, 0xFF, 0xFD, 0xFF,
    0xBF, 0xBF, 0xFF, 0xFF, 0xFF, 0xFF, 0xFF, 0xFF, 0xFF, 0xFF, 0xFF, 0xFF, 0xFF, 0xFF, 0xF9, 0xFB,
    0xF3, 0xFF, 0xBF, 0xFF, 0xF7, 0xC1, 0xC5, 0x00, 0x14, 0x50, 0x51, 0x56, 0xB5, 0x5A, 0xAA, 0xAA,
    0xB5, 0x56, 0xA4, 0xEB, 0xF5, 0xDB, 0xEF, 0x7E, 0xFB, 0xFF, 0xFD, 0xBD, 0xDF, 0xDF, 0x55, 0xED,
    0x6F, 0x7F, 0x7B, 0x5F, 0x57, 0xEE, 0x80, 0x00, 0x08, 0x00, 0x49, 0x09, 0x09, 0x24, 0x20, 0x7B,
    0xF7, 0xFE, 0x7F, 0xFF, 0xD1, 0xC7, 0x7E, 0xFF, 0xFD, 0xBF, 0xFF, 0xFB, 0xBD, 0xDF, 0xF7, 0xFF,
    0x7D, 0xFF, 0xFF, 0xFF, 0xFF, 0xFF, 0xFD, 0xFE, 0xFD, 0xFF, 0xDE, 0xFF, 0x77, 0xFF, 0xFB, 0xF8,
    0x7F, 0xF7, 0xF7, 0xFD, 0xFF, 0x3F, 0xFF, 0xFF, 0xFF, 0xFF, 0xFF, 0xFF, 0xFF, 0xFF, 0xFF, 0xFF,
    0xFF, 0xFF, 0xFB, 0xEF, 0xE7, 0xFF, 0xFF, 0x7F, 0xFF, 0xCB, 0xC0, 0x55, 0x41, 0x05, 0x2A, 0xAA,
    0xD6, 0xA9, 0x56, 0xDB, 0x55, 0x49, 0x68, 0xFE, 0xBC, 0xAE, 0xBB, 0xEF, 0xAE, 0xAA, 0xD7, 0xED,
    0xB5, 0x7B, 0xFF, 0xBF, 0xBD, 0xD5, 0xDD, 0xEA, 0xFA, 0xBB, 0xC2, 0x02, 0x00, 0x09, 0x00, 0x00,
    0x40, 0x00, 0x02, 0x39, 0xFF, 0xBF, 0x3F, 0xDF, 0xC1, 0xC7, 0xFB, 0xFD, 0xDF, 0xFD, 0xBF, 0x7F,
    0xFF, 0xFE, 0xDF, 0xFF, 0xFF, 0xFF, 0xF7, 0xBD, 0xF7, 0xF7, 0xF7, 0xFF, 0xF7, 0xDF, 0x7F, 0xFF,
    0xFF, 0xFF, 0xFF, 0xF8, 0xFF, 0xDF, 0xFF, 0xB7, 0xFB, 0xBF, 0xFF, 0xFF, 0xFF, 0xFF, 0xFF, 0xFF,
    0xFF, 0xFF, 0xFF, 0xFF, 0xFF, 0xFF, 0xFB, 0xFF, 0xF3, 0xFF, 0xFF, 0xFF, 0xFF, 0xC1, 0xCA, 0x00,
    0x12, 0x50, 0x49, 0x5A, 0xAA, 0x95, 0x2B, 0x55, 0x5B, 0x6A, 0x96, 0xAB, 0xD7, 0x69, 0x5E, 0xFA,
    0xFB, 0xFF, 0xFE, 0xB6, 0xFF, 0xEE, 0xDA, 0xEA, 0xF7, 0x7F, 0x6F, 0x7D, 0xAF, 0xDF, 0x88, 0x00,
    0x01, 0x20, 0x08, 0x92, 0x08, 0x91, 0x20, 0x39, 0xFF, 0xFF, 0x00, 0x1F, 0xC3, 0xC7, 0xFF, 0xF7,
    0xFF, 0xFF, 0xFB, 0xFF, 0xFF, 0xFF, 0xFF, 0xEF, 0xFF, 0xFB, 0xFF, 0xFF, 0xFF, 0xFF, 0xFF, 0xFF,
    0xFF, 0xFD, 0xFF, 0xEF, 0xFF, 0xFD, 0xFF, 0xF8, 0x7D, 0xFF, 0xBF, 0xFF, 0xEF, 0xBF, 0xFF, 0xFF,
    0xFF, 0xFF, 0xFF, 0xFF, 0xFF, 0xFF, 0xFF, 0xFF, 0xFF, 0xFF, 0xFB, 0xBF, 0xE7, 0xFF, 0xFF, 0xFF,
    0xFF, 0xC3, 0xC1, 0x55, 0x41, 0x02, 0x54, 0xAB, 0x55, 0x6A, 0xAD, 0x55, 0xAA, 0xAD, 0x55, 0xFE,
    0xF9, 0xDE, 0xE5, 0x2F, 0xDF, 0x6D, 0x5B, 0xDB, 0x56, 0xBF, 0xBF, 0xBF, 0xBD, 0xED, 0xF5, 0xD6,
    0xF5, 0x6B, 0x40, 0x00, 0x04, 0x00, 0x42, 0x00, 0x22, 0x04, 0x08, 0x73, 0xFF, 0xFE, 0x00, 0x2F,
    0xD1, 0xC7, 0x6F, 0xDF, 0xF6, 0xEF, 0xFF, 0xEF, 0xFF, 0xFF, 0xFF, 0xFD, 0xFF, 0xBF, 0xFF, 0xF7,
    0xFF, 0xBF, 0xBF, 0xFF, 0xBF, 0xFF, 0xFF, 0xFF, 0xFE, 0xEF, 0xDF, 0xF8, 0xFF, 0xFF, 0xFE, 0xFF,
    0xFF, 0x3F, 0xFF, 0xFF, 0xFF, 0xFF, 0xFF, 0xFF, 0xFF, 0xFF, 0xFF, 0xFF, 0xFF, 0xFF, 0xFB, 0xFF,
    0xF7, 0xFF, 0xFF, 0xFF, 0xFF, 0xD3, 0xC4, 0x00, 0x08, 0x50, 0x42, 0xAA, 0xB6, 0xAA, 0xB5, 0x5A,
    0xD5, 0x57, 0xD5, 0x6B, 0xB7, 0x77, 0xBA, 0xD5, 0x6D, 0xFF, 0xF6, 0xBF, 0xDF, 0xEA, 0xEB, 0xED,
    0xEF, 0x77, 0x5F, 0x7D, 0xBF, 0xBF, 0x80, 0x10, 0x10, 0x09, 0x08, 0x24, 0x80, 0x40, 0x82, 0x39,
    0xFF, 0xFF, 0x00, 0x1F, 0xC3, 0xC7, 0xFF, 0x7F, 0x7F, 0xFB, 0x3F, 0xFF, 0x77, 0xF7, 0xFF, 0xFF,
    0xF7, 0xFF, 0xBF, 0xFF, 0xDF, 0xFF, 0xFF, 0xF7, 0xFF, 0xFF, 0xFD, 0xFE, 0xEF, 0xFF, 0xFB, 0xF8,
    0x7F, 0xFD, 0xEF, 0xFF, 0x7F, 0xBF, 0xFF, 0xFF, 0xFF, 0xFF, 0xFF, 0xFF, 0xFF, 0xFF, 0xFF, 0xFF,
    0xFF, 0xFF, 0xF9, 0xF7, 0xE3, 0xFF, 0xFF, 0xFF, 0xFF, 0xC1, 0xC1, 0x24, 0x92, 0x89, 0x35, 0x5A,
    0xDA, 0xA5, 0xAB, 0x6B, 0x5B, 0x6F, 0x55, 0xFE, 0xF9, 0xDD, 0xEF, 0xF5, 0x2B, 0x55, 0xBF, 0x65,
    0x75, 0xBF, 0xFE, 0xBE, 0xBB, 0xDD, 0xF6, 0xD6, 0xEA, 0xEB, 0x00, 0x00, 0x40, 0x40, 0x00, 0x80,
    0x11, 0x10, 0x20, 0x3A, 0xFF, 0xFF, 0x15, 0x5F, 0xD1, 0xCB, 0xFF, 0xFF, 0xFF, 0xBA, 0x4F, 0xFF,
    0xFF, 0x7F, 0xFF, 0xBF, 0xFF, 0xFF, 0xFD, 0xFF, 0xFF, 0xFE, 0xFF, 0xDF, 0xFE, 0xEF, 0xFF, 0xDF,
    0xFF, 0xFF, 0xFF, 0xF4, 0xF7, 0x77, 0xBF, 0xDB, 0xFF, 0xBF, 0xFF, 0xFF, 0xFF, 0xFF, 0xFF, 0xFF,
    0xFF, 0xFF, 0xFF, 0xFF, 0xFF, 0xFF, 0xFB, 0xFF, 0xF7, 0xFF, 0xFF, 0xFF, 0xFF, 0xA3, 0xC8, 0x88,
    0x44, 0x20, 0x49, 0x6B, 0x55, 0x36, 0xAD, 0xAA, 0xAD, 0x57, 0xAA, 0xD7, 0xAB, 0xF7, 0x7D, 0xBF,
    0xF5, 0x56, 0xF5, 0xF6, 0xEF, 0x76, 0xAD, 0xEB, 0xEE, 0xF7, 0xBB, 0xFD, 0xBF, 0x7F, 0x40, 0x00,
    0x01, 0x04, 0x48, 0x12, 0x44, 0x05, 0x04, 0x39, 0xFF, 0xFF, 0xBF, 0xDF, 0xC3, 0xC7, 0xF7, 0xFB,
    0xDD, 0xF6, 0xDF, 0xFF, 0xFF, 0xFF, 0xBD, 0xFF, 0xBF, 0xFB, 0xFF, 0xDF, 0xFE, 0xFF, 0xFD, 0xFF,
    0xF7, 0xFF, 0xEF, 0xFF, 0xFF, 0xFD, 0xDF, 0xF8, 0x7F, 0xFF, 0xFD, 0xFF, 0xED, 0xBF, 0xFF, 0xFF,
    0xFF, 0xFF, 0xFF, 0xFF, 0xFF, 0xFF, 0xFF, 0xFF, 0xFF, 0xFF, 0xFB, 0xDF, 0xE7, 0xFB, 0xFD, 0xFF,
    0xFF, 0xC3, 0xC2, 0x22, 0x11, 0x44, 0xA5, 0x55, 0x55, 0x55, 0x56, 0xAA, 0xD5, 0xAA, 0xAD, 0xFD,
    0xF6, 0xBF, 0xD7, 0xDB, 0x7E, 0xEB, 0x4D, 0xAA, 0x75, 0xFF, 0xFF, 0xBF, 0x7B, 0xBD, 0xDE, 0xAB,
    0xD5, 0xAB, 0x02, 0x00, 0x00, 0x10, 0x02, 0x40, 0x00, 0x40, 0x20, 0x7B, 0xFE, 0xFF, 0xFF, 0xFF,
    0xD1, 0xC7, 0xBE, 0xEF, 0xFF, 0xF9, 0x5F, 0xBD, 0xFF, 0xFF, 0xFF, 0xFB, 0xFE, 0xEF, 0xFF, 0xFF,
    0xFF, 0xFB, 0xFF, 0xFE, 0xFF, 0xFF, 0x7F, 0xFF, 0xFE, 0xEF, 0xFF, 0xF8, 0xFF, 0xFF, 0xFF, 0xFF,
    0xFF, 0x3F, 0xFF, 0xFF, 0xFF, 0xFF, 0xFF, 0xFF, 0xFF, 0xFF, 0xFF, 0xFF, 0xFF, 0xFF, 0xFB, 0xFE,
    0xF3, 0xFF, 0xDF, 0xFF, 0xFF, 0xC9, 0xC4, 0x89, 0x42, 0x10, 0x52, 0xAA, 0xB5, 0xAD, 0x55, 0x56,
    0xAD, 0x5B, 0x55, 0xAE, 0xB5, 0xEA, 0xFE, 0xFD, 0xD7, 0xBD, 0x55, 0xEA, 0xDF, 0xAA, 0xB5, 0xED,
    0xDE, 0xD7, 0x77, 0xFD, 0x7E, 0xFF, 0x40, 0x22, 0x04, 0x01, 0x20, 0x08, 0x91, 0x11, 0x04, 0x39,
    0xFF, 0xFF, 0xD7, 0xBF, 0xC1, 0xC7, 0xFF, 0xFF, 0x77, 0xEA, 0xDF, 0xFF, 0xF7, 0xFE, 0xFF, 0xFF,
    0xFF, 0xFF, 0xEF, 0x7E, 0xFF, 0xFF, 0xF7, 0xFF, 0xFF, 0xFD, 0xFF, 0x7D, 0xDF, 0xFF, 0xFB, 0xF8,
    0x7D, 0xEE, 0xEF, 0xBB, 0xBF, 0xBF, 0xFF, 0xFF, 0xFF, 0xFF, 0xFF, 0xFF, 0xFF, 0xFF, 0xFF, 0xFF,
    0xFF, 0xFF, 0xFB, 0xFF, 0xF7, 0xFF, 0xFF, 0xFF, 0xFF, 0xA3, 0xC0, 0x20, 0x11, 0x44, 0xA5, 0x56,
    0xD5, 0x6A, 0xAD, 0x6A, 0xB5, 0xAA, 0xB7, 0xFB, 0xEB, 0xBF, 0xB7, 0xAF, 0xFD, 0xFF, 0xFE, 0xD3,
    0x75, 0xFF, 0xFF, 0x7B, 0x77, 0xFD, 0xDA, 0xAB, 0xD5, 0xAE, 0x00, 0x00, 0x10, 0x44, 0x09, 0x20,
    0x00, 0x04, 0x20, 0x39, 0xFF, 0xFF, 0x07, 0x3F, 0xC3, 0xC7, 0xFB, 0xFF, 0xFF, 0x7D, 0xFE, 0xFF,
    0xFF, 0xDF, 0xFF, 0xEF, 0xFB, 0xFF, 0xBF, 0xFF, 0xEF, 0xEF, 0xFF, 0xFB, 0xFF, 0xBF, 0xFF, 0xFF,
    0xFF, 0xFF, 0xBF, 0xF0, 0xBF, 0xFF, 0xFE, 0xFF, 0xFF, 0xBF, 0xFF, 0xFF, 0xFF, 0xFF, 0xFF, 0xFF,
    0xFF, 0xFF, 0xFF, 0xFF, 0xFF, 0xFF, 0xF9, 0xDF, 0xE3, 0xDF, 0xFF, 0xFF, 0xFF, 0xC1, 0xCA, 0x85,
    0x04, 0x10, 0x49, 0x6A, 0xAA, 0xAA, 0xB7, 0x5A, 0xD6, 0xB5, 0x55, 0xAE, 0xF6, 0xED, 0xFD, 0xFA,
    0xB7, 0xAB, 0x75, 0xD9, 0xD5, 0x2D, 0xAB, 0xAF, 0xDD, 0x57, 0x7F, 0xFB, 0x7F, 0xF7, 0x00, 0x00,
    0x00, 0x00, 0x20, 0x02, 0x08, 0x80, 0x04, 0x79, 0xF7, 0xFE, 0x07, 0xBF, 0xD1, 0xC7, 0xDF, 0xBB,
    0xDF, 0xFB, 0xBF, 0xFF, 0xDF, 0xFF, 0xFD, 0xFF, 0xDF, 0xFF, 0xFF, 0xFF, 0xFF, 0xBF, 0xFF, 0xEF,
    0xDF, 0xFF, 0xFD, 0xFF, 0xFF, 0xFE, 0xFF, 0xF8, 0x7F, 0xFF, 0xFF, 0xFF, 0xF7, 0x3F, 0xFF, 0xFF,
    0xFF, 0xFF, 0xFF, 0xFF, 0xFF, 0xFF, 0xFF, 0xFF, 0xFF, 0xFF, 0xFB, 0xFF, 0xF7, 0xFF, 0xFF, 0xFE,
    0xFF, 0xC3, 0xC0, 0x20, 0x51, 0x42, 0x45, 0x5A, 0xB5, 0xA9, 0x55, 0x6B, 0x55, 0x56, 0xD6, 0xFB,
    0xAB, 0xBF, 0x57, 0x6F, 0xFE, 0xFF, 0xDF, 0x6A, 0xF6, 0xD5, 0x7E, 0xFD, 0x77, 0xFD, 0xD5, 0x55,
    0xAA, 0xAE, 0x44, 0x00, 0x01, 0x11, 0x02, 0x48, 0x42, 0x11, 0x10, 0x35, 0xFF, 0xFE, 0x4F, 0xCF,
    0xC3, 0xC7, 0x7F, 0xFF, 0xFF, 0xF5, 0xDB, 0xFE, 0xFF, 0xFF, 0xF7, 0xFF, 0x7F, 0xFE, 0xFF, 0xF7,
    0xFE, 0xFF, 0xDF, 0xBF, 0xFD, 0xFF, 0xF7, 0xF7, 0xFB, 0x7B, 0xFF, 0xF8, 0xFF, 0xBF, 0xFB, 0xFD,
    0xDF, 0xBF, 0xFF, 0xFF, 0xFF, 0xFF, 0xFF, 0xFF, 0xFF, 0xFF, 0xFF, 0xFF, 0xFF, 0xFF, 0xFB, 0xF7,
    0xF3, 0xFF, 0xFF, 0xFF, 0xFD, 0xD3, 0xC4, 0x8A, 0x04, 0x28, 0x6A, 0xAB, 0x55, 0x55, 0x5A, 0xAA,
    0xAA, 0xAA, 0xB5, 0xDE, 0xEF, 0xF5, 0xFD, 0xFB, 0x57, 0xDA, 0xF5, 0xDA, 0xBF, 0x6A, 0xA5, 0xAF,
    0xFD, 0x57, 0x7F, 0xFB, 0xFF, 0x7E, 0x00, 0x00, 0x44, 0x00, 0x08, 0x00, 0x10, 0x00, 0x42, 0x39,
    0xFF, 0xFD, 0x67, 0x9F, 0xD1, 0xC7, 0xFE, 0xFE, 0xFB, 0xB9, 0xCF, 0xF7, 0xFE, 0xFD, 0xDF, 0xFD,
    0xFF, 0xDF, 0xFF, 0xBF, 0xFF, 0xFF, 0xFF, 0xFF, 0xFF, 0xF7, 0xDF, 0xFF, 0x7F, 0xFF, 0xFF, 0xF8,
    0x7B, 0xFD, 0xBF, 0xEF, 0xFF, 0x3F, 0xFF, 0xFF, 0xFF, 0xFF, 0xFF, 0xFF, 0xFF, 0xFF, 0xFF, 0xFF,
    0xFF, 0xFF, 0xFB, 0xBF, 0xE7, 0xFF, 0xFF, 0xFF, 0xFF, 0xC1, 0xC0, 0x20, 0x91, 0x41, 0x22, 0xAD,
    0x6D, 0x45, 0x55, 0x2D, 0x55, 0xB5, 0x57, 0x77, 0xB5, 0x5F, 0x6F, 0xAF, 0xFD, 0x7F, 0xBE, 0xED,
    0xD5, 0xFF, 0xDA, 0x55, 0x57, 0xFD, 0xD5, 0x5D, 0x55, 0xD6, 0x80, 0x22, 0x00, 0x48, 0x80, 0x84,
    0x80, 0x88, 0x00, 0x3B, 0xFF, 0xFE, 0xF7, 0xDF, 0xC3, 0xC7, 0xFB, 0xEF, 0xEF, 0xF6, 0xDF, 0xFF,
    0xFF, 0xF7, 0xFF, 0xB7, 0xFF, 0x7F, 0xFD, 0xFF, 0x7F, 0xFF, 0x7E, 0xFF, 0xFF, 0xFF, 0x7F, 0xFF,
    0xFF, 0xFF, 0xF7, 0xF8, 0xFF, 0xFF, 0xFF, 0xFF, 0xFD, 0xBF, 0xFF, 0xFF, 0xFF, 0xFF, 0xFF, 0xFF,
    0xFF, 0xFF, 0xFF, 0xFF, 0xFF, 0xFF, 0xFB, 0xFF, 0xF3, 0xFF, 0xFF, 0xFF, 0xFF, 0xC3, 0xC5, 0x08,
    0x22, 0x24, 0x55, 0x6A, 0xAA, 0xB5, 0x55, 0x55, 0x5A, 0xD5, 0xB7, 0xDD, 0xEF, 0xF7, 0xFA, 0xFD,
    0xB7, 0xEA, 0xEF, 0x7F, 0xBF, 0xAD, 0x77, 0xEA, 0xAD, 0xB7, 0x7F, 0xEB, 0xFB, 0x7D, 0x00, 0x00,
    0x00, 0x02, 0x22, 0x10, 0x08, 0x22, 0x10, 0x79, 0xFF, 0xFC, 0x67, 0x0F, 0xD1, 0xC7, 0xDF, 0xFF,
    0xFF, 0xFB, 0x8F, 0xFF, 0xFF, 0xFF, 0xFF, 0xFF, 0xFF, 0xFF, 0xF7, 0xFF, 0xF7, 0xFF, 0xFF, 0xFF,
    0xBF, 0xBF, 0xFF, 0xDF, 0xFF, 0xEF, 0xFF, 0x78, 0x7F, 0xF7, 0xFF, 0x7F, 0x7F, 0xBF, 0xFF, 0xFF,
    0xFF, 0xFF, 0xFF, 0xFF, 0xFF, 0xFF, 0xFF, 0xFF, 0xFF, 0xFF, 0xF9, 0xFF, 0xE7, 0xFF, 0x7F, 0xEF,
    0xFF, 0xC9, 0xC0, 0x42, 0x84, 0x90, 0x42, 0xAB, 0x55, 0x55, 0x5A, 0xAB, 0x6B, 0x56, 0xAB, 0x77,
    0x55, 0x7D, 0x5F, 0xDB, 0xFE, 0xDF, 0xBB, 0xAA, 0xED, 0xFF, 0xDE, 0xBD, 0x55, 0x55, 0xED, 0x6E,
    0xAE, 0xDC, 0x00, 0x00, 0x09, 0x00, 0x08, 0x01, 0x21, 0x00, 0x82, 0x39, 0xFF, 0xDF, 0x00, 0x3F,
    0xC1, 0xC7, 0x7F, 0xBD, 0xBE, 0xF8, 0x3F, 0xBF, 0xEF, 0xFF, 0xFF, 0xFF, 0xFF, 0xFD, 0xDF, 0xFF,
    0xFF, 0xFB, 0xFF, 0xFE, 0xFD, 0xFF, 0xFF, 0xFF, 0xEF, 0xFF, 0xBF, 0xF8, 0xFE, 0xFF, 0xED, 0xFD,
    0xEF, 0xBF, 0xFF, 0xFF, 0xFF, 0xFF, 0xFF, 0xFF, 0xFF, 0xFF, 0xFF, 0xFF, 0xFF, 0xFF, 0xFB, 0xEF,
    0xF3, 0xFF, 0xFF, 0xBF, 0xFF, 0xA3, 0xC9, 0x10, 0x12, 0x42, 0x55, 0x55, 0x6A, 0x95, 0x52, 0xAD,
    0x55, 0x55, 0x57, 0xDD, 0xEF, 0xD7, 0xF6, 0xF6, 0xAB, 0xFB, 0xEE, 0xDF, 0x7B, 0x6B, 0x7B, 0xEF,
    0xFA, 0xAA, 0xB7, 0xB7, 0xF7, 0xB6, 0x02, 0x00, 0x00, 0x20, 0x80, 0x90, 0x04, 0x10, 0x08, 0x39,
    0xFF, 0xFF, 0x00, 0x3F, 0xD3, 0xC7, 0xFF, 0xFF, 0xFF, 0xDF, 0x7F, 0xFD, 0xFF, 0x7F, 0xFB, 0xFF,
    0xF7, 0xFF, 0xFF, 0xF7, 0xFF, 0xDF, 0xFB, 0xFB, 0xFF, 0xFB, 0xFF, 0x7D, 0xFE, 0xFE, 0xFF, 0xF8,
    0x77, 0xFF, 0xFF, 0xF7, 0xFF, 0x3F, 0xFF, 0xFF, 0xFF, 0xFF, 0xFF, 0xFF, 0xFF, 0xFF, 0xFF, 0xFF,
    0xFF, 0xFF, 0xFB, 0xFE, 0xE7, 0xFF, 0xFD, 0xFF, 0xFF, 0xC1, 0xC2, 0x05, 0x21, 0x10, 0x49, 0x5A,
    0xAA, 0x55, 0x4B, 0x55, 0x55, 0x55, 0x5E, 0xF7, 0x56, 0xFD, 0xBF, 0xBB, 0xFF, 0x5E, 0xBB, 0xE5,
    0xDF, 0xBE, 0xEE, 0xFB, 0x6F, 0xFD, 0x48, 0xEA, 0xAD, 0x7C, 0x88, 0x00, 0x20, 0x04, 0x08, 0x04,
    0x40, 0x42, 0x20, 0x3B, 0xFF, 0xFF, 0x80, 0xFF, 0xC1, 0xC7, 0xFB, 0xEF, 0xFB, 0xFF, 0xDE, 0xFF,
    0xFF, 0xFE, 0xEF, 0xBB, 0xDF, 0xF7, 0xFF, 0xDF, 0xBF, 0x7F, 0xFF, 0xFF, 0xFF, 0xFF, 0xFF, 0xFF,
    0xFF, 0xFF, 0xFB, 0xF8, 0xFF, 0xFF, 0x7F, 0xFF, 0xFD, 0xBF, 0xFF, 0xFF, 0xFF, 0xFF, 0xFF, 0xFF,
    0xFF, 0xFF, 0xFF, 0xFF, 0xFF, 0xFF, 0xFB, 0xBF, 0xF7, 0xFF, 0xFF, 0xFF, 0xEF, 0xC3, 0xC0, 0xA0,
    0x0A, 0x44, 0xA5, 0x6B, 0x59, 0x53, 0x55, 0x55, 0xAD, 0x55, 0x67, 0x5D, 0xDD, 0xAF, 0xEA, 0xED,
    0xBB, 0xF7, 0xFE, 0xBB, 0x75, 0xEF, 0xBB, 0xAE, 0xFB, 0x57, 0xB6, 0x97, 0xFB, 0xDC, 0x00, 0x10,
    0x81, 0x00, 0x42, 0x40, 0x11, 0x00, 0x02, 0x79, 0xFD, 0xFF, 0xF5, 0xFF, 0xC3, 0xC7, 0xEF, 0x7E,
    0xEF, 0xF8, 0x5F, 0xF7, 0xFF, 0xF7, 0xFF, 0xFF, 0xFF, 0xBF, 0xFF, 0x7F, 0xFF, 0xFF, 0xDF, 0xFF,
    0xFF, 0xFF, 0xBB, 0xFF, 0xFF, 0xEF, 0xFF, 0xF8, 0x7F, 0xDD, 0xFF, 0xFF, 0xDF, 0xBF, 0xFF, 0xFF,
    0xFF, 0xFF, 0xFF, 0xFF, 0xFF, 0xFF, 0xFF, 0xFF, 0xFF, 0xFF, 0xFB, 0xFF, 0xF3, 0xFB, 0xFF, 0xFF,
    0xFF, 0xA9, 0xCA, 0x09, 0x50, 0x10, 0x54, 0xAA, 0xAD, 0x69, 0x5A, 0xAA, 0xB5, 0xAA, 0xAF, 0xF7,
    0xD7, 0xFA, 0xBF, 0xFB, 0xEE, 0xDD, 0xAF, 0xD7, 0xDF, 0x7A, 0xFE, 0xFB, 0xAE, 0xFD, 0xFD, 0x6D,
    0x56, 0xBA, 0x00, 0x00, 0x00, 0x24, 0x00, 0x09, 0x04, 0x12, 0x48, 0x32, 0xFF, 0xFF, 0xFF, 0xDF,
    0xD1, 0xC7, 0x7F, 0xFB, 0xFF, 0xB3, 0x1B, 0xFF, 0xBB, 0xDF, 0xFF, 0xFF, 0xFF, 0xFF, 0xBB, 0xFF,
    0xFB, 0xFF, 0x7F, 0xDF, 0xF7, 0xFF, 0xFF, 0xFF, 0xB7, 0xFF, 0xFF, 0xF8, 0xF7, 0xFF, 0xFB, 0xBF,
    0x7F, 0x3F, 0xFF, 0xFF, 0xFF, 0xFF, 0xFF, 0xFF, 0xFF, 0xFF, 0xFF, 0xFF, 0xFF, 0xFF, 0xFB, 0xF7,
    0xE7, 0xFF, 0xFF, 0xFF, 0xFF, 0xC3, 0xC0, 0x42, 0x05, 0x42, 0x4A, 0xAA, 0xD5, 0xAD, 0xAA, 0xAD,
    0x55, 0x55, 0x55, 0x5D, 0x5D, 0x6F, 0xF6, 0xAE, 0xBF, 0xBE, 0xFA, 0xEE, 0xF7, 0xDF, 0xD7, 0xBE,
    0xFB, 0xD7, 0x57, 0xEF, 0xFD, 0xEC, 0x00, 0x00, 0x04, 0x00, 0x92, 0x20, 0x40, 0x00, 0x00, 0x39,
    0xFF, 0xFF, 0x5B, 0x5F, 0xC3, 0xC7, 0xFF, 0xFF, 0xFF, 0xFB, 0xEF, 0xDF, 0xFF, 0xFF, 0xFE, 0xFE,
    0xFF, 0xFF, 0xFF, 0xFE, 0xFF, 0xFF, 0xFF, 0x7F, 0xDF, 0x77, 0xFF, 0xED, 0xFF, 0xBE, 0xDF, 0xF0,
    0x7F, 0xFF, 0xFF, 0xFB, 0xFB, 0xBF, 0xFF, 0xFF, 0xFF, 0xFF, 0xFF, 0xFF, 0xFF, 0xFF, 0xFF, 0xFF,
    0xFF, 0xFF, 0xFB, 0xDF, 0xF3, 0xFF, 0xFF, 0xFF, 0xFF, 0xC3, 0xC2, 0x10, 0xA0, 0x68, 0x49, 0x55,
    0x55, 0x52, 0xAD, 0xAA, 0xAA, 0xAB, 0x5F, 0xF7, 0xD7, 0xDD, 0xBF, 0xFF, 0xF5, 0xEB, 0xDF, 0xAF,
    0xBD, 0x75, 0x7D, 0xEB, 0xDE, 0xFD, 0xFD, 0xB5, 0x57, 0x7A, 0x00, 0x00, 0x10, 0x22, 0x00, 0x00,
    0x01, 0x24, 0x44, 0x3B, 0xFF, 0xFE, 0x80, 0x1F, 0xD1, 0xC7, 0xFB, 0xBF, 0xBD, 0xF5, 0xFF, 0xFF,
    0xFF, 0xFF, 0x6F, 0xEF, 0xFE, 0xFD, 0xFF, 0xFF, 0xFF, 0xFB, 0xFF, 0xFF, 0x7F, 0xFF, 0xFF, 0xBF,
    0xFF, 0xFF, 0xFD, 0xF8, 0xFF, 0x7F, 0xEF, 0xFF, 0xFF, 0xBF, 0xFF, 0xFF, 0xFF, 0xFF, 0xFF, 0xFF,
    0xFF, 0xFF, 0xFF, 0xFF, 0xFF, 0xFF, 0xFB, 0x7F, 0xF7, 0xFF, 0xEF, 0xFF, 0xBF, 0xA1, 0xC0, 0x85,
    0x0A, 0xA1, 0x24, 0xB6, 0xAA, 0x95, 0x55, 0x55, 0x55, 0x55, 0x6D, 0x6E, 0xBD, 0xB7, 0xEA, 0xDA,
    0xDF, 0x7F, 0x75, 0xDA, 0xEF, 0xDF, 0xDB, 0x7E, 0xF7, 0xAF, 0x56, 0xDF, 0xBB, 0xB8, 0x00, 0x81,
    0x00, 0x80, 0x11, 0x25, 0x24, 0x00, 0x00, 0x79, 0xFF, 0xFE, 0x00, 0x1F, 0xC1, 0xC7, 0xBF, 0xF7,
    0xFF, 0xAB, 0x5F, 0x7D, 0xFF, 0xFF, 0xFF, 0xFF, 0xEF, 0xFF, 0xEF, 0x77, 0xFF, 0xFF, 0xFF, 0xFD,
    0xFF, 0xFF, 0x7D, 0xFF, 0xFD, 0xFF, 0xFF, 0xF8, 0x7D, 0xFB, 0xBF, 0xEF, 0xDF, 0x3F, 0xFF, 0xFF,
    0xFF, 0xFF, 0xFF, 0xFF, 0xFF, 0xFF, 0xFF, 0xFF, 0xFF, 0xFF, 0xF9, 0xFF, 0xE3, 0xFF, 0xFF, 0xFE,
    0xFF, 0xC3, 0xCA, 0x28, 0x40, 0xA0, 0x92, 0xAA, 0xDA, 0x56, 0xAA, 0xAB, 0x6B, 0x5A, 0xAF, 0xDB,
    0xAF, 0x7E, 0xBF, 0xF7, 0xF6, 0xDB, 0xDF, 0x6F, 0xBB, 0x7B, 0x7F, 0xD7, 0xBA, 0xF5, 0xFF, 0xAA,
    0xED, 0xF8, 0x44, 0x04, 0x00, 0x08, 0x40, 0x00, 0x00, 0x42, 0x22, 0x39, 0xFF, 0xEC, 0x00, 0x2F,
    0xC3, 0xC7, 0xFE, 0xFF, 0xF7, 0x80, 0x0F, 0xFF, 0xDD, 0xBB, 0xFF, 0xBF, 0xBF, 0xEF, 0xFF, 0xFF,
    0xEF, 0xBF, 0xFD, 0xFF, 0xFF, 0xFF, 0xF7, 0xFF, 0xDF, 0xF7, 0xFF, 0xF8, 0xF7, 0xFF, 0xFE, 0xFF,
    0x7B, 0xBF, 0xFF, 0xFF, 0xFF, 0xFF, 0xFF, 0xFF, 0xFF, 0xFF, 0xFF, 0xFF, 0xFF, 0xFF, 0xFB, 0xFF,
    0xF7, 0xF7, 0xFF, 0xFF, 0xFF, 0xC9, 0xC0, 0x05, 0x14, 0xA4, 0x54, 0x55, 0x52, 0xAA, 0xA5, 0x55,
    0x5A, 0xAB, 0x5A, 0xFE, 0xDB, 0xDB, 0xF6, 0xBE, 0xBF, 0xFD, 0x7B, 0xDD, 0xFE, 0xEF, 0xD5, 0x7D,
    0xDF, 0xBF, 0x55, 0xDF, 0x76, 0xB4, 0x00, 0x00, 0x04, 0x01, 0x04, 0x88, 0x44, 0x08, 0x80, 0x3B,
    0xFB, 0xFE, 0x7F, 0xFF, 0xD1, 0xC7, 0xEF, 0xFE, 0xDF, 0xAE, 0xDF, 0xF7, 0xFF, 0xFF, 0xFB, 0xFD,
    0xFF, 0xFF, 0xFD, 0xFF, 0xFF, 0xFF, 0xF7, 0xFF, 0xFF, 0xDF, 0xFF, 0xFF, 0x7F, 0xDF, 0x77, 0xF8,
    0x7F, 0xFF, 0xFF, 0xFD, 0xFF, 0xBF, 0xFF, 0xFF, 0xFF, 0xFF, 0xFF, 0xFF, 0xFF, 0xFF, 0xFF, 0xFF,
    0xFF, 0xFF, 0xFB, 0xFD, 0xE3, 0xFF, 0xFF, 0xFF, 0xFF, 0xA3, 0xC4, 0xA0, 0x42, 0x51, 0x4A, 0xAA,
    0xAA, 0xAA, 0x94, 0xAD, 0x55, 0xAA, 0xAF, 0xAB, 0xBD, 0x7E, 0xDF, 0xED, 0xEA, 0xAF, 0xEE, 0xAF,
    0x57, 0xBA, 0xFF, 0xD7, 0x75, 0xEB, 0xFE, 0xD5, 0xAF, 0xB8, 0x00, 0x00, 0x20, 0x40, 0x10, 0x21,
    0x00, 0x80, 0x08, 0x79, 0xFF, 0xFF, 0x3F, 0xFF, 0xC3, 0xCB, 0xBF, 0xDF, 0xFF, 0xFF, 0xFF, 0xDF,
    0xFF, 0xFF, 0xBF, 0xFF, 0xFF, 0xFF, 0x77, 0xFF, 0x7F, 0xFE, 0xFF, 0xFF, 0xFE, 0xFD, 0xFF, 0xFD,
    0xFF, 0x7F, 0xFF, 0xF8, 0xFF, 0xFF, 0xFF, 0xFF, 0xF7, 0x3F, 0xFF, 0xFF, 0xFF, 0xFF, 0xFF, 0xFF,
    0xFF, 0xFF, 0xFF, 0xFF, 0xFF, 0xFF, 0xFB, 0xEF, 0xF7, 0xFF, 0xFF, 0x77, 0xFF, 0xC1, 0xC0, 0x0A,
    0x28, 0x40, 0x51, 0x2D, 0x5A, 0xD5, 0x56, 0xB5, 0xAD, 0x55, 0x5D, 0xFE, 0xAF, 0xEB, 0xF5, 0xBF,
    0xBF, 0xFB, 0x7B, 0xDB, 0xFD, 0xEF, 0xB6, 0xFD, 0xDF, 0x7D, 0x57, 0x7E, 0xFA, 0xF1, 0x00, 0x00,
    0x01, 0x08, 0x40, 0x80, 0x10, 0x24, 0x02, 0x32, 0xFF, 0xFF, 0x9D, 0x9F, 0xD1, 0xC7, 0xFE, 0xFB,
    0xFE, 0xFB, 0x1D, 0xFF, 0xEF, 0xFD, 0xFF, 0xEF, 0xFE, 0xFD, 0xFF, 0xF7, 0xFE, 0xFB, 0xFF, 0xEF,
    0xFF, 0xFF, 0xFF, 0xEF, 0xFB, 0xFF, 0xFF, 0xF8, 0x7F, 0xED, 0xBB, 0x6F, 0xFF, 0xBF, 0xFF, 0xFF,
    0xFF, 0xFF, 0xFF, 0xFF, 0xFF, 0xFF, 0xFF, 0xFF, 0xFF, 0xFF, 0xFB, 0xFF, 0xF3, 0xFF, 0xDF, 0xFF,
    0xFF, 0xC3, 0xC5, 0x24, 0x82, 0x29, 0x4A, 0x55, 0xAA, 0xAA, 0xAA, 0xAA, 0xB5, 0xB5, 0xBE, 0xAB,
    0xB5, 0xBE, 0xBF, 0xEB, 0xF6, 0xDE, 0xDF, 0x7E, 0xDB, 0x7D, 0xEF, 0x57, 0x76, 0xD7, 0xFA, 0xCB,
    0xAF, 0x74, 0x00, 0x00, 0x00, 0x02, 0x02, 0x04, 0x42, 0x00, 0x90, 0x39, 0xFF, 0xFF, 0x00, 0x1F,
    0xC3, 0xC7, 0xFF, 0xFF, 0xFB, 0xF6, 0x5F, 0xFF, 0xBF, 0x77, 0xFD, 0xBF, 0xFF, 0xF7, 0xFF, 0xDF,
    0xFF, 0xFF, 0xFF, 0xFF, 0xF7, 0xFF, 0xDF, 0xBF, 0xFF, 0xFD, 0xFD, 0xF4, 0xF7, 0xBF, 0xFF, 0xFF,
    0xBF, 0x3F, 0xFF, 0xFF, 0xFF, 0xFF, 0xFF, 0xFF, 0xFF, 0xFF, 0xFF, 0xFF, 0xFF, 0xFF, 0xFB, 0xBF,
    0xE7, 0xFF, 0xFF, 0xFF, 0xFF, 0xA9, 0xC0, 0x02, 0x51, 0x20, 0xA5, 0x2A, 0xAA, 0xB5, 0x5A, 0xAA,
    0xAA, 0xAA, 0xAB, 0xFE, 0xBF, 0x6F, 0xED, 0x7E, 0xBF, 0xF7, 0xF5, 0xAB, 0xEF, 0xDF, 0x7B, 0x5D,
    0xFD, 0xFD, 0x5F, 0xBE, 0xF5, 0xD0, 0x00, 0x21, 0x10, 0x20, 0x10, 0x10, 0x00, 0x42, 0x00, 0x3B,
    0xFF, 0xFE, 0x00, 0x1F, 0xC1, 0xC7, 0xBB, 0xDF, 0xBF, 0xDA, 0xEF, 0xFE, 0xFF, 0xFF, 0xF7, 0xFE,
    0xF7, 0xFF, 0xFF, 0xFF, 0xFF, 0xFF, 0xFF, 0x7E, 0xFF, 0xFF, 0xFD, 0xFF, 0xFF, 0xFF, 0xDF, 0xF8,
    0x7F, 0xFF, 0xFF, 0xFE, 0xF7, 0xBF, 0xFF, 0xFF, 0xFF, 0xFF, 0xFF, 0xFF, 0xFF, 0xFF, 0xFF, 0xFF,
    0xFF, 0xFF, 0xFB, 0xFF, 0xF3, 0xFF, 0xFF, 0xFF, 0xFD, 0xC3, 0xC4, 0x91, 0x08, 0x8A, 0x10, 0x96,
    0xB5, 0x52, 0xA4, 0xAD, 0x55, 0x55, 0x5E, 0xDB, 0x6D, 0xFA, 0xBF, 0xDB, 0xEA, 0xBB, 0x5F, 0x5E,
    0xBD, 0x75, 0xDD, 0xF7, 0xAF, 0x57, 0xEA, 0xD5, 0xBE, 0xF4, 0x04, 0x00, 0x02, 0x01, 0x00, 0x41,
    0x11, 0x08, 0x04, 0x79, 0xFF, 0xDC, 0x01, 0x2F, 0xD2, 0xC7, 0xFF, 0xFE, 0xFF, 0xF9, 0x5F, 0xBB,
    0xFF, 0xFF, 0xDF, 0xFF, 0xFF, 0xFF, 0xFB, 0xFF, 0xDF, 0xEF, 0xEF, 0xFF, 0xFF, 0xF7, 0xFF, 0xFF,
    0xDF, 0x7F, 0xFF, 0xF8, 0xFF, 0xFF, 0xFB, 0xFB, 0xFF, 0x3F, 0xFF, 0xFF, 0xFF, 0xFF, 0xFF, 0xFF,
    0xFF, 0xFF, 0xFF, 0xFF, 0xFF, 0xFF, 0xF9, 0xF7, 0xE7, 0xFF, 0xFF, 0xFF, 0xFF, 0xC3, 0xC0, 0x44,
    0x44, 0x20, 0xCA, 0xAA, 0xD2, 0x55, 0x55, 0x55, 0x6A, 0xAD, 0x7B, 0xEE, 0xBB, 0xAF, 0xEA, 0xEE,
    0xDF, 0xEF, 0xF7, 0xBB, 0xF7, 0xFF, 0x77, 0x5E, 0xF5, 0xFD, 0x7F, 0x7F, 0x6B, 0x68, 0x00, 0x00,
    0x00, 0x08, 0x49, 0x00, 0x04, 0x00, 0x50, 0x39, 0xFF, 0xFE, 0x7F, 0xFF, 0xC1, 0xC7, 0xFF, 0x64,
    0x37, 0x7A, 0xDF, 0xFF, 0xFD, 0xFF, 0xFF, 0xFF, 0xFF, 0xDF, 0xDF, 0xFE, 0xFD, 0xFF, 0xFF, 0xFF,
    0xFF, 0xFF, 0xFF, 0xFF, 0x7F, 0xF7, 0xFF, 0xF8, 0x7F, 0xFE, 0xEF, 0xBF, 0xFD, 0xBF, 0xFF, 0xFF,
    0xFF, 0xFF, 0xFF, 0xFF, 0xFF, 0xFF, 0xFF, 0xFF, 0xFF, 0xFF, 0xFB, 0xFF, 0xF3, 0xFD, 0xFF, 0xFF,
    0xEF, 0xD1, 0xC5, 0x02, 0x92, 0x81, 0x25, 0x15, 0x55, 0x4A, 0xAA, 0xAA, 0xAD, 0xB5, 0x5E, 0xBB,
    0x6E, 0xFB, 0x7F, 0xBF, 0xFB, 0x7A, 0xBD, 0x6F, 0x5E, 0xD5, 0xEF, 0xF7, 0xBF, 0x57, 0xD5, 0xAB,
    0xDD, 0xF0, 0x00, 0x00, 0x48, 0x80, 0x00, 0x12, 0x40, 0x41, 0x00, 0x3B, 0xFE, 0xFF, 0xBF, 0xFF,
    0xC3, 0xCB, 0xDF, 0xFD, 0xBF, 0xFD, 0xFE, 0xFF, 0xFF, 0xDF, 0xFF, 0xF7, 0xDF, 0x7F, 0xFF, 0x7B,
    0xFF, 0xFF, 0xFF, 0xEF, 0xDE, 0xFF, 0x7F, 0xFB, 0xFD, 0xFF, 0x7F, 0xF8, 0xF7, 0x7B, 0xFF, 0xFF,
    0xDF, 0xBF, 0xFF, 0xFF, 0xFF, 0xFF, 0xFF, 0xFF, 0xFF, 0xFF, 0xFF, 0xFF, 0xFF, 0xFF, 0xFB, 0xFE,
    0xF7, 0xF7, 0xFF, 0xFF, 0xFF, 0xC3, 0xC0, 0x28, 0x48, 0x24, 0x48, 0xA5, 0x55, 0x55, 0x56, 0x55,
    0x55, 0x55, 0x77, 0xEE, 0xFB, 0xBE, 0xDB, 0x75, 0x5E, 0xDF, 0xEF, 0xBB, 0xF7, 0xBF, 0xBA, 0xDD,
    0xD6, 0xFD, 0x7E, 0xBD, 0x76, 0xE0, 0x10, 0x04, 0x00, 0x22, 0x22, 0x40, 0x11, 0x08, 0x02, 0x79,
    0xFF, 0xFF, 0x15, 0x4F, 0xD1, 0xC7, 0xFB, 0xD1, 0xBF, 0xEB, 0xBF, 0xFF, 0xEF, 0xFD, 0xFF, 0x7F,
    0x7F, 0xFF, 0x7F, 0xFF, 0xFF, 0xFF, 0xFE, 0xFF, 0x7F, 0xFF, 0xF7, 0xBF, 0xFF, 0xFF, 0xF7, 0xF4,
    0x7F, 0xFF, 0xFF, 0xFE, 0xFF, 0x3F, 0xFF, 0xFF, 0xFF, 0xFF, 0xFF, 0xFF, 0xFF, 0xFF, 0xFF, 0xFF,
    0xFF, 0xFF, 0xFB, 0xDF, 0xE3, 0xFF, 0xFF, 0x7F, 0x7F, 0xC3, 0xC4, 0x82, 0x85, 0x01, 0x15, 0x15,
    0x55, 0x6B, 0x5B, 0x5A, 0xAA, 0xAA, 0xBA, 0xBB, 0x5E, 0xEB, 0xF7, 0xDF, 0xF7, 0xED, 0xBA, 0xBE,
    0xDD, 0xF6, 0xFF, 0xB7, 0x7D, 0xD7, 0xD7, 0xB7, 0xBB, 0xA8, 0x00, 0x40, 0x00, 0x00, 0x80, 0x01,
    0x00, 0x20, 0x20, 0x31, 0xF7, 0xFE, 0x00, 0x1F, 0xC3, 0xC7, 0xFF, 0xEB, 0x7D, 0xF9, 0xCF, 0xDB,
    0x7F, 0xFF, 0xBB, 0xFF, 0xFF, 0xFF, 0xFF, 0xFF, 0xFF, 0xFF, 0x7B, 0xFF, 0xFF, 0xEF, 0xFF, 0xFF,
    0xF7, 0xFF, 0xFF, 0xF8, 0x7F, 0xFF, 0xDD, 0xDB, 0xF7, 0xBF, 0xFF, 0xFF, 0xFF, 0xFF, 0xFF, 0xFF,
    0xFF, 0xFF, 0xFF, 0xFF, 0xFF, 0xFF, 0xFB, 0xFF, 0xF7, 0xFF, 0xF7, 0xFB, 0xFF, 0xA1, 0xC0, 0x00,
    0x24, 0x50, 0xA2, 0x42, 0xDA, 0xA5, 0x6A, 0xA5, 0x56, 0xD5, 0x6F, 0xEE, 0xB7, 0xFF, 0x5D, 0x7B,
    0x5D, 0x7B, 0xEF, 0x6B, 0xF7, 0x5F, 0xAA, 0xFD, 0xDB, 0x7D, 0x7A, 0xDA, 0xD6, 0xE0, 0x00, 0x00,
    0x44, 0x88, 0x08, 0x10, 0x04, 0x02, 0x04, 0x3B, 0xFF, 0xFF, 0x00, 0x1F, 0xC9, 0xC7, 0xBF, 0xF7,
    0x7F, 0xB5, 0xDF, 0x7F, 0xFF, 0x7F, 0xFF, 0xFF, 0xFF, 0xFD, 0xFF, 0xDF, 0xFF, 0xEF, 0xFF, 0xFF,
    0xFF, 0xFF, 0xFF, 0xFF, 0xDF, 0xDD, 0xFF, 0xF8, 0xFF, 0xEF, 0x7F, 0xFF, 0xFF, 0xBF, 0xFF, 0xFF,
    0xFF, 0xFF, 0xFF, 0xFF, 0xFF, 0xFF, 0xFF, 0xFF, 0xFF, 0xFF, 0xFB, 0x7B, 0xF3, 0xFF, 0xFF, 0xFF,
    0xFF, 0xC3, 0xC4, 0xA9, 0x49, 0x04, 0x94, 0xAA, 0xAA, 0x95, 0xB5, 0x5A, 0xAA, 0xAA, 0xBA, 0xBA,
    0xFA, 0xAB, 0xFF, 0xEE, 0xF7, 0xDE, 0xBA, 0xFE, 0xBD, 0xF5, 0xFF, 0xD7, 0x77, 0xD7, 0xDF, 0x6F,
    0x7D, 0xD0, 0x00, 0x00, 0x00, 0x01, 0x01, 0x04, 0x50, 0x80, 0x80, 0x39, 0xFF, 0xFE, 0x12, 0x1F,
    0xC1, 0xCB, 0xFE, 0xEF, 0xEF, 0xFD, 0x8F, 0xFF, 0xFD, 0xF7, 0xFF, 0xF7, 0x61, 0xFF, 0xFB, 0xFF,
    0xEF, 0xBF, 0xFF, 0xFD, 0xFF, 0xFF, 0x7D, 0xFB, 0xFF, 0xFF, 0xDF, 0xF8, 0x7D, 0xFD, 0xFF, 0xFF,
    0xDF, 0x3F, 0xFF, 0xFF, 0xFF, 0xFF, 0xFF, 0xFF, 0xFF, 0xFF, 0xFF, 0xFF, 0xFF, 0xFF, 0xF9, 0xFF,
    0xE7, 0xFF, 0xFF, 0xFF, 0xFF, 0xD3, 0xC0, 0x00, 0x84, 0xA1, 0x49, 0x11, 0x55, 0x56, 0xD5, 0x4A,
    0xD5, 0x55, 0x77, 0xEE, 0xAF, 0xFE, 0xAB, 0x7B, 0xDE, 0xF7, 0xEF, 0x57, 0xEF, 0x7F, 0x5B, 0x7D,
    0xDD, 0x7D, 0x6A, 0xBB, 0xAF, 0xE0, 0x40, 0x01, 0x00, 0x20, 0x20, 0x40, 0x00, 0x10, 0x10, 0x79,
    0xFF, 0xFF, 0xBD, 0xFF, 0xD3, 0xC7, 0xF7, 0xE7, 0xBF, 0xF5, 0x5F, 0xFF, 0xF7, 0xFF, 0xEF, 0x7F,
    0xB5, 0xFF, 0xFF, 0xFD, 0xFE, 0xFF, 0xFF, 0xF7, 0xFD, 0xFF, 0xFF, 0xEF, 0xFF, 0x7F, 0xFF, 0x70,
    0xF7, 0xFF, 0xFE, 0xFF, 0x7F, 0xBF, 0xFF, 0xFF, 0xFF, 0xFF, 0xFF, 0xFF, 0xFF, 0xFF, 0xFF, 0xFF,
    0xFF, 0xFF, 0xFB, 0xFF, 0xF3, 0xFF, 0xFF, 0xFF, 0xFF, 0xC1, 0xC5, 0x24, 0x28, 0x08, 0x92, 0x4A,
    0x55, 0x35, 0x55, 0x55, 0x56, 0xB6, 0xFD, 0xBD, 0xFB, 0x5B, 0xFE, 0xDE, 0xFB, 0xBD, 0x7D, 0x7D,
    0x77, 0xD5, 0xF7, 0xDF, 0x77, 0xD7, 0xFE, 0xED, 0xF5, 0x41, 0x01, 0x04, 0x12, 0x04, 0x04, 0x02,
    0x02, 0x02, 0x04, 0x3B, 0xFF, 0xFF, 0x7F, 0xDF, 0xC1, 0xC7, 0xFF, 0xED, 0xBD, 0xFC, 0x3E, 0xFB,
    0xDF, 0xFF, 0x7F, 0xFE, 0xCE, 0xEF, 0xFF, 0xF7, 0xFF, 0xFF, 0xBF, 0xDF, 0xF7, 0xFB, 0xFF, 0xFF,
    0xFF, 0xFF, 0xFD, 0xF8, 0x7F, 0xDF, 0xF7, 0xED, 0xFD, 0xBF, 0xFF, 0xFF, 0xFF, 0xFF, 0xFF, 0xFF,
    0xFF, 0xFF, 0xFF, 0xFF, 0xFF, 0xFF, 0xFB, 0xEF, 0xE7, 0xFF, 0xFF, 0xFF, 0xFF, 0xA3, 0xC0, 0x01,
    0x45, 0x41, 0x49, 0x21, 0x5A, 0xAB, 0x4A, 0xB5, 0x5A, 0xD5, 0x57, 0x6D, 0x5E, 0xFE, 0xDB, 0xEB,
    0xAE, 0xEF, 0xD6, 0xDB, 0xDD, 0x7F, 0x7D, 0x75, 0xDE, 0xFD, 0x56, 0xBB, 0x5D, 0xE0, 0x00, 0x00,
    0x00, 0x10, 0x81, 0x10, 0x90, 0x40, 0x40, 0x79, 0xFF, 0xFE, 0xFF, 0xAF, 0xD3, 0xC7, 0xBF, 0xA0,
    0x3F, 0xBB, 0xFF, 0xEF, 0xFF, 0xFD, 0xFF, 0xFF, 0x55, 0xFF, 0xEF, 0x7F, 0xFF, 0xFE, 0xFD, 0xFF,
    0xFF, 0xEF, 0xFF, 0xFF, 0x77, 0xFB, 0xFF, 0xF8, 0xFF, 0xFF, 0xFF, 0xFF, 0xFF, 0xBF, 0xFF, 0xFF,
    0xFF, 0xFF, 0xFF, 0xFF, 0xFF, 0xFF, 0xFF, 0xFF, 0xFF, 0xFF, 0xFB, 0xFF, 0xF7, 0xFF, 0xFF, 0xFF,
    0xFD, 0xC3, 0xC4, 0x90, 0x22, 0x24, 0x92, 0x94, 0x25, 0x55, 0x2A, 0xAA, 0xAA, 0xAA, 0xFD, 0xFA,
    0xEB, 0xD7, 0xBE, 0xBE, 0xFF, 0xBA, 0xFE, 0xFF, 0x77, 0xDB, 0xD7, 0xDF, 0x7B, 0xAF, 0xFB, 0x6E,
    0xEF, 0x88, 0x00, 0x00, 0x00, 0x80, 0x20, 0x00, 0x00, 0x08, 0x08, 0x32, 0xFF, 0xF6, 0x7F, 0x9F,
    0xC1, 0xC7, 0xFE, 0xF5, 0x7F, 0xF3, 0xFF, 0xFF, 0xFF, 0xDF, 0xFB, 0xBF, 0xAD, 0xFF, 0xBF, 0xFF,
    0xDF, 0xFF, 0xFF, 0xFF, 0xFF, 0xFF, 0xEF, 0x7F, 0xFF, 0xFF, 0xBF, 0xF8, 0x7F, 0xFD, 0xDF, 0xBF,
    0xF7, 0x3F, 0xFF, 0xFF, 0xFF, 0xFF, 0xFF, 0xFF, 0xFF, 0xFF, 0xFF, 0xFF, 0xFF, 0xFF, 0xFB, 0xFD,
    0xF3, 0xFF, 0xBF, 0xFF, 0xFF, 0xC9, 0xC0, 0x04, 0x94, 0x80, 0xA4, 0x4A, 0x92, 0xDA, 0xB5, 0x55,
    0x55, 0x55, 0x6F, 0x5D, 0xBE, 0xFA, 0xEB, 0xEF, 0xDA, 0xEF, 0xAB, 0x55, 0xDD, 0xBE, 0xFD, 0x75,
    0xDD, 0xF5, 0x56, 0xF7, 0x75, 0xC0, 0x00, 0x00, 0x42, 0x02, 0x08, 0x89, 0x09, 0x00, 0x21, 0x39,
    0xFF, 0xDD, 0x02, 0x8F, 0xC2, 0xCB, 0xFB, 0xF7, 0xBD, 0xFB, 0xDB, 0xBF, 0x7F, 0x7F, 0xFF, 0xFB,
    0xDF, 0xFE, 0xFF, 0xFF, 0xFF, 0xFF, 0xFF, 0xFF, 0xFF, 0xFF, 0xFF, 0xFF, 0xFF, 0xDF, 0xFF, 0xF8,
    0xFB, 0x6F, 0xFE, 0xFF, 0xDF, 0xBF, 0xFF, 0xFF, 0xFF, 0xFF, 0xFF, 0xFF, 0xFF, 0xFF, 0xFF, 0xFF,
    0xFF, 0xFF, 0xFB, 0xBF, 0xE7, 0xF7, 0xFF, 0xEF, 0xEF, 0xC3, 0xC4, 0xA0, 0x01, 0x24, 0x92, 0x90,
    0x95, 0x69, 0x55, 0xB6, 0xB5, 0x55, 0x75, 0xF5, 0xED, 0xAF, 0xBE, 0xFA, 0xF7, 0xFA, 0xFD, 0xFF,
    0x7F, 0xEB, 0xAF, 0xDF, 0x77, 0x5F, 0xFD, 0x5B, 0xAF, 0xA0, 0x00, 0x08, 0x08, 0x10, 0x00, 0x20,
    0x20, 0x22, 0x00, 0x3B, 0xFB, 0xF8, 0x00, 0x1F, 0xD1, 0xC7, 0xDF, 0xFB, 0xF7, 0xF1, 0x1F, 0xFF,
    0xF7, 0xFF, 0xBF, 0xFF, 0xBB, 0xFF, 0xFF, 0xFE, 0xFE, 0xF7, 0xFF, 0xFF, 0xBF, 0xFF, 0xFF, 0xFB,
    0xFD, 0xFF, 0xF7, 0xF8, 0x7F, 0xFF, 0xFB, 0xFB, 0x7F, 0xBF, 0xFF, 0xFF, 0xFF, 0xFF, 0xFF, 0xFF,
    0xFF, 0xFF, 0xFF, 0xFF, 0xFF, 0xFF, 0xFB, 0xFF, 0xF3, 0xFF, 0xFF, 0x7F, 0xBF, 0xC3, 0xC0, 0x0A,
    0x54, 0x81, 0x49, 0x25, 0x26, 0xA6, 0xAA, 0xAA, 0xD5, 0x55, 0xDF, 0x5A, 0xBB, 0xFD, 0xEB, 0xAF,
    0x5E, 0xAF, 0xB5, 0x5B, 0xEA, 0xBE, 0xFA, 0xF5, 0xDD, 0xF5, 0x57, 0xED, 0x7A, 0xC0, 0x04, 0x20,
    0x00, 0x01, 0x44, 0x02, 0x00, 0x00, 0x84, 0x39, 0xFF, 0xFE, 0x00, 0x1F, 0xC3, 0xC7, 0xFF, 0xE3,
    0x3F, 0xB8, 0x9F, 0xFF, 0xFF, 0xFB, 0xF7, 0x7F, 0x1D, 0xEF, 0xFD, 0xEF, 0xFF, 0xFF, 0xFF, 0xBF,
    0xFF, 0x7F, 0xFF, 0xEF, 0xDF, 0xFE, 0xFF, 0xF8, 0xFF, 0xFF, 0x7F, 0xFF, 0xFF, 0x3F, 0xFF, 0xFF,
    0xFF, 0xFF, 0xFF, 0xFF, 0xFF, 0xFF, 0xFF, 0xFF, 0xFF, 0xFF, 0xF9, 0xF7, 0xE7, 0xFF, 0xFF, 0xFF,
    0xFF, 0xD1, 0xC5, 0x20, 0x09, 0x24, 0x94, 0x92, 0x4B, 0x55, 0x55, 0x5A, 0xAA, 0xAD, 0x75, 0xFB,
    0xEE, 0xD7, 0x7A, 0x7B, 0xFB, 0xFD, 0xEE, 0xF6, 0xBF, 0xED, 0xAF, 0xBF, 0x77, 0x5F, 0xEC, 0xBF,
    0xAF, 0x80, 0x10, 0x00, 0x80, 0x88, 0x00, 0x80, 0x04, 0x80, 0x10, 0x79, 0xFF, 0xFF, 0x2D, 0x7F,
    0xD1, 0xC7, 0xFD, 0xD7, 0xBF, 0xB7, 0x6E, 0xF7, 0xBF, 0xEF, 0xFF, 0xF7, 0xDC, 0xFF, 0xFF, 0xFF,
    0xFF, 0xFF, 0xDD, 0xFD, 0xFD, 0xFE, 0xFB, 0xBF, 0xFF, 0xFB, 0xFF, 0xF8, 0x7E, 0xEF, 0xFF, 0xEF,
    0xFD, 0xBF, 0xFF, 0xFF, 0xFF, 0xFF, 0xFF, 0xFF, 0xFF, 0xFF, 0xFF, 0xFF, 0xFF, 0xFF, 0xFB, 0xFF,
    0xF3, 0xFF, 0xFF, 0xFF, 0xFF, 0xC3, 0xC0, 0x01, 0x24, 0x40, 0x82, 0x49, 0x25, 0x6A, 0xD6, 0xD5,
    0x56, 0xB5, 0xDF, 0x5A, 0xBB, 0xFD, 0xD8, 0xAD, 0x6F, 0x6F, 0x7D, 0xDF, 0xED, 0x7B, 0xFA, 0xEB,
    0xDD, 0xF5, 0x5F, 0xD5, 0x75, 0x90, 0x80, 0x00, 0x08, 0x00, 0x10, 0x10, 0x90, 0x12, 0x00, 0x3B,
    0xFF, 0xFF, 0x7F, 0xFF, 0xC3, 0xC7, 0x6F, 0xFB, 0x3F, 0x3F, 0xFF, 0xFE, 0xFD, 0xBF, 0xDF, 0xFF,
    0x79, 0xFF, 0xFF, 0xFF, 0xF7, 0xFF, 0x7F, 0xFF, 0xFF, 0xFB, 0xEF, 0xFF, 0xFF, 0xEF, 0xFF, 0xF8,
    0xF7, 0xFD, 0xEF, 0xBF, 0xF7, 0xBF, 0xFF, 0xFF, 0xFF, 0xFF, 0xFF, 0xFF, 0xFF, 0xFF, 0xFF, 0xFF,
    0xFF, 0xFF, 0xFB, 0xDF, 0xE7, 0xFF, 0xFF, 0xFF, 0xFF, 0xA3, 0xC4, 0x94, 0x09, 0x08, 0xA9, 0x04,
    0x92, 0xA9, 0x55, 0x55, 0xAA, 0xAA, 0xF5, 0xF5, 0xEF, 0x5B, 0x74, 0x5F, 0xDB, 0xF5, 0xD5, 0x75,
    0xBB, 0xDE, 0xAF, 0xBE, 0xF7, 0x5F, 0xF4, 0xFB, 0xDF, 0x80, 0x00, 0x00, 0x00, 0x22, 0x42, 0x04,
    0x00, 0x00, 0x22, 0x39, 0xFF, 0xFF, 0xFF, 0xFF, 0xC1, 0xCB, 0xFF, 0xD6, 0xBB, 0xF5, 0xDF, 0xDF,
    0xFF, 0xFF, 0x7E, 0xFF, 0x92, 0xFF, 0xBF, 0xFF, 0x7F, 0xFD, 0xFF, 0xFF, 0xFF, 0xFF, 0xFF, 0xFF,
    0xFF, 0x7F, 0xEE, 0xF8, 0x7F, 0xFF, 0xFD, 0xFE, 0xDF, 0xBF, 0xFF, 0xFF, 0xFF, 0xFF, 0xFF, 0xFF,
    0xFF, 0xFF, 0xFF, 0xFF, 0xFF, 0xFF, 0xFB, 0xFF, 0xF7, 0xFF, 0xFB, 0xFF, 0xFF, 0xC1, 0xC0, 0x00,
    0x92, 0x41, 0x08, 0xA8, 0x4A, 0xB5, 0x2A, 0x55, 0x5A, 0xAB, 0xBF, 0x5B, 0x7B, 0xEF, 0xD9, 0x2A,
    0xFE, 0xBF, 0x7D, 0xDF, 0x7F, 0x77, 0xFA, 0xEB, 0x5D, 0xEA, 0xAE, 0xAE, 0xB6, 0x80, 0x00, 0x02,
    0x22, 0x00, 0x00, 0x40, 0x22, 0x41, 0x00, 0x39, 0xFF, 0xFF, 0xFF, 0x9F, 0xD3, 0xC7, 0xFF, 0x70,
    0x7F, 0x80, 0x1B, 0xFF, 0xF7, 0xFF, 0xFF, 0xFF, 0xCB, 0xF7, 0xFB, 0xBB, 0xFF, 0xBF, 0xFF, 0xFF,
    0xEF, 0xFF, 0xFF, 0xFF, 0x77, 0xFF, 0xFF, 0xF8, 0xFF, 0x77, 0xFF, 0xFF, 0xFF, 0x3F, 0xFF, 0xFF,
    0xFF, 0xFF, 0xFF, 0xFF, 0xFF, 0xFF, 0xFF, 0xFF, 0xFF, 0xFF, 0xFB, 0xFB, 0xF3, 0xF7, 0xDF, 0xFF,
    0xFF, 0xCB, 0xC4, 0x90, 0x04, 0x90, 0xA5, 0x12, 0x85, 0x0A, 0xA9, 0x55, 0x6A, 0xAA, 0xEB, 0xF5,
    0xDE, 0xBD, 0x74, 0x97, 0xAB, 0xD7, 0xD7, 0x7B, 0xD5, 0xDA, 0xAF, 0xBF, 0xF7, 0x7F, 0xFB, 0xF5,
    0xEB, 0x80, 0x00, 0x08, 0x00, 0x10, 0x11, 0x01, 0x00, 0x08, 0x00, 0x79, 0xFB, 0xFF, 0x00, 0x5F,
    0xC1, 0xC7, 0xFD, 0xFF, 0xFF, 0xEB, 0x4F, 0xFF, 0xFF, 0xFF, 0xFF, 0xED, 0xB7, 0xFF, 0xFF, 0xFF,
    0xFF, 0xFF, 0xFF, 0xF7, 0xFF, 0xFF, 0xFF, 0xFF, 0xFF, 0xFF, 0xBF, 0xF8, 0x7D, 0xFF, 0x6F, 0xF7,
    0xFF, 0xBF, 0xFF, 0xFF, 0xFF, 0xFF, 0xFF, 0xFF, 0xFF, 0xFF, 0xFF, 0xFF, 0xFF, 0xFF, 0xFB, 0x6F,
    0xE7, 0xFF, 0xFF, 0xFF, 0xFF, 0xA1, 0xC0, 0x05, 0x22, 0x05, 0x48, 0x44, 0x54, 0x4B, 0x56, 0xAA,
    0xAA, 0xB5, 0xBD, 0x5B, 0xB7, 0xEF, 0xD1, 0x8D, 0xFE, 0xFD, 0x7A, 0xEE, 0xFF, 0x7F, 0xFA, 0xEA,
    0xBD, 0xAA, 0xAC, 0xAF, 0x5F, 0x10, 0x00, 0x00, 0x00, 0x82, 0x40, 0x10, 0x08, 0x00, 0x52, 0x35,
    0xFF, 0xEE, 0x00, 0x1D, 0xC3, 0xC7, 0xDF, 0xEF, 0xEF, 0xFF, 0xFF, 0x7B, 0xBF, 0xBB, 0xFB, 0xBF,
    0xBC, 0xFF, 0xFF, 0xFF, 0xF7, 0xFF, 0xFF, 0xDF, 0xFF, 0xDF, 0xFE, 0xF7, 0xFF, 0xFE, 0xFF, 0xF8,
    0xF7, 0xFF, 0xFF, 0x7F, 0xFF, 0xBF, 0xFF, 0xFF, 0xFF, 0xFF, 0xFF, 0xFF, 0xFF, 0xFF, 0xFF, 0xFF,
    0xFF, 0xFF, 0xFB, 0xFF, 0xF3, 0xFF, 0xFF, 0xFF, 0x7F, 0xC3, 0xC4, 0x90, 0x08, 0xA0, 0x92, 0x92,
    0x8A, 0xA4, 0xD5, 0x56, 0xAA, 0xAB, 0xD7, 0xF6, 0xFA, 0xBA, 0xAA, 0xC3, 0x57, 0xB7, 0xDB, 0xBB,
    0xAB, 0xD5, 0x5F, 0xBF, 0xD7, 0xFF, 0x77, 0xF5, 0xF6, 0x80, 0x00, 0x40, 0x24, 0x00, 0x04, 0x02,
    0x21, 0x22, 0x00, 0x39, 0xFF, 0xFE, 0x00, 0x1F, 0xD1, 0xC7, 0xFF, 0xE3, 0x7E, 0xF5, 0xDF, 0xFF,
    0xFD, 0xFF, 0xDF, 0xFF, 0x8C, 0xBE, 0xFF, 0xFF, 0xDF, 0xFB, 0xFD, 0xFF, 0xFF, 0x7E, 0xEF, 0xFF,
    0xFF, 0xEF, 0xFD, 0xF8, 0x7F, 0xDF, 0xFD, 0xFE, 0xDB, 0x3F, 0xFF, 0xFF, 0xFF, 0xFF, 0xFF, 0xFF,
    0xFF, 0xFF, 0xFF, 0xFF, 0xFF, 0xFF, 0xFB, 0xFF, 0xE7, 0xFF, 0xFF, 0xFB, 0xFB, 0xC3, 0xC0, 0x00,
    0x85, 0x04, 0x84, 0x48, 0x50, 0x11, 0x2A, 0xAA, 0xAA, 0xAA, 0xFD, 0x6B, 0xAF, 0xEF, 0xC1, 0x55,
    0xFD, 0xED, 0x75, 0xEE, 0xFE, 0xFF, 0xEA, 0xEA, 0xFD, 0x55, 0xDA, 0xAE, 0xAF, 0x00, 0x81, 0x00,
    0x80, 0x12, 0x00, 0x88, 0x00, 0x00, 0x00, 0x3B, 0xFF, 0xFC, 0x77, 0xBF, 0xC3, 0xC7, 0x7F, 0xFD,
    0xFF, 0xD9, 0xDF, 0xEF, 0xFF, 0xFF, 0x7F, 0xFF, 0x2D, 0xBF, 0xEF, 0xDF, 0x7F, 0xEF, 0xF7, 0xFF,
    0xBD, 0xFF, 0xFF, 0xFF, 0x76, 0xFF, 0xFF, 0xF4, 0xFF, 0xFB, 0xF7, 0xFB, 0xFF, 0xBF, 0xFF, 0xFF,
    0xFF, 0xFF, 0xFF, 0xFF, 0xFF, 0xFF, 0xFF, 0xFF, 0xFF, 0xFF, 0xF9, 0xFF, 0xF3, 0xFF, 0xFF, 0xEF,
    0xFF, 0xC9, 0xC2, 0x4A, 0x22, 0x41, 0x51, 0x25, 0x0A, 0xA4, 0xAA, 0xAA, 0xAA, 0xAB, 0xAF, 0xB6,
    0xFB, 0x7A, 0x94, 0x23, 0x57, 0x7F, 0xDB, 0x7B, 0xB7, 0x55, 0x7F, 0xBF, 0x57, 0xFE, 0xEB, 0xDB,
    0xF6, 0x80, 0x04, 0x00, 0x00, 0x80, 0x42, 0x00, 0x84, 0x40, 0x88, 0x79, 0xFF, 0xFE, 0x5E, 0xFF,
    0xD1, 0xC7, 0xF6, 0xDC, 0x1B, 0xFA, 0xDD, 0xFF, 0x77, 0xFD, 0xFE, 0xFF, 0xF4, 0xFF, 0xFF, 0x7D,
    0xFF, 0xBF, 0xDF, 0xFF, 0xFF, 0xFF, 0xFF, 0xFF, 0xFF, 0xFF, 0xEF, 0xF8, 0x7F, 0x7F, 0x7F, 0xEF,
    0xFF, 0xBF, 0xFF, 0xFF, 0xFF, 0xFF, 0xFF, 0xFF, 0xFF, 0xFF, 0xFF, 0xFF, 0xFF, 0xFF, 0xFB, 0xDB,
    0xE7, 0xEF, 0xFF, 0xFF, 0xFF, 0xA3, 0xC0, 0x00, 0x08, 0x90, 0x8A, 0x11, 0x51, 0x09, 0x15, 0x55,
    0x55, 0x6B, 0xF5, 0xEB, 0xAF, 0xDF, 0xC1, 0x03, 0xFD, 0xD5, 0xF7, 0xAE, 0xED, 0xFF, 0xAA, 0xEB,
    0xFD, 0x57, 0x7A, 0xBD, 0x5E, 0x00, 0x00, 0x02, 0x02, 0x04, 0x10, 0x10, 0x10, 0x08, 0x00, 0x39,
    0xEF, 0xFF, 0x7F, 0xFF, 0xC1, 0xC7, 0xFF, 0xF5, 0x6F, 0xF5, 0xCF, 0xFD, 0xFF, 0xDF, 0xFF, 0xEE,
    0xA9, 0xBB, 0xFF, 0xFF, 0xFF, 0xFF, 0xFF, 0xFF, 0xFF, 0xFF, 0xFF, 0xBB, 0xFF, 0xFE, 0xFF, 0xF8,
    0xBB, 0xFF, 0xFF, 0xFF, 0xF7, 0x3F, 0xFF, 0xFF, 0xFF, 0xFF, 0xFF, 0xFF, 0xFF, 0xFF, 0xFF, 0xFF,
    0xFF, 0xFF, 0xFB, 0xFF, 0xF3, 0xFF, 0x7F, 0xFF, 0xFF, 0xC1, 0xC9, 0x24, 0x82, 0x04, 0xA5, 0x4A,
    0x0A, 0x52, 0x45, 0x2A, 0xB5, 0xAB, 0x5F, 0x6E, 0xFD, 0x75, 0x74, 0xAA, 0xAF, 0x7F, 0x5A, 0xFB,
    0xFF, 0x55, 0xFF, 0x7D, 0x57, 0xFB, 0xAF, 0xEB, 0xB7, 0x10, 0x00, 0x00, 0x08, 0x10, 0x80, 0x41,
    0x00, 0x00, 0x22, 0x39, 0xFF, 0x7F, 0x1F, 0xDF, 0xD3, 0xC7, 0xDF, 0xE1, 0xE7, 0xFD, 0x9F, 0xBF,
    0xFF, 0x7F, 0xF7, 0xFF, 0x84, 0xBF, 0xFF, 0xFF, 0xFF, 0xFF, 0xFF, 0xFD, 0xFF, 0xFF, 0xFD, 0xFF,
    0xFF, 0xEF, 0xFF, 0xF8, 0x7F, 0xEF, 0xEF, 0x7F, 0xBF, 0xBF, 0xFF, 0xFF, 0xFF, 0xFF, 0xFF, 0xFF,
    0xFF, 0xFF, 0xFF, 0xFF, 0xFF, 0xFF, 0xFB, 0xFF, 0xE7, 0xFF, 0xFB, 0xFF, 0xFF, 0xC3, 0xC0, 0x00,
    0x29, 0x41, 0x16, 0x40, 0xA4, 0x84, 0x92, 0x92, 0xAA, 0x57, 0xF5, 0xB5, 0xB7, 0xDF, 0xEB, 0xA5,
    0xFB, 0xDB, 0xEF, 0xBE, 0xAB, 0xFE, 0x05, 0xAF, 0xFD, 0x56, 0xF2, 0xBD, 0xDD, 0x00, 0x00, 0x00,
    0x20, 0x00, 0x04, 0x00, 0x02, 0x42, 0x00, 0x7B, 0xFF, 0xFE, 0x00, 0x1F, 0xC1, 0xC7, 0x7F, 0xE7,
    0xF7, 0xB4, 0x3E, 0xFF, 0xFF, 0xFF, 0xDF, 0xBF, 0xDE, 0xBF, 0xDD, 0xFF, 0xFE, 0xFF, 0xFF, 0xEF,
    0xF7, 0xFB, 0xBF, 0xFF, 0xDF, 0xBF, 0xEF, 0xF8, 0xFF, 0x7E, 0xFF, 0xFE, 0xFF, 0xBF, 0xFF, 0xFF,
    0xFF, 0xFF, 0xFF, 0xFF, 0xFF, 0xFF, 0xFF, 0xFF, 0xFF, 0xFF, 0xFB, 0xBD, 0xF7, 0xFF, 0xFF, 0xFF,
    0xFF, 0xA9, 0xC2, 0x52, 0x00, 0x88, 0x95, 0x2A, 0x51, 0x29, 0x29, 0x49, 0x15, 0x53, 0x5F, 0xD7,
    0xED, 0xF5, 0x76, 0xFB, 0xAE, 0xF6, 0xB5, 0xEB, 0xFD, 0x54, 0x92, 0xF5, 0x57, 0xFD, 0xAF, 0x6B,
    0x6E, 0x00, 0x80, 0x08, 0x00, 0x44, 0x10, 0x10, 0x48, 0x08, 0x40, 0x31, 0xFF, 0xFB, 0x00, 0x1B,
    0xC3, 0xC7, 0xFD, 0xFF, 0xFF, 0xFD, 0xBF, 0xF7, 0xDB, 0xFB, 0x7F, 0xFB, 0xFF, 0xFF, 0xEF, 0xEF,
    0xFF, 0xFF, 0x7F, 0xBF, 0xFF, 0xEF, 0xFF, 0xFF, 0xFD, 0xFF, 0xBE, 0xF8, 0x7B, 0xFF, 0xFD, 0xEF,
    0xFD, 0xBF, 0xFF, 0xFF, 0xFF, 0xFF, 0xFF, 0xFF, 0xFF, 0xFF, 0xFF, 0xFF, 0xFF, 0xFF, 0xFB, 0xF7,
    0xF3, 0xFF, 0xFF, 0xDF, 0xF7, 0xC3, 0xC0, 0x00, 0x94, 0x22, 0xAA, 0x92, 0x8A, 0x44, 0x84, 0x92,
    0x42, 0x4F, 0x75, 0x6D, 0x7F, 0x5F, 0xAA, 0xAE, 0xFB, 0xBF, 0xEB, 0x7E, 0xD7, 0xF0, 0x21, 0x5F,
    0xFD, 0x57, 0x75, 0xDD, 0xBD, 0x00, 0x00, 0x00, 0x81, 0x01, 0x00, 0x82, 0x00, 0x00, 0x08, 0x3A,
    0xFF, 0xFF, 0x00, 0x1F, 0xD1, 0xC7, 0xFF, 0xBB, 0x3F, 0xF7, 0xFB, 0xFF, 0x7F, 0xFF, 0xFE, 0xFF,
    0x51, 0xFE, 0xC6, 0x7E, 0xF7, 0xFD, 0xFE, 0xFF, 0xFF, 0xBF, 0xFF, 0xFF, 0xFF, 0xFE, 0xFF, 0xF8,
    0xFF, 0xFB, 0xEF, 0xFF, 0xF7, 0xBF, 0xFF, 0xFF, 0xFF, 0xFF, 0xFF, 0xFF, 0xFF, 0xFF, 0xFF, 0xFF,
    0xFF, 0xFF, 0xFB, 0xFF, 0xE7, 0xDE, 0xFF, 0xFF, 0xDF, 0xC1, 0xC4, 0x88, 0x01, 0x40, 0x85, 0x24,
    0x49, 0x2A, 0x52, 0x49, 0x29, 0x23, 0xDF, 0xD7, 0xAB, 0xF5, 0xA0, 0xBF, 0xAE, 0xEA, 0xB7, 0xAB,
    0xBD, 0x5A, 0x88, 0x75, 0x57, 0xFB, 0xDB, 0x6E, 0xEC, 0x00, 0x00, 0x00, 0x00, 0x10, 0x40, 0x00,
    0x01, 0x01, 0x00, 0x79, 0xFD, 0xFF, 0x3F, 0xAF, 0xC3, 0xC7, 0xEF, 0xE0, 0x3D, 0xF3, 0xEF, 0xFF,
    0xFF, 0xDF, 0xFF, 0xFF, 0x81, 0xFF, 0xDE, 0x7F, 0xFF, 0xF7, 0xFB, 0xFF, 0xFF, 0xFF, 0xFB, 0xF7,
    0x7F, 0xFF, 0xFF, 0xF8, 0x7F, 0x7F, 0xFF, 0xFD, 0xDF, 0x3F, 0xFF, 0xFF, 0xFF, 0xFF, 0xFF, 0xFF,
    0xFF, 0xFF, 0xFF, 0xFF, 0xFF, 0xFF, 0xF9, 0xDF, 0xF3, 0xFF, 0xFF, 0xFF, 0xFF, 0xCB, 0xC0, 0x22,
    0x48, 0x09, 0x28, 0x49, 0x24, 0x81, 0x09, 0x24, 0x94, 0x96, 0xB5, 0x6D, 0xFE, 0xBE, 0x84, 0x2A,
    0xFB, 0xBF, 0xED, 0xFE, 0xEF, 0xE0, 0xE4, 0xAF, 0xFD, 0x5D, 0x6E, 0xDB, 0xBE, 0x42, 0x04, 0x42,
    0x08, 0x00, 0x04, 0x48, 0x90, 0x20, 0x11, 0x3B, 0xF7, 0xFF, 0xFF, 0xFF, 0xD1, 0xC7, 0xBF, 0xED,
    0xFF, 0xBB, 0x5F, 0xDF, 0xFF, 0x7F, 0xF7, 0xEF, 0x3D, 0xDF, 0xAE, 0xFF, 0xFF, 0xDF, 0xFF, 0xFF,
    0xDD, 0xFF, 0xFF, 0xDF, 0xFB, 0xF7, 0xFB, 0xF8, 0xED, 0xFF, 0xBF, 0x77, 0xFF, 0xBF, 0xFF, 0xFF,
    0xFF, 0xFF, 0xFF, 0xFF, 0xFF, 0xFF, 0xFF, 0xFF, 0xFF, 0xFF, 0xFB, 0xFF, 0xE7, 0xFF, 0xFF, 0xFF,
    0xFF, 0xA1, 0xC4, 0x80, 0x02, 0xA1, 0x45, 0x12, 0x92, 0x54, 0xA4, 0x92, 0x42, 0x4B, 0xFF, 0xD7,
    0x5B, 0xD7, 0x29, 0x1F, 0x6E, 0xEA, 0xB6, 0xAB, 0xBA, 0xB3, 0x5A, 0x3A, 0xAF, 0xEF, 0xB5, 0xED,
    0x59, 0x00, 0x00, 0x00, 0x01, 0x04, 0x10, 0x00, 0x02, 0x04, 0x40, 0x39, 0xFF, 0xFF, 0xFF, 0xDF,
    0xC1, 0xC7, 0xFE, 0xFD, 0xB7, 0xF0, 0x1F, 0x7D, 0xFD, 0xFD, 0xDF, 0xBF, 0xBF, 0xFF, 0xE8, 0xFF,
    0xFF, 0xFF, 0xFF, 0xFF, 0x7F, 0xFF, 0xFF, 0xFF, 0xFF, 0xDF, 0xFF, 0xF0, 0x7F, 0xEE, 0xFB, 0xFF,
    0xFF, 0xBF, 0xFF, 0xFF, 0xFF, 0xFF, 0xFF, 0xFF, 0xFF, 0xFF, 0xFF, 0xFF, 0xFF, 0xFF, 0xFB, 0xFD,
    0xF3, 0xFF, 0xF7, 0xFE, 0xFF, 0xC3, 0xC0, 0x09, 0x28, 0x01, 0x28, 0xA9, 0x49, 0x55, 0x2A, 0x49,
    0x2A, 0xAE, 0xAA, 0xAD, 0xF6, 0xFA, 0x96, 0x8B, 0xBB, 0xFF, 0xD7, 0xFE, 0xEF, 0xD3, 0xFD, 0x2F,
    0xF5, 0x75, 0x6F, 0x5B, 0xEC, 0x00, 0x00, 0x00, 0x20, 0x20, 0x81, 0x00, 0x08, 0x00, 0x00, 0x39,
    0xFF, 0xEF, 0xA4, 0x9F, 0xC3, 0xC7, 0xFB, 0xD5, 0x3F, 0xF9, 0x5F, 0xFF, 0xEF, 0xFF, 0xFF, 0xFF,
    0x7D, 0xFD, 0xD5, 0xBB, 0xBE, 0xFF, 0xFF, 0xFF, 0xFF, 0xFF, 0xBF, 0xFF, 0xEF, 0xFF, 0xBF, 0xF8,
    0xFF, 0xFF, 0xFF, 0xFF, 0x7B, 0x3F, 0xFF, 0xFF, 0xFF, 0xFF, 0xFF, 0xFF, 0xFF, 0xFF, 0xFF, 0xFF,
    0xFF, 0xFF, 0xFB, 0xB7, 0xF7, 0xFF, 0xFF, 0xBF, 0xFF, 0xC3, 0xC2, 0x20, 0x02, 0x44, 0x92, 0x94,
    0x55, 0x22, 0x41, 0x2A, 0xA9, 0x17, 0xFF, 0xDF, 0x5F, 0xAF, 0x3D, 0x96, 0xEF, 0x56, 0xDD, 0x6B,
    0xBA, 0xE1, 0x56, 0x3A, 0xBF, 0xAF, 0xEA, 0xF6, 0xBC, 0x00, 0x00, 0x08, 0x02, 0x08, 0x00, 0x24,
    0x80, 0x41, 0x04, 0x79, 0xFF, 0xFF, 0x00, 0x1F, 0xD1, 0xCB, 0xFF, 0xE6, 0x7F, 0xFF, 0xFB, 0xFF,
    0xFF, 0xF7, 0xFF, 0xFF, 0x01, 0xFC, 0xFB, 0xFF, 0xFB, 0xFF, 0xDF, 0xFF, 0xFF, 0xFE, 0xFF, 0xFF,
    0x7F, 0xFF, 0xFF, 0xF8, 0x7B, 0xFF, 0xFF, 0xBB, 0xEF, 0xBF, 0xFF, 0xFF, 0xFF, 0xFF, 0xFF, 0xFF,
    0xFF, 0xFF, 0xFF, 0xFF, 0xFF, 0xFF, 0xFB, 0xFF, 0xE3, 0xF7, 0xFF, 0xFF, 0xFF, 0xA1, 0xC0, 0x84,
    0x90, 0x81, 0x25, 0x25, 0x24, 0x94, 0x2A, 0x90, 0x44, 0x4D, 0x55, 0x55, 0xF5, 0xFA, 0x2F, 0x4B,
    0xBD, 0xFD, 0xD7, 0xDE, 0xEF, 0x69, 0x7C, 0xAF, 0xD5, 0x7A, 0xB7, 0xAF, 0x7A, 0x00, 0x00, 0x01,
    0x00, 0x20, 0x24, 0x00, 0x02, 0x08, 0x10, 0x35, 0xFF, 0xFE, 0x00, 0x1F, 0xC3, 0xC7, 0xBF, 0xFF,
    0xBF, 0xBF, 0xFF, 0xFF, 0xBF, 0xFF, 0xFD, 0xFD, 0x99, 0xED, 0xEF, 0x7F, 0xFF, 0xFF, 0xFF, 0xEF,
    0xFF, 0xF7, 0xFD, 0xFF, 0xFF, 0xFD, 0xFB, 0xF8, 0xEF, 0xB7, 0x6D, 0xFF, 0xFF, 0xBF, 0xFF, 0xFF,
    0xFF, 0xFF, 0xFF, 0xFF, 0xFF, 0xFF, 0xFF, 0xFF, 0xFF, 0xFF, 0xFB, 0xFF, 0xF7, 0xFF, 0xBF, 0xFF,
    0xFB, 0xC3, 0xC4, 0x00, 0x0A, 0x12, 0x10, 0x08, 0x88, 0x41, 0x00, 0x45, 0x12, 0x27, 0xFF, 0xAF,
    0x5F, 0x5F, 0x35, 0xAE, 0xEF, 0x57, 0x5D, 0x7B, 0xBB, 0xB0, 0x92, 0x3A, 0xFF, 0xDF, 0xDA, 0xFA,
    0xD8, 0x08, 0x20, 0x40, 0x10, 0x82, 0x00, 0x20, 0x48, 0x00, 0x00, 0x39, 0xFB, 0xFE, 0x52, 0x3B,
    0xD1, 0xC7, 0xFE, 0xBA, 0xFB, 0xFF, 0xEF, 0xBB, 0xFF, 0xFF, 0xBF, 0xDF, 0xFF, 0xFE, 0x94, 0xFF,
    0xFF, 0xFB, 0xFE, 0xFE, 0xFF, 0xBF, 0xFF, 0xDD, 0xFF, 0x77, 0xFF, 0xF8, 0x7F, 0xFF, 0xFF, 0xFF,
    0xFF, 0x3F, 0xFF, 0xFF, 0xFF, 0xFF, 0xFF, 0xFF, 0xFF, 0xFF, 0xFF, 0xFF, 0xFF, 0xFF, 0xF9, 0xBF,
    0xF3, 0xFF, 0xFF, 0xFF, 0xEF, 0xC9, 0xC0, 0x92, 0x40, 0x40, 0x84, 0xA0, 0x02, 0x08, 0x49, 0x10,
    0x40, 0x8E, 0xAA, 0xDD, 0xF6, 0xF5, 0x0E, 0x8B, 0xBB, 0xFD, 0xD7, 0xDE, 0xEE, 0xEA, 0x20, 0xAF,
    0x55, 0x6A, 0xAF, 0x57, 0x7A, 0x20, 0x01, 0x00, 0x00, 0x00, 0x41, 0x04, 0x00, 0x21, 0x02, 0x7B,
    0xEF, 0xFE, 0x77, 0xBF, 0xC3, 0xC7, 0xEF, 0x45, 0x3F, 0xF7, 0x7F, 0xFF, 0xFF, 0x7D, 0xFF, 0xFF,
    0xED, 0xFE, 0x12, 0x7D, 0xFF, 0xEF, 0xFB, 0xFF, 0xF7, 0xFF, 0xFF, 0xFF, 0xFD, 0xFF, 0xDF, 0xF8,
    0xFF, 0xFD, 0xFF, 0xDB, 0x7D, 0xBF, 0xFF, 0xFF, 0xFF, 0xFF, 0xFF, 0xFF, 0xFF, 0xFF, 0xFF, 0xFF,
    0xFF, 0xFF, 0xFB, 0xF7, 0xE7, 0xDF, 0xFE, 0xFF, 0xFF, 0xC3, 0xC2, 0x00, 0x12, 0x04, 0x00, 0x02,
    0x48, 0x41, 0x00, 0x02, 0x08, 0x16, 0xFF, 0x5B, 0x7D, 0xDE, 0xA1, 0x2E, 0xED, 0x5B, 0xDD, 0xEB,
    0xBB, 0x78, 0x88, 0xF5, 0xFF, 0xBD, 0xDB, 0xBB, 0xB4, 0x00, 0x00, 0x04, 0x42, 0x10, 0x04, 0x00,
    0x80, 0x84, 0x20, 0x39, 0xFF, 0xFE, 0xE7, 0x9F, 0xC1, 0xC7, 0xBE, 0x5A, 0xBF, 0xFF, 0xFE, 0xFF,
    0xFD, 0xEF, 0xF7, 0x7F, 0x29, 0xDF, 0xDE, 0xFF, 0xDF, 0xFF, 0xBF, 0xFF, 0xFF, 0xFF, 0xFF, 0xFF,
    0xF7, 0xFF, 0xFF, 0xF8, 0x7D, 0xB7, 0xDE, 0xFF, 0xEF, 0xBF, 0xFF, 0xFF, 0xFF, 0xFF, 0xFF, 0xFF,
    0xFF, 0xFF, 0xFF, 0xFF, 0xFF, 0xFF, 0xFB, 0xFF, 0xF3, 0xFF, 0xFF, 0xFB, 0xFF, 0xC3, 0xC0, 0x49,
    0x08, 0x90, 0x49, 0x08, 0x00, 0x04, 0x24, 0x48, 0x42, 0x4F, 0xAB, 0xB7, 0xAF, 0x77, 0x04, 0x17,
    0x7F, 0xF6, 0xAF, 0x7E, 0xEF, 0xAE, 0x02, 0xBE, 0xAA, 0xEE, 0xDD, 0x6D, 0x78, 0x00, 0x00, 0x00,
    0x00, 0x42, 0x10, 0x10, 0x12, 0x00, 0x02, 0x39, 0xFF, 0xDE, 0x31, 0x8F, 0xD3, 0xC7, 0xFF, 0xFF,
    0xFE, 0xFF, 0xDF, 0xFF, 0xF7, 0xFF, 0xFF, 0xFF, 0x92, 0xFF, 0xFF, 0xFF, 0xFD, 0xFF, 0xFF, 0xFF,
    0xBF, 0xFF, 0xF7, 0x7F, 0xDF, 0xFF, 0x7B, 0xF4, 0xF7, 0xFF, 0xFB, 0xFF, 0xFF, 0xBF, 0xFF, 0xFF,
    0xFF, 0xFF, 0xFF, 0xFF, 0xFF, 0xFF, 0xFF, 0xFF, 0xFF, 0xFF, 0xFB, 0xFE, 0xE7, 0xFF, 0xFF, 0xFF,
    0xFF, 0xA1, 0xC4, 0x00, 0x42, 0x01, 0x00, 0x41, 0x22, 0x40, 0x01, 0x01, 0x08, 0x1A, 0xFD, 0x5D,
    0xF5, 0xDB, 0xE0, 0xBB, 0xAA, 0xBF, 0xBB, 0xAB, 0xBA, 0xF7, 0xB5, 0xD7, 0xFF, 0x77, 0x6B, 0xDB,
    0xB0, 0x00, 0x00, 0x00, 0x08, 0x00, 0x40, 0x42, 0x00, 0x00, 0x88, 0x39, 0xFF, 0xFE, 0x38, 0x1F,
    0xC1, 0xC7, 0xFF, 0xF1, 0x77, 0x80, 0x1F, 0xEE, 0xDF, 0xFF, 0xFF, 0xF6, 0xED, 0xFD, 0xD5, 0x7F,
    0xFF, 0xFF, 0xFF, 0xEE, 0xFF, 0x7F, 0xDF, 0xFF, 0xFF, 0xEF, 0xFF, 0xF8, 0x7F, 0xFE, 0xEF, 0xDF,
    0xBF, 0x3F, 0xFF, 0xFF, 0xFF, 0xFF, 0xFF, 0xFF, 0xFF, 0xFF, 0xFF, 0xFF, 0xFF, 0xFF, 0xFB, 0xB7,
    0xF7, 0xFE, 0xEF, 0xFF, 0xFF, 0xCB, 0xC1, 0x24, 0x28, 0x48, 0x12, 0x10, 0x08, 0x12, 0x48, 0x10,
    0x21, 0x1F, 0x57, 0x5B, 0x5F, 0x7D, 0xB5, 0x5D, 0xFF, 0xEA, 0xDD, 0xFE, 0xEF, 0x5A, 0xEF, 0x7A,
    0xAA, 0xDA, 0xDD, 0x76, 0xFA, 0x00, 0x80, 0x22, 0x01, 0x00, 0x00, 0x00, 0x00, 0x24, 0x00, 0x3B,
    0xFF, 0xFF, 0x18, 0x1F, 0xD1, 0xC7, 0xFB, 0xE8, 0xFF, 0x89, 0x5B, 0xFF, 0xFF, 0xFD, 0xBB, 0xFF,
    0xB5, 0xFD, 0x88, 0xF7, 0x7F, 0xDF, 0xFF, 0xFF, 0xFF, 0xFD, 0xFF, 0xFD, 0xFF, 0xFF, 0xFF, 0xF8,
    0x7F, 0xB7, 0xFF, 0xFB, 0xFD, 0xBF, 0xFF, 0xFF, 0xFF, 0xFF, 0xFF, 0xFF, 0xFF, 0xFF, 0xFF, 0xFF,
    0xFF, 0xFF, 0xFB, 0xFF, 0xF3, 0xFF, 0xFF, 0xEF, 0xBD, 0xC1, 0xC4, 0x01, 0x01, 0x02, 0x40, 0x44,
    0x81, 0x00, 0x01, 0x04, 0x84, 0x4B, 0xFB, 0x77, 0xF5, 0xD7, 0x7F, 0xEE, 0xAA, 0xBF, 0x56, 0xAB,
    0xBB, 0xA7, 0x55, 0xAF, 0xFF, 0xB7, 0xAF, 0xAF, 0x68, 0x00, 0x04, 0x00, 0x40, 0x12, 0x04, 0x00,
    0x91, 0x00, 0x00, 0x79, 0xDF, 0xFF, 0xFC, 0x7F, 0xC3, 0xC7, 0x6F, 0xE7, 0x3F, 0xFF, 0xEF, 0xBF,
    0xFF, 0xB7, 0xFF, 0xBF, 0x29, 0xFD, 0xD6, 0x7F, 0xFF, 0xFE, 0xF7, 0x7F, 0xFF, 0xFF, 0xFF, 0xFF,
    0xFF, 0xFD, 0xEF, 0xF0, 0xFB, 0xFF, 0xBF, 0x7F, 0xF7, 0xBF, 0xFF, 0xFF, 0xFF, 0xFF, 0xFF, 0xFF,
    0xFF, 0xFF, 0xFF, 0xFF, 0xFF, 0xFF, 0xF9, 0xFF, 0xE7, 0xDF, 0xFF, 0x7F, 0xFF, 0xC3, 0xC0, 0x48,
    0x48, 0x48, 0x09, 0x00, 0x28, 0xAA, 0xA8, 0x52, 0x29, 0x1D, 0x56, 0xAD, 0x5F, 0x7D, 0xD5, 0x77,
    0xFF, 0xEB, 0xBF, 0xFE, 0xED, 0x88, 0xA6, 0xF5, 0x55, 0xED, 0x75, 0x7A, 0xF0, 0x04, 0x00, 0x00,
    0x04, 0x40, 0x40, 0x92, 0x00, 0x00, 0x94, 0x39, 0xFE, 0xFF, 0xFF, 0xDD, 0xC1, 0xC7, 0xFF, 0xD7,
    0xFF, 0x7F, 0xDF, 0xFF, 0xFF, 0xFF, 0xFF, 0xFF, 0xFB, 0xFF, 0xFF, 0xFF, 0xFB, 0xFF, 0xFF, 0xFF,
    0xFB, 0xFF, 0xFF, 0xEF, 0xFD, 0xF7, 0xFF, 0xF8, 0x7F, 0xFD, 0xFD, 0xFE, 0xFF, 0xBF, 0xFF, 0xFF,
    0xFF, 0xFF, 0xFF, 0xFF, 0xFF, 0xFF, 0xFF, 0xFF, 0xFF, 0xFF, 0xFB, 0xEF, 0xF3, 0xFF, 0xFF, 0xFF,
    0xFF, 0xC9, 0xC1, 0x02, 0x12, 0x22, 0xA4, 0x55, 0x4A, 0xAA, 0xA5, 0x49, 0xA4, 0xBF, 0xFF, 0x7F,
    0xF7, 0xD7, 0x7F, 0xBA, 0xAB, 0x7D, 0x5A, 0xAB, 0xBE, 0xC0, 0x01, 0xBF, 0xEE, 0xBF, 0xAE, 0xD7,
    0x68, 0x20, 0x00, 0x44, 0x00, 0x00, 0x00, 0x00, 0x04, 0x22, 0x00, 0x39, 0xFF, 0xF7, 0xDB, 0xDF,
    0xD3, 0xC7, 0xFF, 0x7F, 0xB7, 0xF8, 0x2F, 0xFD, 0xBB, 0xFF, 0xFF, 0xFF, 0xFF, 0xEE, 0xDA, 0xFF,
    0xFF, 0xFF, 0xFF, 0xFB, 0xFF, 0xF7, 0xFE, 0xFF, 0xBF, 0xDF, 0xBE, 0xF8, 0xFE, 0xDF, 0xF7, 0xEF,
    0xDF, 0x3F, 0xFF, 0xFF, 0xFF, 0xFF, 0xFF, 0xFF, 0xFF, 0xFF, 0xFF, 0xFF, 0xFF, 0xFF, 0xFB, 0xFF,
    0xF7, 0xFD, 0xFF, 0xFF, 0xF7, 0xC3, 0xC4, 0x10, 0x41, 0x08, 0x01, 0x0A, 0x55, 0x55, 0x55, 0x24,
    0xB5, 0x5A, 0xAA, 0xAA, 0xBA, 0xFD, 0xD5, 0xDF, 0xFE, 0xD7, 0xB7, 0xFE, 0xEB, 0x2A, 0x48, 0xD5,
    0x5B, 0xD5, 0x5B, 0xBA, 0xE0, 0x00, 0x00, 0x00, 0x40, 0x04, 0x24, 0x40, 0x80, 0x80, 0x05, 0x39,
    0xFF, 0xFE, 0x24, 0x1F, 0xC1, 0xC7, 0xFF, 0xE2, 0x8F, 0xF2, 0x9F, 0xF7, 0xFF, 0xBF, 0xDB, 0xFF,
    0xA9, 0xBD, 0x24, 0xFF, 0xFF, 0xBF, 0xFF, 0xFF, 0xDF, 0xDF, 0xF7, 0xFF, 0xFF, 0xFF, 0xFF, 0xF8,
    0x77, 0xFB, 0xBF, 0xFF, 0xFF, 0xBF, 0xFF, 0xFF, 0xFF, 0xFF, 0xFF, 0xFF, 0xFF, 0xFF, 0xFF, 0xFF,
    0xFF, 0xFF, 0xFB, 0xBD, 0xE3, 0xFF, 0xF7, 0xFE, 0xFF, 0xA3, 0xC0, 0x41, 0x04, 0x41, 0x24, 0x11,
    0x0A, 0xA4, 0xA8, 0xB5, 0x55, 0x6D, 0xF6, 0xBF, 0xDF, 0x57, 0x7E, 0xEA, 0xAB, 0xFD, 0x7D, 0x57,
    0xBD, 0x81, 0x12, 0xFE, 0xFD, 0x7B, 0xBD, 0x6F, 0x74, 0x00, 0x00, 0x00, 0x09, 0x10, 0x80, 0x04,
    0x10, 0x00, 0x40, 0x3B, 0xF7, 0xFE, 0x00, 0x1F, 0xD3, 0xC7, 0xBB, 0xE0, 0x07, 0xFF, 0x7F, 0x7F,
    0xFF, 0xFE, 0xFF, 0xDD, 0x80, 0xFC, 0xAA, 0x7B, 0xBF, 0xFD, 0xDF, 0xEF, 0xFF, 0xFF, 0xBF, 0xFE,
    0xFF, 0xFF, 0xFB, 0xF8, 0xFF, 0xEF, 0xFF, 0x7B, 0x7B, 0xBF, 0xFF, 0xFF, 0xFF, 0xFF, 0xFF, 0xFF,
    0xFF, 0xFF, 0xFF, 0xFF, 0xFF, 0xFF, 0xFB, 0xFF, 0xF7, 0xDF, 0xFF, 0xFF, 0xFF, 0xC1, 0xC1, 0x04,
    0x10, 0x00, 0x00, 0x44, 0x62, 0x9A, 0x92, 0x92, 0xA2, 0xBB, 0x5E, 0xEA, 0xEB, 0xFD, 0xD7, 0x7F,
    0xFE, 0xAF, 0x57, 0xFA, 0xEF, 0xCB, 0xA1, 0x55, 0xAF, 0xAE, 0xAB, 0xDA, 0xE0, 0x00, 0x11, 0x01,
    0x00, 0x00, 0x01, 0x10, 0x02, 0x09, 0x00, 0x79, 0xFF, 0xFE, 0x00, 0x1F, 0xC1, 0xC7, 0xFF, 0xF7,
    0xFF, 0xEA, 0xCF, 0xFF, 0xEF, 0xFB, 0xFF, 0xFF, 0x3F, 0xFF, 0xFF, 0xFF, 0xFF, 0xFF, 0xFD, 0xFF,
    0xFF, 0xFF, 0xFF, 0xFF, 0xFB, 0x7F, 0xEF, 0xF8, 0x7F, 0x7F, 0xDD, 0xEF, 0xFF, 0x3F, 0xFF, 0xFF,
    0xFF, 0xFF, 0xFF, 0xFF, 0xFF, 0xFF, 0xFF, 0xFF, 0xFF, 0xFF, 0xF9, 0xF7, 0xE3, 0xFF, 0xFF, 0xF7,
    0xFF, 0xCB, 0xC0, 0x10, 0x40, 0x24, 0xA9, 0x02, 0x94, 0xAA, 0xD5, 0x55, 0x55, 0x37, 0xEA, 0xBF,
    0x7D, 0x5F, 0x7B, 0xAA, 0xB7, 0xF5, 0x7D, 0x5F, 0xB5, 0x61, 0x8D, 0xEF, 0xF5, 0xF5, 0xFD, 0x77,
    0xE8, 0x00, 0x00, 0x10, 0x00, 0x40, 0x08, 0x00, 0x40, 0x40, 0x08, 0x39, 0xFF, 0xBA, 0x6D, 0xFF,
    0xC2, 0xC7, 0xFF, 0xFF, 0xFF, 0x7B, 0x1F, 0xFF, 0xFE, 0xEF, 0xFF, 0x7F, 0xBF, 0xFF, 0xFF, 0xFF,
    0xFD, 0xFF, 0xFF, 0xFF, 0xFF, 0x7F, 0xFF, 0xDF, 0xFF, 0xFB, 0xBF, 0xF8, 0xFD, 0xFD, 0xFF, 0xFF,
    0xEF, 0xBF, 0xFF, 0xFF, 0xFF, 0xFF, 0xFF, 0xFF, 0xFF, 0xFF, 0xFF, 0xFF, 0xFF, 0xFF, 0xFB, 0xFF,
    0xF7, 0xFF, 0xBF, 0x7F, 0xFF, 0xA1, 0xC4, 0x41, 0x02, 0x00, 0x00, 0x08, 0x42, 0xAA, 0xAA, 0x52,
    0xAA, 0xBD, 0x5E, 0xD5, 0xAF, 0xF5, 0xDD, 0xFF, 0xED, 0x5E, 0xD7, 0xF5, 0xDF, 0xB4, 0xA6, 0xBA,
    0xBE, 0xAF, 0x2B, 0xAD, 0x50, 0x00, 0x80, 0x00, 0x12, 0x04, 0x80, 0x41, 0x08, 0x00, 0x00, 0x39,
    0xFF, 0xFF, 0x7F, 0xEF, 0xD1, 0xCB, 0xDF, 0x7F, 0xFB, 0xFB, 0xBF, 0x6D, 0x7F, 0xFF, 0xF7, 0xFB,
    0x5A, 0xFF, 0xFF, 0xFF, 0xFF, 0xFF, 0xFF, 0xFF, 0xFD, 0xFF, 0xFE, 0xFD, 0xFF, 0xFF, 0xFF, 0xF8,
    0x77, 0xEF, 0xB7, 0xBD, 0xBF, 0xBF, 0xFF, 0xFF, 0xFF, 0xFF, 0xFF, 0xFF, 0xFF, 0xFF, 0xFF, 0xFF,
    0xFF, 0xFF, 0xFB, 0xDF, 0xF3, 0xFE, 0xFF, 0xFF, 0xDD, 0xC3, 0xC0, 0x04, 0x10, 0x91, 0x4A, 0x42,
    0x94, 0xAA, 0xAA, 0xAA, 0xAA, 0xB7, 0xF5, 0x7E, 0xF5, 0x5F, 0x77, 0x55, 0x7F, 0xF6, 0xBD, 0x5E,
    0xF5, 0x68, 0x4F, 0xDF, 0xD5, 0xFA, 0xF6, 0xF7, 0xE0, 0x22, 0x00, 0x00, 0x80, 0x00, 0x01, 0x00,
    0x01, 0x12, 0x42, 0x75, 0xDF, 0xFF, 0x3F, 0xBF, 0xC3, 0xC7, 0xFD, 0xFF, 0xFF, 0xFF, 0xFD, 0xFC,
    0xCF, 0xFF, 0xDF, 0xF8, 0x81, 0xFF, 0xFF, 0xEF, 0xFF, 0xEF, 0xFF, 0xFF, 0x77, 0xFD, 0xF7, 0xFF,
    0xEF, 0xEF, 0xFF, 0xF8, 0xFF, 0xFF, 0xFE, 0xFF, 0xFF, 0x3F, 0xFF, 0xFF, 0xFF, 0xFF, 0xFF, 0xFF,
    0xFF, 0xFF, 0xFF, 0xFF, 0xFF, 0xFF, 0xFB, 0xFD, 0xE7, 0xEF, 0xFF, 0xFF, 0xFF, 0xC3, 0xC1, 0x20,
    0x40, 0x00, 0x00, 0x09, 0x22, 0x2A, 0xAA, 0xA5, 0x4A, 0xF5, 0x5E, 0xAB, 0xBF, 0xF5, 0xDD, 0xFF,
    0xD5, 0x5B, 0x6F, 0xF7, 0x5F, 0xDA, 0x15, 0x6A, 0xBE, 0xAE, 0xAF, 0x5A, 0xC0, 0x00, 0x00, 0x44,
    0x00, 0x20, 0x24, 0x08, 0x10, 0x00, 0x08, 0x39, 0xFD, 0x80, 0x00, 0x1D, 0xC1, 0xC7, 0xFF, 0xFF,
    0xBF, 0xB0, 0x1F, 0xFD, 0x77, 0xFF, 0x7F, 0xF5, 0x7D, 0xF6, 0xED, 0xFF, 0x77, 0xFF, 0xDF, 0xBB,
    0xFF, 0xFF, 0xFF, 0xFF, 0xFF, 0xFF, 0xFF, 0xF8, 0x7F, 0xBD, 0xFF, 0xF7, 0xF7, 0xBF, 0xFF, 0xFF,
    0xFF, 0xFF, 0xFF, 0xFF, 0xFF, 0xFF, 0xFF, 0xFF, 0xFF, 0xFF, 0xFB, 0xFF, 0xF3, 0xFF, 0xFD, 0xFE,
    0xFF, 0xD1, 0xC0, 0x04, 0x04, 0x89, 0x52, 0x82, 0x14, 0x95, 0x55, 0x55, 0x2A, 0xBF, 0xEA, 0xFE,
    0xEA, 0xBF, 0x77, 0x55, 0x7F, 0xEE, 0xF5, 0x5B, 0xEA, 0xF5, 0x0E, 0xFF, 0xEB, 0xDB, 0x7A, 0xEF,
    0xD0, 0x00, 0x01, 0x00, 0x08, 0x82, 0x00, 0x01, 0x00, 0x40, 0x00, 0x3B, 0xFF, 0xC0, 0x00, 0x1F,
    0xD3, 0xC7, 0x7F, 0xF5, 0xFF, 0xBA, 0x9F, 0xFB, 0xE7, 0x77, 0xFF, 0x7F, 0xAB, 0xFF, 0xDF, 0x3F,
    0xFF, 0xFE, 0xFE, 0xFF, 0xFF, 0xF7, 0xFF, 0xF7, 0xFE, 0xFE, 0xF7, 0xF4, 0xBE, 0xFF, 0xB7, 0xDE,
    0xDF, 0x3F, 0xFF, 0xFF, 0xFF, 0xFF, 0xFF, 0xFF, 0xFF, 0xFF, 0xFF, 0xFF, 0xFF, 0xFF, 0xFB, 0xEF,
    0xE7, 0xFF, 0xFF, 0xFF, 0xFF, 0xC3, 0xC4, 0x91, 0x10, 0x20, 0x04, 0x21, 0x49, 0x09, 0x55, 0x4A,
    0xAA, 0xD5, 0x5D, 0x55, 0xBF, 0xEB, 0xDD, 0xFF, 0xD5, 0x7A, 0xBF, 0xFD, 0x7F, 0x5E, 0x57, 0x55,
    0x5D, 0x76, 0xD7, 0x5A, 0xC1, 0x00, 0x00, 0x00, 0x20, 0x00, 0x00, 0x20, 0x04, 0x09, 0x20, 0x39,
    0xFF, 0xC0, 0x00, 0x1F, 0xC1, 0xC7, 0xEF, 0xDF, 0xBF, 0xBB, 0xDF, 0xEE, 0x4F, 0xFF, 0xFF, 0xFF,
    0xBF, 0xDF, 0xCA, 0x7F, 0xFF, 0xFF, 0xFF, 0xFF, 0xFF, 0xFF, 0xDF, 0xFF, 0xFF, 0xFF, 0xFF, 0xF8,
    0x7B, 0xF7, 0xFE, 0xFF, 0xFF, 0xBF, 0xFF, 0xFF, 0xFF, 0xFF, 0xFF, 0xFF, 0xFF, 0xFF, 0xFF, 0xFF,
    0xFF, 0xFF, 0xFB, 0x7F, 0xF7, 0xBF, 0xEF, 0xEF, 0xFF, 0xA3, 0xC0, 0x00, 0x41, 0x02, 0x50, 0x84,
    0x92, 0x52, 0xAA, 0xAA, 0x94, 0x7B, 0xF5, 0xFF, 0xD5, 0x7D, 0x77, 0x55, 0x7F, 0xAE, 0xD5, 0x57,
    0xAA, 0xEB, 0x1B, 0xFB, 0xF7, 0xBB, 0x7A, 0xF7, 0xA0, 0x00, 0x04, 0x00, 0x80, 0x08, 0x92, 0x04,
    0x40, 0x20, 0x02, 0x79, 0xEF, 0xCA, 0xAA, 0xAF, 0xD3, 0xCB, 0xFE, 0xB4, 0xBD, 0xFF, 0xFB, 0xBD,
    0x4F, 0xFF, 0xFD, 0xFF, 0x3C, 0xFF, 0xC6, 0xDF, 0xFF, 0xF7, 0xFF, 0xFF, 0xFE, 0xFF, 0xFF, 0x7F,
    0x77, 0xEF, 0xFE, 0xF8, 0xFF, 0xFE, 0xEF, 0xFB, 0xFB, 0xBF, 0xFF, 0xFF, 0xFF, 0xFF, 0xFF, 0xFF,
    0xFF, 0xFF, 0xFF, 0xFF, 0xFF, 0xFF, 0xF9, 0xFE, 0xF3, 0xFD, 0xFF, 0xFF, 0xFB, 0xC1, 0xC1, 0x22,
    0x04, 0x08, 0x02, 0x10, 0x89, 0x20, 0x55, 0x2A, 0xA5, 0xD6, 0xAD, 0x55, 0x7F, 0xAF, 0xDD, 0xFF,
    0xD5, 0xFA, 0xFF, 0xFA, 0xFF, 0xBD, 0xED, 0x56, 0xAD, 0xD6, 0xAF, 0x5A, 0xC0, 0x00, 0x00, 0x08,
    0x01, 0x00, 0x00, 0x00, 0x01, 0x00, 0x00, 0x33, 0xFF, 0xFF, 0xFF, 0xDF, 0xC1, 0xC7, 0xFF, 0x00,
    0x3F, 0xF7, 0xDF, 0xFF, 0x7F, 0xDF, 0x77, 0xF7, 0xFD, 0xFF, 0xBA, 0x5D, 0xFF, 0x7F, 0xFF, 0xFF,
    0xDC, 0xD7, 0xFD, 0xFF, 0xFF, 0xFF, 0xBF, 0xF8, 0x7F, 0xDF, 0xFF, 0x6F, 0x6F, 0x3F, 0xFF, 0xFF,
    0xFF, 0xFF, 0xFF, 0xFF, 0xFF, 0xFF, 0xFF, 0xFF, 0xFF, 0xFF, 0xFB, 0xFB, 0xE7, 0xFF, 0xFF, 0xFF,
    0xBF, 0xA3, 0xC0, 0x08, 0x10, 0x40, 0x28, 0x80, 0xA4, 0x8A, 0x8A, 0x9A, 0xAA, 0x7F, 0xFA, 0xFF,
    0xD5, 0xF5, 0x77, 0x55, 0x7E, 0xAD, 0xAA, 0xAF, 0xAA, 0xEF, 0x77, 0xBF, 0xF6, 0xBD, 0xDA, 0xEF,
    0xA0, 0x08, 0x20, 0x20, 0x04, 0x20, 0x00, 0x40, 0x10, 0x01, 0x10, 0x39, 0xFF, 0xEF, 0xFF, 0xFF,
    0xC3, 0xC7, 0xF7, 0xBD, 0xBF, 0xE8, 0x8F, 0xFD, 0xEB, 0x7D, 0xFF, 0xFE, 0xB8, 0xFF, 0xDC, 0xEF,
    0xDF, 0xFF, 0xFB, 0xF7, 0x7C, 0xEF, 0xFF, 0xFB, 0xFF, 0xBE, 0xFB, 0xF8, 0xF7, 0x7F, 0xBB, 0xFF,
    0xFF, 0xBF, 0xFF, 0xFF, 0xFF, 0xFF, 0xFF, 0xFF, 0xFF, 0xFF, 0xFF, 0xFF, 0xFF, 0xFF, 0xFB, 0xEF,
    0xF3, 0xF7, 0xFD, 0xFE, 0xFF, 0xC3, 0xC2, 0x20, 0x81, 0x04, 0x80, 0x24, 0x49, 0x24, 0x21, 0x55,
    0x55, 0xD5, 0x55, 0xAA, 0xBE, 0xBF, 0xDD, 0xFF, 0xD7, 0xFD, 0xFF, 0xFA, 0xFF, 0x75, 0xAD, 0x6A,
    0xAF, 0xD6, 0xB7, 0x75, 0x82, 0x00, 0x00, 0x00, 0x80, 0x02, 0x22, 0x09, 0x00, 0x10, 0x02, 0x3A,
    0xFD, 0xBE, 0x1F, 0xBF, 0xD1, 0xC7, 0xBF, 0xDD, 0xFF, 0xF2, 0x5F, 0x7C, 0xB3, 0xFF, 0xFF, 0xDF,
    0xAB, 0xFB, 0xA2, 0x5F, 0xFD, 0xFF, 0xEF, 0xDF, 0xFB, 0x67, 0xBF, 0xFF, 0xFF, 0xFF, 0xFF, 0xF8,
    0x7F, 0xFB, 0xFF, 0xFD, 0xFF, 0xBF, 0xFF, 0xFF, 0xFF, 0xFF, 0xFF, 0xFF, 0xFF, 0xFF, 0xFF, 0xFF,
    0xFF, 0xFF, 0xFB, 0xFF, 0xF7, 0xDF, 0xB7, 0xDF, 0xFF, 0xC9, 0xC0, 0x02, 0x04, 0x10, 0x15, 0x01,
    0x24, 0x49, 0x08, 0x15, 0x4A, 0xEE, 0xFA, 0xFF, 0xEB, 0xEA, 0xF7, 0x55, 0x7A, 0xAA, 0xAA, 0xAF,
    0xAB, 0xAE, 0xFB, 0xFD, 0xFA, 0xBA, 0xED, 0xAF, 0xA0, 0x00, 0x00, 0x80, 0x00, 0x08, 0x00, 0x00,
    0x04, 0x80, 0x40, 0x39, 0xEF, 0xFF, 0x3F, 0x9F, 0xC1, 0xC7, 0xFF, 0xE5, 0xFB, 0x6B, 0x7F, 0xF8,
    0x65, 0xFF, 0xFF, 0xFF, 0xC3, 0xFF, 0xCA, 0x9F, 0xFF, 0xFF, 0xBF, 0xFF, 0xFE, 0xEF, 0xFF, 0xEF,
    0xEE, 0xFF, 0xFF, 0xF8, 0xBF, 0xEF, 0x6D, 0xB7, 0xDB, 0x3F, 0xFF, 0xFF, 0xFF, 0xFF, 0xFF, 0xFF,
    0xFF, 0xFF, 0xFF, 0xFF, 0xFF, 0xFF, 0xFB, 0xFF, 0xE3, 0xFF, 0xFF, 0xFF, 0xFD, 0xC3, 0xC1, 0x20,
    0x20, 0x41, 0x00, 0x50, 0x42, 0x82, 0x52, 0xAA, 0x20, 0xBB, 0xAB, 0xAA, 0xBE, 0xBF, 0x5D, 0xFF,
    0xDF, 0xFD, 0xFF, 0xF5, 0xFD, 0xFB, 0xAE, 0xAB, 0x57, 0x6D, 0xBB, 0x75, 0x80, 0x00, 0x82, 0x02,
    0x11, 0x20, 0x80, 0x40, 0x40, 0x04, 0x00, 0x7B, 0xFF, 0xFE, 0x7F, 0xDD, 0xC3, 0xC7, 0xFE, 0xFD,
    0xEF, 0xFB, 0xFB, 0xFF, 0xA6, 0xFF, 0xBD, 0xFF, 0xFF, 0xFF, 0xFF, 0xFF, 0xFF, 0xFE, 0xFF, 0xFF,
    0xFD, 0x0F, 0xFF, 0x7F, 0xBF, 0xFB, 0xFF, 0xF8, 0x7B, 0x7F, 0xFF, 0xFF, 0x7F, 0xBF, 0xFF, 0xFF,
    0xFF, 0xFF, 0xFF, 0xFF, 0xFF, 0xFF, 0xFF, 0xFF, 0xFF, 0xFF, 0xFB, 0xBF, 0xF7, 0xFF, 0xFF, 0xFD,
    0xF7, 0xC1, 0xC0, 0x04, 0x01, 0x04, 0x29, 0x24, 0x28, 0x28, 0x84, 0x08, 0x89, 0xED, 0xDA, 0xF7,
    0xEB, 0xEB, 0xF7, 0x55, 0x75, 0x55, 0x55, 0x5E, 0xAB, 0x56, 0xF7, 0xDE, 0xFA, 0xF6, 0xD6, 0xDB,
    0x80, 0x00, 0x00, 0x00, 0x00, 0x00, 0x09, 0x04, 0x00, 0x00, 0x08, 0x39, 0xFF, 0xFE, 0x7D, 0xCF,
    0xD1, 0xC7, 0xF7, 0xFD, 0xFF, 0xF3, 0xDF, 0xDB, 0xAD, 0xF6, 0xFF, 0xFF, 0xFF, 0xDF, 0xF6, 0xFF,
    0xFF, 0xF7, 0xFF, 0xFF, 0xFE, 0xDF, 0xF7, 0xFF, 0xFF, 0xFF, 0xDB, 0xF8, 0xFF, 0xFD, 0xF7, 0xDF,
    0xFF, 0xBF, 0xFF, 0xFF, 0xFF, 0xFF, 0xFF, 0xFF, 0xFF, 0xFF, 0xFF, 0xFF, 0xFF, 0xFF, 0xFB, 0xFF,
    0xF3, 0xFD, 0xFD, 0xF5, 0x7F, 0xA3, 0xC2, 0x20, 0x94, 0x00, 0x04, 0x91, 0x02, 0x84, 0x51, 0x55,
    0x24, 0xB6, 0xB5, 0xAD, 0x5E, 0xBD, 0x5D, 0xFF, 0xDF, 0xFB, 0xEF, 0xEB, 0xFE, 0xFD, 0xAD, 0x77,
    0xAF, 0xAD, 0x7B, 0xB7, 0x40, 0x20, 0x00, 0x08, 0x40, 0x00, 0x00, 0x00, 0x11, 0x21, 0x20, 0x39,
    0xFD, 0xFE, 0x7F, 0x9F, 0xC3, 0xCF, 0x7F, 0xFF, 0xFF, 0xFB, 0xEF, 0xFC, 0xA5, 0xFF, 0xFF, 0xBB,
    0xFF, 0x7E, 0xC8, 0x7E, 0xEF, 0x7F, 0xFF, 0x7F, 0x7F, 0xFF, 0xBF, 0xFF, 0xFF, 0xFF, 0xFF, 0xF0,
    0x7F, 0xF7, 0xBE, 0xFB, 0xEF, 0x3F, 0xFF, 0xFF, 0xFF, 0xFF, 0xFF, 0xFF, 0xFF, 0xFF, 0xFF, 0xFF,
    0xFF, 0xFF, 0xFB, 0xF7, 0xE7, 0xBF, 0xFC, 0xB0, 0x3F, 0xC3, 0xC0, 0x02, 0x00, 0x22, 0x41, 0x20,
    0x54, 0x52, 0x8A, 0x04, 0x01, 0xDF, 0xF6, 0xFF, 0xF7, 0xEF, 0xF7, 0x55, 0x75, 0x55, 0x5A, 0xBE,
    0xAB, 0xAB, 0xFB, 0xBA, 0xF5, 0x7B, 0xAD, 0x6F, 0x04, 0x02, 0x00, 0x00, 0x04, 0x89, 0x20, 0x11,
    0x00, 0x00, 0x02, 0x79, 0xDF, 0xDE, 0x55, 0x1F, 0xC1, 0xC7, 0xFF, 0xFF, 0xFF, 0xD8, 0x9F, 0xFC,
    0x05, 0xFF, 0xF7, 0xFF, 0xFD, 0xFF, 0xCA, 0xFB, 0xFF, 0xFF, 0xFF, 0xFB, 0xF5, 0xE7, 0xFF, 0xFD,
    0xFD, 0xDF, 0xFF, 0xF8, 0xF7, 0xDF, 0xFB, 0xEF, 0x7D, 0xBF, 0xFF, 0xFF, 0xFF, 0xFF, 0xFF, 0xFF,
    0xFF, 0xFF, 0xFF, 0xFF, 0xFF, 0xFF, 0xF9, 0xDF, 0xF3, 0xF7, 0xD8, 0x60, 0x1F, 0xC9, 0xC0, 0x88,
    0x21, 0x08, 0x0A, 0x09, 0x12, 0x88, 0x20, 0xAA, 0xA9, 0xF5, 0x53, 0xAA, 0xBA, 0xB5, 0x5D, 0xFF,
    0xDF, 0xFB, 0xFF, 0x6B, 0xFD, 0xFE, 0xAE, 0xD7, 0x5F, 0xAD, 0x77, 0xBB, 0x40, 0x00, 0x08, 0x80,
    0x00, 0x00, 0x00, 0x40, 0x20, 0x04, 0x00, 0x35, 0xFF, 0xFF, 0x00, 0x3F, 0xD3, 0xC7, 0xEF, 0x7F,
    0xBD, 0xF1, 0x1F, 0x7F, 0xFF, 0xDF, 0xFF, 0xFF, 0xBF, 0xFF, 0xAF, 0xFF, 0xFF, 0xFF, 0xF7, 0xDF,
    0xFA, 0xAF, 0xFF, 0xF7, 0xDF, 0xFE, 0xFF, 0xF8, 0x7F, 0x7F, 0x6F, 0xBF, 0xFF, 0xBF, 0xFF, 0xFF,
    0xFF, 0xFF, 0xFF, 0xFF, 0xFF, 0xFF, 0xFF, 0xFF, 0xFF, 0xFF, 0xFB, 0xFE, 0xE7, 0xFF, 0xF9, 0xE1,
    0x1F, 0xA3, 0xC2, 0x20, 0x84, 0x00, 0x80, 0xA0, 0x08, 0x52, 0x95, 0x00, 0x05, 0xAF, 0xBA, 0xF7,
    0xDF, 0xFF, 0xF7, 0x55, 0x75, 0x55, 0x55, 0xFE, 0xAE, 0xAB, 0xDB, 0x7D, 0xEA, 0xF5, 0xAD, 0x6E,
    0x80, 0x00, 0x00, 0x02, 0x10, 0x00, 0x04, 0x00, 0x02, 0x40, 0x40, 0x39, 0xFF, 0x7F, 0x00, 0x37,
    0xC1, 0xC7, 0xBF, 0xED, 0xFF, 0xFE, 0xEF, 0xFF, 0xF7, 0x7E, 0xFE, 0xFF, 0xDB, 0xFF, 0xDF, 0x7F,
    0xFF, 0xFF, 0xE9, 0x4F, 0xF8, 0x4F, 0xFE, 0xFF, 0xFF, 0xFF, 0xF7, 0xF8, 0xFF, 0xFF, 0xFF, 0xFD,
    0xEF, 0x3F, 0xFF, 0xFF, 0xFF, 0xFF, 0xFF, 0xFF, 0xFF, 0xFF, 0xFF, 0xFF, 0xFF, 0xFF, 0xFB, 0xFF,
    0xF3, 0xFF, 0x7B, 0xC3, 0xCF, 0xC1, 0xC0, 0x02, 0x00, 0x48, 0x2A, 0x14, 0x92, 0x08, 0x40, 0x55,
    0x52, 0xDA, 0xEB, 0x5D, 0x6A, 0xAA, 0xAD, 0xFF, 0xDF, 0xBB, 0xFE, 0xAB, 0xF7, 0xDD, 0x77, 0xD6,
    0xBD, 0xAB, 0xF6, 0xDB, 0x00, 0x00, 0x00, 0x10, 0x41, 0x24, 0x20, 0x02, 0x00, 0x01, 0x08, 0x7B,
    0xF7, 0xFB, 0xC0, 0xFF, 0xC3, 0xC7, 0xFF, 0xE7, 0xFF, 0xFF, 0xFF, 0xFA, 0x0F, 0xFF, 0xEF, 0xF7,
    0x5D, 0xFB, 0xCA, 0xFF, 0xFB, 0xEF, 0xF2, 0x1F, 0xFB, 0x5F, 0x7B, 0xFF, 0xFF, 0xFF, 0xFF, 0xF8,
    0x7B, 0xFB, 0xBB, 0xEF, 0xBD, 0xBF, 0xFF, 0xFF, 0xFF, 0xFF, 0xFF, 0xFF, 0xFF, 0xFF, 0xFF, 0xFF,
    0xFF, 0xFF, 0xFB, 0xFF, 0xF7, 0xDF, 0xF9, 0x83, 0xAF, 0xA3, 0xC0, 0x80, 0x21, 0x01, 0x01, 0x42,
    0x09, 0x52, 0x15, 0x08, 0x23, 0xBD, 0xAD, 0xEF, 0xBF, 0xFD, 0xFE, 0xAA, 0xB5, 0x6A, 0xAB, 0xFD,
    0x5A, 0xB7, 0xBD, 0x7B, 0xD6, 0xDD, 0x5B, 0xB6, 0x80, 0x88, 0x00, 0x40, 0x00, 0x00, 0x81, 0x10,
    0x48, 0x10, 0x00, 0x39, 0xFF, 0xFF, 0xFF, 0xFF, 0xD1, 0xC7, 0xFD, 0xEF, 0xBB, 0xBA, 0x9F, 0xDC,
    0xAF, 0xFF, 0xFF, 0xFF, 0x9D, 0xFF, 0xC0, 0x7F, 0xDF, 0xBE, 0xE9, 0xFF, 0xFF, 0xFD, 0xFF, 0xFF,
    0xFF, 0xEF, 0xFF, 0xF8, 0xFF, 0xEF, 0xFF, 0x7F, 0xFF, 0xBF, 0xFF, 0xFF, 0xFF, 0xFF, 0xFF, 0xFF,
    0xFF, 0xFF, 0xFF, 0xFF, 0xFF, 0xFF, 0xFB, 0x77, 0xE3, 0xFD, 0xF8, 0x87, 0x9F, 0xC3, 0xC0, 0x11,
    0x04, 0x10, 0x24, 0x28, 0x24, 0x41, 0x40, 0xA2, 0x8A, 0xEB, 0x77, 0x5A, 0xEA, 0xAE, 0xAB, 0xFF,
    0xEF, 0xF7, 0xDD, 0x57, 0xEF, 0xFA, 0xD7, 0xAE, 0xBB, 0x75, 0xAD, 0x6F, 0x04, 0x00, 0x44, 0x00,
    0x00, 0x00, 0x00, 0x00, 0x01, 0x00, 0x02, 0x39, 0xDF, 0xDF, 0xFF, 0xDF, 0xC2, 0xC7, 0xFF, 0xE5,
    0x7F, 0xF0, 0x5D, 0xFB, 0xB7, 0xFB, 0xBF, 0xFE, 0xEC, 0xFF, 0xDE, 0xFB, 0xFF, 0xFF, 0xFB, 0xFF,
    0xDF, 0xE7, 0xFF, 0xEF, 0xF7, 0x7F, 0x7B, 0xF8, 0x7F, 0x7F, 0xDD, 0xF7, 0xFF, 0xBF, 0xFF, 0xFF,
    0xFF, 0xFF, 0xFF, 0xFF, 0xFF, 0xFF, 0xFF, 0xFF, 0xFF, 0xFF, 0xFB, 0xFF, 0xF7, 0xFF, 0xF4, 0x06,
    0x3D, 0xC9, 0xC2, 0x44, 0x10, 0x42, 0x02, 0x84, 0x85, 0x14, 0x2A, 0x09, 0x23, 0xBE, 0xD5, 0xF7,
    0x7F, 0xF5, 0xFD, 0x55, 0x7A, 0xAA, 0xB7, 0xFA, 0xBA, 0xAF, 0xFA, 0xF5, 0xED, 0xDB, 0x77, 0xBD,
    0x00, 0x00, 0x00, 0x02, 0x09, 0x24, 0x08, 0x41, 0x00, 0x04, 0x40, 0x39, 0xFD, 0xFF, 0x20, 0x1D,
    0xC1, 0xC7, 0xBF, 0xE2, 0x3F, 0xFF, 0x5F, 0xFD, 0x67, 0xBF, 0xFF, 0xBF, 0x99, 0xFF, 0xFF, 0xFF,
    0xFF, 0xFF, 0xF7, 0xFF, 0xFC, 0x0F, 0xFF, 0xFE, 0xDF, 0xFF, 0xFF, 0xF4, 0xF7, 0xFE, 0xFF, 0xDE,
    0xDB, 0x3F, 0xFF, 0xFF, 0xFF, 0xFF, 0xFF, 0xFF, 0xFF, 0xFF, 0xFF, 0xFF, 0xFF, 0xFF, 0xFB, 0xFF,
    0xF3, 0xEF, 0xDC, 0x0F, 0x1F, 0xC3, 0xC0, 0x00, 0x00, 0x00, 0xA8, 0x51, 0x04, 0xA1, 0x01, 0x44,
    0x4B, 0x6B, 0xE6, 0xAD, 0xAA, 0xAF, 0x57, 0xFF, 0xAF, 0xEF, 0xFA, 0xAF, 0xEF, 0xF5, 0x57, 0x5F,
    0x5E, 0xB5, 0xDA, 0xEE, 0x00, 0x00, 0x00, 0x08, 0x20, 0x00, 0x41, 0x04, 0x08, 0x40, 0x08, 0x7B,
    0xFF, 0xFA, 0x80, 0x1F, 0xD3, 0xCB, 0xFB, 0xB5, 0x7F, 0xEA, 0xDF, 0xFD, 0x4F, 0xFF, 0xFD, 0xFB,
    0xD3, 0xF5, 0xAA, 0x7F, 0xFF, 0xFF, 0xF3, 0xAF, 0x7A, 0xAF, 0xF7, 0xFF, 0xFF, 0xFF, 0xFF, 0xF8,
    0x7F, 0xFB, 0xF7, 0xFF, 0xFF, 0xBF, 0xFF, 0xFF, 0xFF, 0xFF, 0xFF, 0xFF, 0xFF, 0xFF, 0xFF, 0xFF,
    0xFF, 0xFF, 0xF9, 0xDF, 0xE7, 0xFF, 0x7F, 0x3F, 0x3F, 0xA1, 0xC0, 0x10, 0x84, 0x88, 0x02, 0x04,
    0x12, 0x08, 0xAA, 0x22, 0x23, 0xBD, 0x57, 0x7B, 0xF7, 0x7B, 0xFA, 0xAA, 0xF5, 0x65, 0x57, 0xF5,
    0x5A, 0xAF, 0xBD, 0xEA, 0xEB, 0xDB, 0x6F, 0x55, 0x00, 0x00, 0x01, 0x20, 0x00, 0x00, 0x00, 0x00,
    0x00, 0x00, 0x00, 0x39, 0xEF, 0xBE, 0x00, 0x2F, 0xC1, 0xC7, 0xFF, 0xFF, 0xDB, 0x7B, 0x1E, 0xEF,
    0xDE, 0xFD, 0xEF, 0xFB, 0xD7, 0xFC, 0xC0, 0xFF, 0xBF, 0xFF, 0xF9, 0x5F, 0xFD, 0xB7, 0xFF, 0xBF,
    0xFF, 0xFD, 0xEF, 0xF8, 0xBF, 0xDF, 0xDF, 0x7F, 0xFF, 0xBF, 0xFF, 0xFF, 0xFF, 0xFF, 0xFF, 0xFF,
    0xFF, 0xFF, 0xFF, 0xFF, 0xFF, 0xFF, 0xFB, 0xFD, 0xF3, 0xFB, 0xFF, 0xEF, 0xFF, 0xC3, 0xC1, 0x02,
    0x20, 0x02, 0xA1, 0x51, 0x01, 0x25, 0x00, 0x89, 0x16, 0xD7, 0xAB, 0xD6, 0xAD, 0xDD, 0x5F, 0xF7,
    0x5F, 0xB7, 0xBD, 0x5F, 0xF7, 0xFA, 0xEE, 0xBF, 0x7D, 0x6D, 0xB5, 0xFE, 0x20, 0x00, 0x10, 0x00,
    0x02, 0x22, 0x04, 0x00, 0x42, 0x09, 0x00, 0x39, 0xFE, 0xFC, 0x15, 0x5F, 0xC3, 0xC7, 0xFF, 0xF9,
    0x7F, 0xFA, 0xDB, 0xFF, 0xF7, 0xF7, 0xFF, 0xF5, 0xFF, 0xFF, 0xDE, 0xFE, 0xFE, 0xFB, 0xB0, 0x1F,
    0xFD, 0x4F, 0xDF, 0xFF, 0xFF, 0xF7, 0xFF, 0xF8, 0x7E, 0xFF, 0xFF, 0xF6, 0xDB, 0x3F, 0xFF, 0xFF,
    0xFF, 0xFF, 0xFF, 0xFF, 0xFF, 0xFF, 0xFF, 0xFF, 0xFF, 0xFF, 0xFB, 0xFF, 0xE7, 0xBF, 0xFB, 0xFD,
    0xAF, 0xA3, 0xC0, 0x40, 0x08, 0x48, 0x08, 0x04, 0x44, 0x80, 0x54, 0x24, 0xA7, 0x7A, 0xEC, 0xBF,
    0x7B, 0x6B, 0xEA, 0xAD, 0xEA, 0xD5, 0xEF, 0xEA, 0xBD, 0x5F, 0x75, 0xD5, 0xAB, 0xB6, 0xDD, 0x55,
    0x00, 0x22, 0x00, 0x00, 0x88, 0x00, 0x40, 0x22, 0x08, 0x20, 0x22, 0x73, 0xFF, 0xFE, 0x7F, 0xFF,
    0xD1, 0xC7, 0xDD, 0xE2, 0xFF, 0xFF, 0xFF, 0xFC, 0x0F, 0xFF, 0xFF, 0xDB, 0x59, 0xDF, 0xEF, 0x7B,
    0xFF, 0xFF, 0xFF, 0xDF, 0xFD, 0xD7, 0xFF, 0xFB, 0xFF, 0xBF, 0xFF, 0xF0, 0xFF, 0xFF, 0x7D, 0xFF,
    0xFF, 0xBF, 0xFF, 0xFF, 0xFF, 0xFF, 0xFF, 0xFF, 0xFF, 0xFF, 0xFF, 0xFF, 0xFF, 0xFF, 0xFB, 0xFF,
    0xF3, 0xFF, 0xFC, 0x02, 0x1F, 0xC1, 0xC4, 0x10, 0x81, 0x00, 0x22, 0xA9, 0x11, 0x2A, 0x82, 0x88,
    0x13, 0xAF, 0x56, 0xD5, 0xDE, 0xFE, 0xBF, 0xFB, 0x7F, 0x6E, 0xB5, 0x5F, 0xD7, 0xB5, 0xAF, 0x7B,
    0x76, 0xD7, 0x6B, 0xBC, 0x01, 0x00, 0x00, 0x02, 0x00, 0x08, 0x00, 0x80, 0x00, 0x00, 0x00, 0x39,
    0xDF, 0xEF, 0x7F, 0xFF, 0xC3, 0xC7, 0xFF, 0xED, 0x3F, 0xFA, 0x7F, 0xFC, 0xA7, 0xFF, 0xBE, 0xFC,
    0x25, 0xFF, 0xFF, 0xFF, 0xFF, 0xFF, 0xFF, 0xFF, 0xFF, 0xEF, 0xFF, 0xFF, 0xFD, 0xFF, 0xFD, 0xF8,
    0x7F, 0xFB, 0xF7, 0xDF, 0xFF, 0xBF, 0xFF, 0xFF, 0xFF, 0xFF, 0xFF, 0xFF, 0xFF, 0xFF, 0xFF, 0xFF,
    0xFF, 0xFF, 0xFB, 0xBF, 0xF7, 0xFF, 0x74, 0x00, 0x3F, 0xA3, 0xC0, 0x04, 0x10, 0x01, 0x08, 0x40,
    0x40, 0x80, 0x28, 0x42, 0xCE, 0xF5, 0xFB, 0x56, 0xB5, 0xAB, 0xD5, 0x57, 0xAA, 0xD7, 0xDF, 0xF5,
    0x7A, 0xEE, 0xFA, 0xD7, 0xBB, 0x6A, 0xDD, 0x5D, 0x00, 0x00, 0x04, 0x90, 0x01, 0x20, 0x08, 0x00,
    0x00, 0x81, 0x00, 0x39, 0xFD, 0xFF, 0x16, 0xAE, 0xC1, 0xCF, 0xFF, 0xDF, 0xFF, 0x70, 0x1F, 0xDA,
    0xF7, 0xDF, 0xFB, 0xFE, 0xA9, 0xFF, 0x9E, 0x7F, 0xFF, 0xEF, 0xF8, 0x7D, 0xDD, 0xF7, 0xFE, 0xFF,
    0xBF, 0xFF, 0xDF, 0xF8, 0xFF, 0xDF, 0xFF, 0xFD, 0xB7, 0x3F, 0xFF, 0xFF, 0xFF, 0xFF, 0xFF, 0xFF,
    0xFF, 0xFF, 0xFF, 0xFF, 0xFF, 0xFF, 0xFB, 0xF7, 0xE3, 0xF7, 0xFC, 0x00, 0x1D, 0xC3, 0xC0, 0x80,
    0x42, 0x24, 0x11, 0x15, 0x04, 0x55, 0x02, 0x29, 0x26, 0xAE, 0xAE, 0xFA, 0xDF, 0x76, 0xBE, 0xFD,
    0x7F, 0xDA, 0xB5, 0x5F, 0xAF, 0x77, 0x57, 0xBD, 0x6D, 0xB7, 0x6F, 0xEC, 0x00, 0x00, 0x20, 0x00,
    0x20, 0x01, 0x20, 0x09, 0x20, 0x08, 0x08, 0x3B, 0xFF, 0xFD, 0x08, 0x9F, 0xD3, 0xC7, 0x7F, 0xF7,
    0xBB, 0xFB, 0xFF, 0x7D, 0xFF, 0xFD, 0xFF, 0xFF, 0xFF, 0xFF, 0x00, 0x7F, 0xFB, 0xFF, 0xF5, 0x2F,
    0xFB, 0xEF, 0xBF, 0xFF, 0xFF, 0xFF, 0x7F, 0xF8, 0x7B, 0x7F, 0xBF, 0x77, 0xFF, 0xBF, 0xFF, 0xFF,
    0xFF, 0xFF, 0xFF, 0xFF, 0xFF, 0xFF, 0xFF, 0xFF, 0xFF, 0xFF, 0xFB, 0xFF, 0xF7, 0xDF, 0xFC, 0x10,
    0x3F, 0xC9, 0xC0, 0x22, 0x00, 0x00, 0x44, 0x40, 0x41, 0x00, 0xA8, 0x84, 0x0B, 0xFB, 0xF7, 0xAE,
    0xA9, 0xDD, 0xEB, 0xAB, 0xD5, 0x57, 0xEE, 0xEA, 0xF5, 0xBA, 0xFA, 0xEB, 0xDB, 0xD5, 0xB5, 0x5A,
    0x08, 0x00, 0x00, 0x00, 0x04, 0x00, 0x01, 0x00, 0x04, 0x00, 0x20, 0x79, 0xEF, 0xBE, 0x00, 0x1F,
    0xC1, 0xC7, 0xF6, 0xEA, 0x7F, 0xF3, 0xDB, 0xFD, 0xD7, 0xFF, 0xFF, 0xFB, 0xBD, 0xF7, 0xD5, 0xFF,
    0xFF, 0xFF, 0xBB, 0xDF, 0xF8, 0x07, 0xFF, 0xED, 0xFF, 0xFF, 0xFF, 0xF8, 0xFF, 0xFE, 0xF7, 0xFF,
    0xDD, 0xBF, 0xFF, 0xFF, 0xFF, 0xFF, 0xFF, 0xFF, 0xFF, 0xFF, 0xFF, 0xFF, 0xFF, 0xFF, 0xF9, 0xFF,
    0xE3, 0xFF, 0xDC, 0xD4, 0x77, 0xC3, 0xC0, 0x08, 0x11, 0x11, 0x01, 0x15, 0x10, 0xAA, 0xC2, 0x29,
    0x4E, 0xAD, 0x5A, 0xF7, 0xEE, 0xB7, 0x5D, 0x7E, 0xEE, 0xDD, 0x5B, 0xBD, 0xAE, 0xD7, 0xAF, 0x5D,
    0x6E, 0xBE, 0xDB, 0x7C, 0x00, 0x00, 0x00, 0x04, 0x80, 0x10, 0x00, 0x20, 0x00, 0x40, 0x80, 0x39,
    0xFF, 0xFF, 0x00, 0x1D, 0xD1, 0xC7, 0xFF, 0xF4, 0xBF, 0xFB, 0xDF, 0xFC, 0x4F, 0xFF, 0xDF, 0xDB,
    0x41, 0xDF, 0xDF, 0xF7, 0xBF, 0xFF, 0xF7, 0xFF, 0xF8, 0x5F, 0xFB, 0xFF, 0xF7, 0xF7, 0xFF, 0xF8,
    0x7F, 0xFB, 0xFE, 0xEE, 0xFF, 0x3F, 0xFF, 0xFF, 0xFF, 0xFF, 0xFF, 0xFF, 0xFF, 0xFF, 0xFF, 0xFF,
    0xFF, 0xFF, 0xFB, 0xDF, 0xF7, 0xFF, 0x7F, 0xFF, 0x3F, 0xC1, 0xC2, 0x40, 0x80, 0x00, 0x08, 0x20,
    0x42, 0x01, 0x51, 0x12, 0x26, 0xDB, 0xEF, 0x5A, 0xB5, 0x55, 0xF7, 0xD5, 0xBB, 0xD7, 0xBD, 0x6B,
    0x7B, 0xFD, 0x75, 0xEF, 0xB5, 0xCB, 0x6D, 0xA8, 0x00, 0x04, 0x04, 0x90, 0x00, 0x82, 0x04, 0x01,
    0x10, 0x04, 0x00, 0x39, 0xFF, 0xFF, 0x2A, 0x9F, 0xC3, 0xC7, 0xBF, 0xFB, 0xFF, 0xBA, 0x83, 0xFC,
    0xA7, 0x6F, 0x7E, 0xFB, 0x95, 0xFF, 0xDF, 0xFF, 0xFF, 0xBF, 0xFF, 0xDF, 0xFF, 0xFF, 0xFF, 0xFF,
    0xFF, 0x7F, 0xF7, 0xF4, 0xF7, 0xEF, 0xF7, 0xFF, 0xEF, 0xBF, 0xFF, 0xFF, 0xFF, 0xFF, 0xFF, 0xFF,
    0xFF, 0xFF, 0xFF, 0xFF, 0xFF, 0xFF, 0xFB, 0xFD, 0xE7, 0xFD, 0xFF, 0xFF, 0x3F, 0xA3, 0xC0, 0x02,
    0x08, 0x88, 0x22, 0x95, 0x08, 0x55, 0xA4, 0xA0, 0x8D, 0xEE, 0xB5, 0xEF, 0xDF, 0xED, 0x5A, 0xBB,
    0x6D, 0x5A, 0xEB, 0xDF, 0xDD, 0x57, 0xDE, 0xB5, 0x6E, 0xB5, 0xB6, 0xFA, 0x20, 0x40, 0x40, 0x00,
    0x12, 0x00, 0x40, 0x04, 0x01, 0x00, 0x02, 0x7B, 0xFB, 0xEF, 0xBF, 0xEF, 0xC1, 0xC7, 0xFF, 0xDF,
    0xF6, 0xF0, 0xAB, 0xF5, 0xFF, 0xFF, 0xFB, 0xFF, 0x7D, 0xFF, 0xDF, 0x7F, 0xFF, 0xFD, 0xF0, 0x1F,
    0x7F, 0xDF, 0xDF, 0xBF, 0xFF, 0xFF, 0x7F, 0xF8, 0x7F, 0x7F, 0xDF, 0xDF, 0x7D, 0xBF, 0xFF, 0xFF,
    0xFF, 0xFF, 0xFF, 0xFF, 0xFF, 0xFF, 0xFF, 0xFF, 0xFF, 0xFF, 0xFB, 0xFF, 0xF3, 0xDF, 0xFA, 0xAD,
    0x1F, 0xC9, 0xC0, 0x10, 0x20, 0x01, 0x00, 0x08, 0xA0, 0x20, 0x90, 0x4A, 0x0E, 0xBB, 0xDE, 0xB5,
    0x75, 0x76, 0xAF, 0xD7, 0xB7, 0xAF, 0x7E, 0xEA, 0xB7, 0xBA, 0xB5, 0xDE, 0xDB, 0xDE, 0xDB, 0x58,
    0x00, 0x00, 0x00, 0x00, 0x40, 0x08, 0x00, 0x80, 0x00, 0x10, 0x08, 0x39, 0xDF, 0x75, 0xFE, 0xBF,
    0xD3, 0xC7, 0xF7, 0x7F, 0xFF, 0xFF, 0x77, 0xBD, 0xF7, 0xFF, 0xFF, 0xFF, 0xFF, 0xFF, 0x88, 0xFF,
    0xFB, 0xFF, 0xFE, 0xFF, 0xF9, 0x26, 0xFF, 0xFF, 0x7F, 0xFD, 0xFE, 0xF8, 0xBF, 0xFF, 0x7E, 0xFB,
    0xFF, 0xBF, 0xFF, 0xFF, 0xFF, 0xFF, 0xFF, 0xFF, 0xFF, 0xFF, 0xFF, 0xFF, 0xFF, 0xFF, 0xFB, 0xBF,
    0xF7, 0xFF, 0xFA, 0x22, 0x1B, 0xC3, 0xC1, 0x00, 0x82, 0x20, 0x09, 0x44, 0x02, 0x12, 0x45, 0x20,
    0x17, 0xD6, 0xB5, 0xDE, 0xDF, 0xBB, 0xD2, 0x7D, 0x7A, 0xDA, 0xD5, 0xBE, 0xED, 0x57, 0xDF, 0x75,
    0xED, 0x55, 0xB7, 0xB8, 0x00, 0x00, 0x00, 0x02, 0x00, 0x20, 0x08, 0x10, 0x24, 0x00, 0x80, 0x31,
    0xFF, 0xC7, 0xEF, 0x1F, 0xC1, 0xC7, 0xDF, 0xFF, 0xBF, 0xFF, 0xFF, 0xFC, 0x97, 0xFD, 0xFF, 0xF4,
    0x91, 0xFE, 0xC4, 0x7B, 0x7F, 0xFF, 0xFE, 0xFF, 0xFF, 0xB7, 0xFF, 0xFD, 0xFF, 0xEF, 0xF7, 0xF8,
    0x7D, 0xFB, 0xFB, 0xFF, 0xDF, 0x3F, 0xFF, 0xFF, 0xFF, 0xFF, 0xFF, 0xFF, 0xFF, 0xFF, 0xFF, 0xFF,
    0xFF, 0xFF, 0xFB, 0xFF, 0xE3, 0xFF, 0xFC, 0x00, 0x1F, 0xA1, 0xC0, 0x24, 0x00, 0x04, 0x40, 0x12,
    0xA8, 0x44, 0x10, 0x88, 0x8E, 0xFD, 0xDE, 0xB5, 0xB5, 0x56, 0xFD, 0xAB, 0xD7, 0x5B, 0xB7, 0x6B,
    0xB7, 0xBD, 0x6A, 0xDB, 0x5B, 0xAE, 0xDD, 0x74, 0x00, 0x00, 0x12, 0x20, 0x01, 0x01, 0x20, 0x00,
    0x80, 0x02, 0x00, 0x3B, 0xFF, 0xE7, 0x1F, 0x9F, 0xC3, 0xC7, 0xFF, 0xFE, 0xFF, 0xFB, 0xFF, 0xFC,
    0x0F, 0xF7, 0xD7, 0xD8, 0x04, 0xEF, 0xEF, 0xFF, 0xFF, 0xF7, 0xFA, 0xBF, 0xF5, 0x37, 0xFD, 0xFF,
    0xF7, 0xFF, 0xFF, 0xF8, 0xFF, 0xBF, 0xEF, 0xB6, 0xFB, 0xBF, 0xFF, 0xFF, 0xFF, 0xFF, 0xFF, 0xFF,
    0xFF, 0xFF, 0xFF, 0xFF, 0xFF, 0xFF, 0xF9, 0xF7, 0xF7, 0xFB, 0xB8, 0x00, 0x3F, 0xC3, 0xC4, 0x00,
    0x24, 0x80, 0x02, 0x44, 0x00, 0x21, 0x44, 0x20, 0x07, 0xB7, 0x75, 0xEF, 0x6E, 0xFD, 0xAE, 0xD5,
    0x7D, 0xAE, 0xDD, 0xBD, 0x7A, 0xEB, 0xBD, 0xB6, 0xEE, 0xDB, 0x6B, 0x70, 0x82, 0x02, 0x40, 0x00,
    0x10, 0x00, 0x01, 0x00, 0x00, 0x88, 0x10, 0x79, 0xFF, 0xCF, 0x8D, 0x9D, 0xD1, 0xCF, 0xFF, 0xFF,
    0xFF, 0xDF, 0xFD, 0xFD, 0xEF, 0x7E, 0x67, 0x7F, 0xFF, 0xFF, 0xFE, 0xFF, 0xFF, 0xBF, 0xD8, 0xBB,
    0xDC, 0xD7, 0xFF, 0xEF, 0xFF, 0x7F, 0xFF, 0xF8, 0x77, 0xF7, 0x7F, 0xFF, 0xEF, 0xBF, 0xFF, 0xFF,
    0xFF, 0xFF, 0xFF, 0xFF, 0xFF, 0xFF, 0xFF, 0xFF, 0xFF, 0xFF, 0xFB, 0xFF, 0xE3, 0xDF, 0xFE, 0x55,
    0x7F, 0xC3, 0xC0, 0x44, 0x80, 0x11, 0x10, 0x11, 0x52, 0x14, 0x29, 0x02, 0x42, 0xFD, 0xDB, 0x5A,
    0xF5, 0xAB, 0x75, 0xBA, 0xA7, 0x5B, 0x76, 0xEB, 0xD7, 0x5D, 0x6B, 0xDD, 0xB5, 0x6D, 0xBD, 0xB4,
    0x00, 0x10, 0x00, 0x08, 0x80, 0x08, 0x00, 0x04, 0x02, 0x00, 0x00, 0x3A, 0xF7, 0xD7, 0x9F, 0xDF,
    0xC3, 0xC7, 0x7D, 0x87, 0x7B, 0x7F, 0xFF, 0xDF, 0xF7, 0xFF, 0xCB, 0xFB, 0xFF, 0xFF, 0xEA, 0xF7,
    0xF7, 0xFF, 0xF3, 0x5F, 0xFF, 0x7F, 0xFF, 0xFF, 0xFF, 0xFE, 0xDF, 0xF8, 0xFF, 0x7D, 0xFB, 0x77,
    0x7F, 0x3F, 0xFF, 0xFF, 0xFF, 0xFF, 0xFF, 0xFF, 0xFF, 0xFF, 0xFF, 0xFF, 0xFF, 0xFF, 0xFB, 0xFF,
    0xF7, 0xFF, 0xFC, 0xFF, 0xFD, 0xA1, 0xC0, 0x00, 0x00, 0x40, 0x01, 0x24, 0x08, 0x89, 0x44, 0x40,
    0x11, 0x5F, 0xEE, 0xF7, 0xAF, 0x7D, 0xDE, 0xEF, 0xBA, 0xBD, 0xDB, 0xB6, 0xBD, 0xEF, 0xDE, 0xB7,
    0x6F, 0xB6, 0xD6, 0xE8, 0x00, 0x00, 0x00, 0x80, 0x02, 0x40, 0x84, 0x20, 0x20, 0x00, 0x02, 0x39,
    0xFF, 0xCF, 0x5F, 0x1F, 0xC1, 0xC7, 0xFF, 0x17, 0x3F, 0xFF, 0x5F, 0xFD, 0x5F, 0xFD, 0x1B, 0xFF,
    0xFF, 0xBF, 0xA4, 0x7F, 0xDF, 0xFF, 0xFB, 0xEF, 0xFF, 0xFF, 0xDF, 0xBF, 0xFF, 0xF7, 0xFB, 0xF0,
    0x7D, 0xF7, 0xDF, 0xDF, 0xFD, 0xBF, 0xFF, 0xFF, 0xFF, 0xFF, 0xFF, 0xFF, 0xFF, 0xFF, 0xFF, 0xFF,
    0xFF, 0xFF, 0xFB, 0xDE, 0xE7, 0xFF, 0xFD, 0xFF, 0x77, 0xC3, 0xC1, 0x12, 0x24, 0x02, 0x48, 0x02,
    0xA0, 0x04, 0x10, 0x09, 0x05, 0x4B, 0x7D, 0xBA, 0xF5, 0xD7, 0x6B, 0xB5, 0x6A, 0xAB, 0x6D, 0x6F,
    0xD6, 0xB5, 0x6B, 0x6D, 0xBA, 0xAD, 0xBB, 0x70, 0x00, 0x00, 0x02, 0x02, 0x10, 0x00, 0x10, 0x00,
    0x80, 0x20, 0x88, 0x79, 0xFE, 0xE2, 0x89, 0x9F, 0xD3, 0xC7, 0xF7, 0xBB, 0xBF, 0xA9, 0xAF, 0xFC,
    0x07, 0xEF, 0x77, 0xFF, 0xFB, 0xFB, 0xD5, 0xFF, 0xFF, 0xFF, 0xF7, 0xDF, 0xFF, 0xFF, 0x7E, 0xFF,
    0xBB, 0xFF, 0xFF, 0xF8, 0xB7, 0xFF, 0xFB, 0xFD, 0xB7, 0xBF, 0xFF, 0xFF, 0xFF, 0xFF, 0xFF, 0xFF,
    0xFF, 0xFF, 0xFF, 0xFF, 0xFF, 0xFF, 0xFB, 0xFF, 0xF3, 0xFF, 0xBC, 0xFB, 0x9F, 0xC9, 0xC0, 0x00,
    0x01, 0x08, 0x00, 0x91, 0x0A, 0x22, 0x81, 0x00, 0x54, 0xA9, 0xBF, 0xD7, 0x5E, 0xBA, 0xDD, 0x6F,
    0xBD, 0xAB, 0xB7, 0xBA, 0xBB, 0xDE, 0xDD, 0xDB, 0x6D, 0xB6, 0xD5, 0xA8, 0x08, 0x40, 0x10, 0x10,
    0x00, 0x04, 0x00, 0x02, 0x02, 0x02, 0x00, 0x3B, 0xFF, 0xC0, 0x00, 0x1B, 0xC1, 0xC7, 0xDE, 0xFD,
    0x3F, 0x80, 0x1E, 0xF5, 0xEF, 0xBF, 0x5B, 0xDE, 0xEF, 0xFF, 0xBB, 0x7F, 0xFF, 0xFF, 0x79, 0x53,
    0xFF, 0xFF, 0xFF, 0xFD, 0xFF, 0xBF, 0xFF, 0xF8, 0xFF, 0xDE, 0xDE, 0xEF, 0xFF, 0xBF, 0xFF, 0xFF,
    0xFF, 0xFF, 0xFF, 0xFF, 0xFF, 0xFF, 0xFF, 0xFF, 0xFF, 0xFF, 0xFB, 0xFB, 0xF7, 0xBD, 0xFC, 0xFF,
    0x9F, 0xC3, 0xC4, 0x44, 0x80, 0x20, 0x02, 0x08, 0x40, 0x88, 0x48, 0x24, 0x12, 0xA5, 0x4B, 0xFD,
    0xEB, 0xD7, 0x6B, 0xBA, 0xD7, 0xDC, 0xBA, 0xD6, 0xED, 0x6B, 0x76, 0xBD, 0xB6, 0xBB, 0x7E, 0xF0,
    0x20, 0x00, 0x80, 0x00, 0x41, 0x10, 0x01, 0x10, 0x00, 0x00, 0x00, 0x39, 0xEF, 0xE0, 0x00, 0x1F,
    0xC3, 0xC7, 0x7F, 0x3E, 0xB7, 0x77, 0xDF, 0xDF, 0x37, 0xFE, 0x7F, 0xFF, 0xBF, 0xFF, 0xCA, 0x7E,
    0xFF, 0xFD, 0xF1, 0x0B, 0xBF, 0xFB, 0xFF, 0xFF, 0xFF, 0xFE, 0xDF, 0xF8, 0x7F, 0x7B, 0xFB, 0xBD,
    0xBF, 0x3F, 0xFF, 0xFF, 0xFF, 0xFF, 0xFF, 0xFF, 0xFF, 0xFF, 0xFF, 0xFF, 0xFF, 0xFF, 0xFB, 0x7F,
    0xE3, 0xFF, 0xE8, 0xAA, 0x8F, 0xC3, 0xC0, 0x10, 0x12, 0x01, 0x20, 0x05, 0x2A, 0x05, 0x00, 0x81,
    0x55, 0x52, 0xA5, 0x7F, 0x5D, 0x7B, 0xBE, 0xD7, 0x7A, 0xB7, 0x4D, 0xBB, 0xB7, 0xBD, 0xAD, 0xEB,
    0x6D, 0xAD, 0xAB, 0x60, 0x80, 0x00, 0x00, 0x01, 0x04, 0x00, 0x84, 0x00, 0x10, 0x10, 0x10, 0x39,
    0xFF, 0xCA, 0x49, 0x1F, 0xD1, 0xC7, 0xFF, 0xBF, 0x3F, 0xFB, 0xDF, 0xFD, 0xA7, 0xFE, 0xFF, 0x7D,
    0x57, 0xBE, 0xEC, 0xFB, 0xFF, 0x77, 0xFB, 0xF3, 0xFD, 0x6F, 0xFB, 0xFF, 0xFF, 0xF7, 0xFB, 0xF8,
    0xF7, 0xFF, 0xBF, 0xFF, 0xED, 0xBF, 0xFF, 0xFF, 0xFF, 0xFF, 0xFF, 0xFF, 0xFF, 0xFF, 0xFF, 0xFF,
    0xFF, 0xFF, 0xF9, 0xEF, 0xF7, 0xFF, 0xE0, 0x00, 0x1F, 0xA1, 0xC1, 0x00, 0x00, 0x00, 0x08, 0x90,
    0x80, 0x00, 0x04, 0x08, 0xA5, 0x55, 0x50, 0x97, 0xF7, 0xAD, 0x6B, 0x7A, 0xD7, 0x6D, 0xF5, 0x6E,
    0xDA, 0xD6, 0xF7, 0x5D, 0xDB, 0x76, 0xDA, 0xE8, 0x00, 0x00, 0x01, 0x20, 0x00, 0x00, 0x10, 0x00,
    0x01, 0x00, 0x80, 0x79, 0xFF, 0xEF, 0xFF, 0xEF, 0xC2, 0xC7, 0xFF, 0xDB, 0xBF, 0xEF, 0xCF, 0xFC,
    0xCF, 0xFA, 0x73, 0xFC, 0x03, 0xF7, 0xFF, 0xFF, 0xFB, 0xFF, 0xFF, 0xFF, 0xFC, 0xEF, 0xFF, 0xFF,
    0xFD, 0xFF, 0xFF, 0xF8, 0x7D, 0xEE, 0xEE, 0xEE, 0xFF, 0xBF, 0xFF, 0xFF, 0xFF, 0xFF, 0xFF, 0xFF,
    0xFF, 0xFF, 0xFF, 0xFF, 0xFF, 0xFF, 0xFB, 0xFF, 0xF3, 0xF7, 0xF0, 0x00, 0x1F, 0xC3, 0xC4, 0x02,
    0x40, 0x92, 0x00, 0x02, 0x55, 0x24, 0x40, 0x25, 0x55, 0x54, 0xA4, 0x25, 0xFD, 0xDB, 0xB5, 0xAF,
    0x6D, 0xDB, 0x5B, 0xAB, 0x6F, 0x7B, 0x5D, 0xEB, 0x6D, 0xAB, 0x6F, 0x60, 0x00, 0x04, 0x20, 0x04,
    0x10, 0x40, 0x00, 0x11, 0x04, 0x00, 0x01, 0x35, 0xFE, 0xFF, 0xFF, 0xFF, 0xC1, 0xC7, 0xFF, 0xFF,
    0xFF, 0xF9, 0x1E, 0xFF, 0xFE, 0xDF, 0x03, 0xF5, 0xFD, 0xFF, 0xDE, 0xFF, 0xEF, 0xFF, 0xF8, 0x3F,
    0xF5, 0x6F, 0xFF, 0xFF, 0xEF, 0xBF, 0xDF, 0xF4, 0xB7, 0xBF, 0xFB, 0xFB, 0xFF, 0x3F, 0xFF, 0xFF,
    0xFF, 0xFF, 0xFF, 0xFF, 0xFF, 0xFF, 0xFF, 0xFF, 0xFF, 0xFF, 0xFB, 0xFF, 0xE7, 0xFF, 0xF8, 0x00,
    0x3F, 0xC9, 0xC0, 0x48, 0x08, 0x00, 0x42, 0x00, 0x80, 0x00, 0x11, 0x0A, 0x95, 0x55, 0x12, 0x80,
    0x2F, 0x7D, 0xDE, 0xF5, 0xBB, 0x76, 0xEE, 0xB5, 0x75, 0xAD, 0xEB, 0x5D, 0xB6, 0xBD, 0xB5, 0xD0,
    0x00, 0x40, 0x00, 0x00, 0x40, 0x04, 0x80, 0x80, 0x10, 0x08, 0x00, 0x39, 0xFB, 0xFF, 0xFF, 0xFF,
    0xD3, 0xC7, 0xDB, 0xFF, 0xFE, 0xFA, 0x3F, 0xD9, 0x7F, 0xFE, 0x57, 0xDB, 0xFE, 0xFF, 0xAE, 0x7F,
    0xFF, 0xFF, 0xF2, 0xBF, 0xFE, 0xE7, 0xBF, 0xEE, 0xFF, 0xFD, 0xFF, 0xF8, 0x7F, 0xF6, 0xDF, 0xBF,
    0xB7, 0xBF, 0xFF, 0xFF, 0xFF, 0xFF, 0xFF, 0xFF, 0xFF, 0xFF, 0xFF, 0xFF, 0xFF, 0xFF, 0xFB, 0xFF,
    0xF3, 0xFF, 0xBC, 0x55, 0x7F, 0xA3, 0xC0, 0x00, 0x21, 0x00, 0x08, 0x48, 0x2A, 0x92, 0x00, 0x54,
    0xAA, 0xAA, 0x48, 0x04, 0x95, 0xEE, 0xB5, 0xAE, 0xD6, 0xDD, 0xB5, 0xDA, 0x9B, 0x76, 0xBD, 0xB6,
    0xDA, 0xD6, 0xDA, 0xC0, 0x01, 0x00, 0x04, 0x00, 0x01, 0x00, 0x04, 0x00, 0x40, 0x40, 0x88, 0x3B,
    0xEF, 0xFF, 0xFF, 0xFF, 0xC1, 0xCB, 0xFF, 0xFF, 0xFB, 0xEE, 0xFB, 0xF0, 0x1F, 0xFF, 0xFB, 0xFF,
    0xFB, 0xEF, 0x88, 0xEF, 0xFF, 0xFF, 0xF3, 0xDF, 0xFB, 0x6F, 0xFD, 0xFF, 0xFF, 0xFF, 0xFB, 0xF8,
    0xFD, 0xBF, 0xFE, 0xEF, 0xFF, 0xBF, 0xFF, 0xFF, 0xFF, 0xFF, 0xFF, 0xFF, 0xFF, 0xFF, 0xFF, 0xFF,
    0xFF, 0xFF, 0xFB, 0xDD, 0xF7, 0xDF, 0xFF, 0x7F, 0xFD, 0xC1, 0xC4, 0x82, 0x00, 0x24, 0x80, 0x01,
    0x40, 0x00, 0x44, 0x8A, 0xAA, 0x55, 0x22, 0x40, 0x02, 0xFB, 0xEF, 0x75, 0xBB, 0x6B, 0x6E, 0xEF,
    0xEA, 0xDB, 0xD6, 0xDB, 0x6E, 0xB5, 0xB7, 0xD0, 0x00, 0x00, 0x80, 0x91, 0x00, 0x10, 0x10, 0x08,
    0x00, 0x00, 0x00, 0x79, 0xFF, 0xFB, 0xFF, 0xFB, 0xC3, 0xC7, 0xFF, 0xB7, 0xDF, 0xFD, 0xBF, 0xE2,
    0x9B, 0xFE, 0xBF, 0x7C, 0x51, 0xFF, 0x45, 0x7E, 0xFF, 0xFB, 0xFB, 0xEF, 0xBC, 0x8F, 0xFF, 0xFF,
    0xFF, 0xF7, 0xDF, 0xF0, 0x6F, 0xF6, 0xDB, 0xFD, 0xDD, 0xBF, 0xFF, 0xFF, 0xFF, 0xFF, 0xFF, 0xFF,
    0xFF, 0xFF, 0xFF, 0xFF, 0xFF, 0xFF, 0xFB, 0x7F, 0xE3, 0xFF, 0xFF, 0xFF, 0xFF, 0xC3, 0xC0, 0x10,
    0x88, 0x00, 0x12, 0x20, 0x15, 0x44, 0x02, 0x45, 0x55, 0x52, 0x91, 0x15, 0x20, 0x17, 0xBA, 0xDE,
    0xED, 0xBD, 0xB7, 0x5A, 0xAD, 0x56, 0xBB, 0x6D, 0xB6, 0xDE, 0xDA, 0xC1, 0x10, 0x00, 0x00, 0x00,
    0x08, 0x00, 0x40, 0x21, 0x01, 0x00, 0x02, 0x39, 0xFF, 0xFF, 0xBF, 0x7F, 0xD1, 0xC7, 0x7B, 0xEF,
    0x7F, 0xF1, 0xDE, 0xD7, 0xCF, 0xB6, 0x73, 0xFF, 0x0F, 0xBD, 0xFF, 0xFF, 0xFF, 0xBF, 0xDB, 0xDB,
    0xFF, 0x7F, 0xFF, 0xFF, 0xFD, 0xDF, 0x7F, 0xF8, 0xBB, 0x5F, 0xFF, 0xB7, 0x7F, 0x3F, 0xFF, 0xFF,
    0xFF, 0xFF, 0xFF, 0xFF, 0xFF, 0xFF, 0xFF, 0xFF, 0xFF, 0xFF, 0xFB, 0xFF, 0xF7, 0xFF, 0xFF, 0xD7,
    0xFF, 0xC9, 0xC0, 0x40, 0x01, 0x02, 0x00, 0x04, 0x40, 0x10, 0x91, 0x2A, 0xAA, 0xAA, 0xA4, 0x00,
    0x0A, 0x0A, 0xFF, 0xB5, 0xB6, 0xD6, 0xDA, 0xEE, 0xF7, 0x5A, 0xD6, 0xDB, 0x6A, 0xB5, 0x6D, 0xC8,
    0x00, 0x00, 0x12, 0x00, 0x00, 0x84, 0x00, 0x80, 0x04, 0x04, 0x40, 0x39, 0xFF, 0xFF, 0xFD, 0xFF,
    0xC3, 0xC7, 0xEF, 0xE7, 0xFF, 0xFD, 0xCF, 0xDF, 0xF7, 0xFF, 0x3B, 0xF7, 0xEF, 0xFF, 0xED, 0xFF,
    0xFD, 0xFF, 0xF8, 0x03, 0xFF, 0xF7, 0xF7, 0xFF, 0xDF, 0xFF, 0xFF, 0xF8, 0x7F, 0xFB, 0x6E, 0xFF,
    0xF7, 0xBF, 0xFF, 0xFF, 0xFF, 0xFF, 0xFF, 0xFF, 0xFF, 0xFF, 0xFF, 0xFF, 0xFF, 0xFF, 0xFB, 0xFF,
    0xF3, 0xFE, 0xFE, 0x81, 0x7F, 0xA3, 0xC4, 0x04, 0x40, 0x20, 0x41, 0x10, 0x15, 0x40, 0x0C, 0x04,
    0xAA, 0xAA, 0x89, 0x20, 0x80, 0x40, 0x57, 0xEE, 0xDB, 0xBB, 0x6F, 0x5B, 0x5A, 0xEB, 0x6D, 0xB6,
    0xDE, 0xDB, 0xB7, 0x40, 0x00, 0x04, 0x40, 0x08, 0x82, 0x00, 0x00, 0x00, 0x10, 0x10, 0x00, 0x3B,
    0xFF, 0xDF, 0xFF, 0xFF, 0xC1, 0xC7, 0xFF, 0x6F, 0xBF, 0x6D, 0xDF, 0xDF, 0xEF, 0xFD, 0xF3, 0xDF,
    0xFE, 0xFF, 0xD8, 0xF7, 0xDF, 0xFF, 0xF2, 0xAB, 0xFD, 0x4F, 0xBF, 0xDD, 0xFF, 0xFF, 0xFB, 0xF8,
    0xF6, 0xDF, 0xFB, 0xEF, 0xFF, 0xBF, 0xFF, 0xFF, 0xFF, 0xFF, 0xFF, 0xFF, 0xFF, 0xFF, 0xFF, 0xFF,
    0xFF, 0xFF, 0xF9, 0xEF, 0xE7, 0xF7, 0xFE, 0x00, 0xFB, 0xC1, 0xC1, 0x10, 0x08, 0x84, 0x10, 0x41,
    0x20, 0x09, 0x29, 0x52, 0x95, 0x55, 0x50, 0x04, 0x21, 0x12, 0x0A, 0xFB, 0x6D, 0x6D, 0xBA, 0xED,
    0xEF, 0xBD, 0x56, 0xED, 0xB5, 0x6D, 0x6B, 0xA0, 0x00, 0x00, 0x00, 0x20, 0x10, 0x10, 0x88, 0x00,
    0x80, 0x00, 0x08, 0x79, 0xEF, 0xFE, 0x7F, 0xFD, 0xD3, 0xC7, 0xBF, 0xE0, 0x7D, 0xFB, 0x1E, 0xDF,
    0xF7, 0xFF, 0x25, 0xFE, 0xFF, 0xF7, 0xB3, 0x7F, 0x7F, 0xFF, 0xFF, 0xFF, 0xFC, 0x07, 0xFF, 0xFF,
    0xFE, 0xFB, 0xEF, 0xF8, 0x7F, 0xF6, 0xDF, 0xBD, 0xBD, 0xBF, 0xFF, 0xFF, 0xFF, 0xFF, 0xFF, 0xFF,
    0xFF, 0xFF, 0xFF, 0xFF, 0xFF, 0xFF, 0xFB, 0xFE, 0xF3, 0xDF, 0xF4, 0x00, 0x3F, 0xC3, 0xC0, 0x01,
    0x00, 0x00, 0x04, 0x00, 0x0A, 0xA0, 0x04, 0x25, 0x55, 0x55, 0x4A, 0x81, 0x08, 0x00, 0x44, 0xBF,
    0xF7, 0xB6, 0xEB, 0x76, 0xB5, 0x6B, 0xB5, 0x37, 0x6D, 0xB6, 0xDD, 0x80, 0x01, 0x00, 0x00, 0x00,
    0x00, 0x00, 0x00, 0x84, 0x00, 0x00, 0x80, 0x31, 0xFE, 0xFE, 0x2F, 0xF7, 0xC1, 0xC7, 0xFD, 0xE5,
    0x3F, 0xFC, 0x77, 0xEF, 0x7F, 0xBE, 0x8F, 0xFB, 0xD9, 0xFF, 0xD7, 0x7F, 0xFF, 0xFE, 0xFF, 0xFF,
    0xD9, 0xFF, 0xFF, 0xFF, 0xFB, 0xDF, 0xBF, 0xF4, 0xB6, 0xBF, 0xFE, 0xFF, 0xEF, 0x3F, 0xFF, 0xFF,
    0xFF, 0xFF, 0xFF, 0xFF, 0xFF, 0xFF, 0xFF, 0xFF, 0xFF, 0xFF, 0xFB, 0xFF, 0xF7, 0xFF, 0xFC, 0x08,
    0x3F, 0xC9, 0xC4, 0x44, 0x22, 0x10, 0x80, 0x08, 0x08, 0x09, 0x43, 0x09, 0x54, 0xAA, 0x50, 0x10,
    0x01, 0x54, 0x10, 0x0B, 0xBD, 0x6D, 0xB6, 0xDB, 0x5B, 0xB6, 0xDA, 0xD5, 0xB5, 0x5B, 0x6B, 0xA0,
    0x04, 0x00, 0x04, 0x82, 0x42, 0x22, 0x02, 0x00, 0x00, 0x84, 0x02, 0x3B, 0xFF, 0xFE, 0x05, 0xFF,
    0xD1, 0xC7, 0xF7, 0xFF, 0xBF, 0xFB, 0x5F, 0xD5, 0x47, 0xFB, 0xEF, 0x7C, 0x01, 0xDE, 0xCA, 0xFF,
    0xFF, 0xFB, 0xF0, 0x0F, 0xFD, 0xF7, 0xFF, 0x7F, 0xEF, 0xFF, 0xFF, 0xF8, 0x7F, 0xF5, 0xB7, 0xEE,
    0xFF, 0xBF, 0xFF, 0xFF, 0xFF, 0xFF, 0xFF, 0xFF, 0xFF, 0xFF, 0xFF, 0xFF, 0xFF, 0xFF, 0xFB, 0xDB,
    0xE3, 0xFF, 0xF8, 0xF6, 0x1F, 0xA3, 0xC0, 0x00, 0x00, 0x40, 0x11, 0x21, 0x42, 0xA2, 0x12, 0x42,
    0x53, 0x55, 0x4A, 0x44, 0x90, 0x01, 0x42, 0x84, 0xDF, 0xDB, 0x5D, 0xAD, 0xED, 0x5B, 0x6F, 0x6A,
    0xDD, 0xED, 0xBD, 0x81, 0x10, 0x11, 0x20, 0x00, 0x08, 0x00, 0x20, 0x00, 0x10, 0x10, 0x10, 0x39,
    0xFF, 0xFF, 0xE2, 0xFF, 0xC3, 0xC7, 0x7F, 0xF5, 0xF7, 0xEF, 0xDF, 0xC0, 0x27, 0xFF, 0xFB, 0xF4,
    0xA9, 0xFF, 0xEE, 0xF7, 0xFF, 0xEF, 0xF9, 0x5F, 0xFD, 0xBF, 0xFD, 0xFF, 0x7F, 0xFD, 0xFF, 0xF8,
    0xF6, 0xDF, 0xFF, 0x7B, 0xDD, 0xBF, 0xFF, 0xFF, 0xFF, 0xFF, 0xFF, 0xFF, 0xFF, 0xFF, 0xFF, 0xFF,
    0xFF, 0xFF, 0xFB, 0xFF, 0xF7, 0xFF, 0xD9, 0xFF, 0x9F, 0xC1, 0xC1, 0x10, 0x88, 0x02, 0x00, 0x00,
    0x08, 0x08, 0x01, 0x29, 0x54, 0xA9, 0x20, 0x00, 0x05, 0x20, 0x08, 0x20, 0x2B, 0xFD, 0xEB, 0x76,
    0xB7, 0xED, 0xB5, 0xBD, 0x2A, 0xB6, 0xD7, 0x44, 0x00, 0x00, 0x00, 0x08, 0x00, 0x00, 0x00, 0x11,
    0x02, 0x00, 0x00, 0x7A, 0xEF, 0xFF, 0x78, 0x2F, 0xC1, 0xC7, 0xFF, 0x70, 0xFF, 0xB1, 0xDE, 0xD6,
    0xAF, 0xBE, 0x73, 0xFF, 0xFE, 0xFB, 0xFF, 0xFF, 0xFE, 0xFF, 0xFF, 0xDF, 0x7C, 0x87, 0xDF, 0xFB,
    0xFF, 0xDF, 0xF6, 0xF0, 0x5F, 0xFE, 0xDB, 0xFF, 0xFF, 0xBF, 0xFF, 0xFF, 0xFF, 0xFF, 0xFF, 0xFF,
    0xFF, 0xFF, 0xFF, 0xFF, 0xFF, 0xFF, 0xF9, 0xFF, 0xF3, 0xFF, 0x7B, 0xFF, 0xDF, 0xC3, 0xC4, 0x02,
    0x01, 0x08, 0x44, 0x44, 0x02, 0xA4, 0x84, 0x80, 0xAA, 0xA5, 0x55, 0x25, 0x20, 0x12, 0x41, 0x09,
    0x15, 0x6F, 0x5D, 0xAD, 0xDA, 0xB6, 0xDD, 0xD6, 0xD5, 0x5B, 0x6B, 0x80, 0x00, 0x00, 0x00, 0x20,
    0x80, 0x90, 0x84, 0x00, 0x00, 0x00, 0x00, 0x39, 0xFF, 0xDF, 0xF8, 0x09, 0xD3, 0xC7, 0xDD, 0xE7,
    0x3F, 0xF8, 0xDF, 0xDF, 0xEF, 0xF8, 0x8B, 0xBD, 0xFF, 0xEF, 0xFF, 0xFE, 0xE4, 0x3F, 0xFF, 0xDF,
    0xFC, 0xD7, 0xFF, 0xFF, 0xFF, 0x7F, 0xBF, 0xF8, 0xFB, 0x6F, 0xFF, 0x6E, 0xF7, 0x3F, 0xFF, 0xFF,
    0xFF, 0xFF, 0xFF, 0xFF, 0xFF, 0xFF, 0xFF, 0xFF, 0xFF, 0xFF, 0xFB, 0xDF, 0xE7, 0xEF, 0xF9, 0xFF,
    0x9F, 0xA3, 0xC0, 0x20, 0x00, 0x00, 0x00, 0x00, 0x90, 0x10, 0x20, 0xAA, 0x4A, 0xAA, 0x88, 0x00,
    0x04, 0x80, 0x14, 0x40, 0x40, 0xBD, 0xF6, 0xF6, 0xB6, 0xDB, 0x6B, 0x6B, 0xB5, 0xED, 0xBD, 0x00,
    0x00, 0x00, 0x02, 0x00, 0x12, 0x00, 0x00, 0x40, 0x40, 0x01, 0x22, 0x39, 0xFF, 0x7E, 0x40, 0x20,
    0xC1, 0xC7, 0x7F, 0xF7, 0xBE, 0xFE, 0x2F, 0xFF, 0xFE, 0xFE, 0x27, 0xFF, 0xFF, 0xFF, 0xBF, 0xBB,
    0xED, 0xBF, 0xF2, 0x4F, 0xFA, 0xFF, 0xFF, 0xFF, 0xFB, 0xFE, 0xFF, 0xF8, 0x7F, 0xDB, 0x77, 0xFB,
    0xDF, 0xBF, 0xFF, 0xFF, 0xFF, 0xFF, 0xFF, 0xFF, 0xFF, 0xFF, 0xFF, 0xFF, 0xFF, 0xFF, 0xFB, 0xFB,
    0xF3, 0xFF, 0xF8, 0xAD, 0x1F, 0xC9, 0xC0, 0x80, 0x48, 0x40, 0x11, 0x08, 0x02, 0xA1, 0x00, 0x41,
    0x2A, 0xAA, 0x64, 0x90, 0x90, 0x49, 0x40, 0x09, 0x04, 0x07, 0xFF, 0x5B, 0xDB, 0x6D, 0xB6, 0xBD,
    0x6E, 0xB6, 0xD7, 0x90, 0x00, 0x04, 0x90, 0x00, 0x00, 0x02, 0x00, 0x02, 0x00, 0x90, 0x00, 0x3B,
    0xFF, 0xFE, 0x01, 0x79, 0xD3, 0xC7, 0xFF, 0xDF, 0xBF, 0xF3, 0x9F, 0xFF, 0xFF, 0xFF, 0xFD, 0xEF,
    0xBB, 0xBF, 0xFB, 0xFF, 0xD9, 0xBF, 0xD9, 0x3F, 0xFD, 0xF7, 0xFF, 0xDF, 0xBF, 0xFB, 0xFF, 0xF8,
    0xB5, 0x7F, 0xDD, 0xDF, 0xFF, 0x3F, 0xFF, 0xFF, 0xFF, 0xFF, 0xFF, 0xFF, 0xFF, 0xFF, 0xFF, 0xFF,
    0xFF, 0xFF, 0xFB, 0xFF, 0xF7, 0xFF, 0xFC, 0x10, 0x3F, 0xC3, 0xC4, 0x04, 0x01, 0x04, 0x80, 0x20,
    0x88, 0x04, 0x48, 0x28, 0x2A, 0xA9, 0x12, 0x04, 0x02, 0x00, 0x04, 0x80, 0x20, 0x10, 0x57, 0xED,
    0x6D, 0xB6, 0xDB, 0xD6, 0xDB, 0x5A, 0xB6, 0x40, 0x00, 0x10, 0x00, 0x04, 0x80, 0x00, 0x11, 0x08,
    0x08, 0x00, 0x00, 0x79, 0xFD, 0xFF, 0x07, 0xFD, 0xC1, 0xC7, 0xF7, 0x6E, 0xBF, 0xF7, 0xDE, 0xFF,
    0xFB, 0xEE, 0xF7, 0xFF, 0x7D, 0xFD, 0xEF, 0xFF, 0xF3, 0x7F, 0xFB, 0xFF, 0xFD, 0x57, 0xBB, 0xFD,
    0xFF, 0xEF, 0xF7, 0xF8, 0x7F, 0xED, 0xFF, 0x76, 0x77, 0xBF, 0xFF, 0xFF, 0xFF, 0xFF, 0xFF, 0xFF,
    0xFF, 0xFF, 0xFF, 0xFF, 0xFF, 0xFF, 0xFB, 0x6F, 0xE3, 0xFF, 0xFC, 0x00, 0x3F, 0xA1, 0xC0, 0x10,
    0x00, 0x00, 0x04, 0x00, 0x01, 0x40, 0x02, 0x25, 0x12, 0xA5, 0x48, 0x90, 0x90, 0xA5, 0x20, 0x2A,
    0x02, 0x41, 0x1B, 0x7E, 0xB6, 0xDB, 0x6D, 0x5B, 0x6D, 0xED, 0xDB, 0x00, 0x10, 0x80, 0x00, 0x90,
    0x00, 0x40, 0x00, 0x00, 0x20, 0x01, 0x08, 0x39, 0xF7, 0xFE, 0x3F, 0xFF, 0xD1, 0xC7, 0xDF, 0xF0,
    0x7B, 0xDF, 0xFF, 0xF6, 0xEF, 0xFF, 0x0B, 0xBD, 0xBD, 0xFF, 0xCE, 0xDF, 0xEF, 0xBF, 0xFF, 0xBF,
    0x78, 0x0F, 0xFF, 0xFF, 0xF7, 0x7F, 0xFF, 0xF8, 0xEE, 0xFF, 0x6F, 0x80, 0x5F, 0xBF, 0xFF, 0xFF,
    0xFF, 0xFF, 0xFF, 0xFF, 0xFF, 0xFF, 0xFF, 0xFF, 0xFF, 0xFF, 0xFB, 0xFF, 0xF7, 0xDD, 0xDE, 0x00,
    0xFD, 0xC3, 0xC1, 0x00, 0x90, 0x20, 0x20, 0x84, 0x40, 0x12, 0x90, 0x10, 0x8A, 0x55, 0x52, 0x02,
    0x02, 0x00, 0x09, 0x00, 0x90, 0x04, 0x05, 0xB7, 0xDB, 0x6D, 0xB6, 0xED, 0xB6, 0xAB, 0x6E, 0x80,
    0x00, 0x00, 0x00, 0x00, 0x12, 0x08, 0x80, 0x00, 0x01, 0x04, 0x00, 0x39, 0xFF, 0xFE, 0xBF, 0xFF,
    0xC3, 0xCB, 0x7E, 0x75, 0xFF, 0x78, 0x9B, 0xFD, 0xFF, 0xFE, 0x53, 0xFF, 0xBC, 0xEF, 0xAE, 0x7D,
    0xFF, 0xFF, 0x7A, 0x5F, 0xFD, 0xEF, 0xFF, 0xEF, 0xFF, 0xFF, 0xBF, 0xF8, 0x7B, 0xB5, 0xFB, 0x5E,
    0xFD, 0x3F, 0xFF, 0xFF, 0xFF, 0xFF, 0xFF, 0xFF, 0xFF, 0xFF, 0xFF, 0xFF, 0xFF, 0xFF, 0xFB, 0xFF,
    0xE7, 0xFF, 0xFF, 0x01, 0x7F, 0xC9, 0xC4, 0x02, 0x02, 0x04, 0x80, 0x10, 0x08, 0x00, 0x00, 0x8A,
    0x49, 0x55, 0x24, 0x88, 0x48, 0x49, 0x40, 0x84, 0x00, 0x90, 0x40, 0x5D, 0xF6, 0xD6, 0xDB, 0x56,
    0xDB, 0x76, 0xB6, 0x00, 0x80, 0x00, 0x22, 0x00, 0x80, 0x00, 0x08, 0x41, 0x00, 0x10, 0x00, 0x75,
    0xFF, 0xF6, 0xEF, 0xFF, 0xC1, 0xC7, 0xFE, 0xFF, 0xBF, 0xB2, 0x0F, 0xDD, 0xFF, 0x7A, 0x77, 0xF6,
    0x95, 0xFF, 0xD6, 0x7F, 0xF4, 0xBF, 0xF6, 0x5F, 0xFF, 0xF7, 0xFE, 0xFF, 0xDF, 0xFE, 0xFB, 0xF4,
    0x6F, 0xFF, 0xBF, 0xFF, 0xBF, 0xBF, 0xFF, 0xFF, 0xFF, 0xFF, 0xFF, 0xFF, 0xFF, 0xFF, 0xFF, 0xFF,
    0xFF, 0xFF, 0xFB, 0xDE, 0xF3, 0xFF, 0xFF, 0xEF, 0xFF, 0xC3, 0xC0, 0x48, 0x00, 0x00, 0x04, 0x01,
    0x01, 0x2A, 0x48, 0x08, 0x25, 0x54, 0x92, 0x20, 0x01, 0x02, 0x14, 0x20, 0x08, 0x00, 0x00, 0x06,
    0xDF, 0x7B, 0x6D, 0xBB, 0x6D, 0xAD, 0xDF, 0x00, 0x00, 0x00, 0x80, 0x04, 0x00, 0x20, 0x00, 0x08,
    0x04, 0x00, 0x22, 0x39, 0xFF, 0xFE, 0x1F, 0xDF, 0xD3, 0xC7, 0xFB, 0x57, 0x77, 0xBB, 0xDF, 0xFD,
    0xEF, 0xEF, 0xFE, 0xF9, 0x0D, 0xFD, 0xEE, 0xFF, 0xE0, 0x3F, 0xFA, 0xEF, 0xFF, 0x6F, 0x6F, 0xFF,
    0x7F, 0x77, 0xFF, 0xF8, 0xBD, 0xB6, 0xED, 0xB7, 0xF7, 0xBF, 0xFF, 0xFF, 0xFF, 0xFF, 0xFF, 0xFF,
    0xFF, 0xFF, 0xFF, 0xFF, 0xFF, 0xFF, 0xF9, 0xFF, 0xF7, 0xFF, 0xFF, 0xFD, 0x3F, 0xC3, 0xC0, 0x00,
    0x20, 0x90, 0x10, 0x80, 0x20, 0x00, 0x02, 0x25, 0x01, 0x4A, 0xA8, 0x82, 0x90, 0x28, 0x41, 0x09,
    0x22, 0x42, 0x12, 0x20, 0x7D, 0xDD, 0xB6, 0xD5, 0xB6, 0xDB, 0x6A, 0x40, 0x00, 0x02, 0x00, 0x20,
    0x08, 0x81, 0x01, 0x00, 0x20, 0x00, 0x00, 0x3B, 0xFF, 0xBE, 0x3E, 0xFF, 0xC1, 0xC7, 0xDF, 0x21,
    0x3F, 0xFF, 0xFF, 0xFC, 0x57, 0xFE, 0x7B, 0xDF, 0x7D, 0xDF, 0xA0, 0xFE, 0xEF, 0xBD, 0xF4, 0x9F,
    0x6C, 0x0F, 0xFF, 0xFB, 0xFD, 0xFF, 0xFF, 0xF8, 0x7F, 0xFF, 0xFF, 0x5E, 0xFF, 0x3F, 0xFF, 0xFF,
    0xFF, 0xFF, 0xFF, 0xFF, 0xFF, 0xFF, 0xFF, 0xFF, 0xFF, 0xFF, 0xFB, 0xFB, 0xE3, 0xFB, 0xFB, 0xFE,
    0x1F, 0xA1, 0xC4, 0x00, 0x04, 0x02, 0x40, 0x10, 0x84, 0x09, 0x20, 0x02, 0xAA, 0x2A, 0x85, 0x10,
    0x04, 0x81, 0x04, 0x40, 0x00, 0x08, 0x40, 0x80, 0x07, 0xF6, 0xDB, 0x6E, 0xDB, 0x6D, 0x5D, 0x04,
    0x02, 0x10, 0x00, 0x80, 0x20, 0x00, 0x20, 0x00, 0x00, 0x40, 0x80, 0x39, 0xEE, 0xFE, 0x7F, 0xFF,
    0xC3, 0xC7, 0x7F, 0x95, 0x3E, 0xFA, 0xAF, 0xF8, 0x87, 0x7E, 0x03, 0xFF, 0xBD, 0x7F, 0xFB, 0xFB,
    0xFF, 0xBF, 0xFB, 0xFF, 0xFD, 0x57, 0xFF, 0xBF, 0xFF, 0xFF, 0xDB, 0xF8, 0xEB, 0x6D, 0xB7, 0xA3,
    0xB7, 0xBF, 0xFF, 0xFF, 0xFF, 0xFF, 0xFF, 0xFF, 0xFF, 0xFF, 0xFF, 0xFF, 0xFF, 0xFF, 0xFB, 0xDF,
    0xF7, 0xBF, 0xBF, 0xFF, 0xBF, 0xCB, 0xC1, 0x22, 0x00, 0x00, 0x02, 0x04, 0x00, 0x82, 0x09, 0x01,
    0x08, 0xAA, 0x52, 0x42, 0x41, 0x04, 0x20, 0x08, 0x88, 0x80, 0x02, 0x01, 0x00, 0xBF, 0xED, 0xB5,
    0x6D, 0x56, 0xEE, 0x00, 0x08, 0x00, 0x08, 0x01, 0x00, 0x04, 0x04, 0x02, 0x01, 0x04, 0x04, 0x79,
    0xFF, 0xFF, 0x1F, 0xDF, 0xD1, 0xC7, 0xFF, 0xEF, 0xBF, 0xE8, 0x1E, 0xEE, 0xEF, 0xFE, 0x93, 0xFF,
    0x7D, 0xFD, 0xFF, 0x7F, 0xF5, 0x3F, 0xFF, 0xFF, 0xFB, 0xB7, 0xFD, 0xFF, 0xF7, 0xFB, 0x7F, 0xF0,
    0x7F, 0xFF, 0xFD, 0xF8, 0xFF, 0xBF, 0xFF, 0xFF, 0xFF, 0xFF, 0xFF, 0xFF, 0xFF, 0xFF, 0xFF, 0xFF,
    0xFF, 0xFF, 0xFB, 0xFF, 0xF3, 0xFF, 0xFF, 0xFF, 0x9F, 0xC1, 0xC0, 0x00, 0x41, 0x10, 0x00, 0x40,
    0x10, 0x08, 0x80, 0x48, 0xA5, 0x05, 0x54, 0x08, 0x14, 0x20, 0x89, 0x20, 0x02, 0x01, 0x10, 0x00,
    0x08, 0x2B, 0x7A, 0xDF, 0xB5, 0xFB, 0x5A, 0x00, 0x00, 0x00, 0x00, 0x04, 0x00, 0x10, 0x00, 0x48,
    0x10, 0x00, 0x00, 0x39, 0xFF, 0xFF, 0x00, 0x1F, 0xC3, 0xC7, 0xF6, 0xFE, 0xFB, 0xF3, 0xAF, 0xFF,
    0xFF, 0xF7, 0x7F, 0xEF, 0xBF, 0xFE, 0x94, 0xFF, 0xE4, 0x7F, 0xDF, 0xFF, 0xFD, 0x4F, 0xBF, 0xFF,
    0x7F, 0xDF, 0xFF, 0xF8, 0xBB, 0x6E, 0xDF, 0xEF, 0x5B, 0x3F, 0xFF, 0xFF, 0xFF, 0xFF, 0xFF, 0xFF,
    0xFF, 0xFF, 0xFF, 0xFF, 0xFF, 0xFF, 0xFB, 0xFF, 0xE7, 0xFF, 0xFF, 0xDF, 0x1F, 0xA3, 0xC4, 0x08,
    0x08, 0x01, 0x10, 0x01, 0x02, 0x20, 0x29, 0x01, 0x02, 0x22, 0x22, 0xA1, 0x00, 0x88, 0x20, 0x02,
    0x48, 0x24, 0x00, 0x08, 0x20, 0x05, 0xDF, 0xAA, 0xD6, 0x95, 0xBC, 0x80, 0x40, 0x00, 0x40, 0x00,
    0x04, 0x80, 0x40, 0x00, 0x00, 0x00, 0x20, 0x3B, 0xFF, 0xFE, 0x00, 0x2F, 0xC1, 0xC7, 0xBF, 0xFB,
    0xFF, 0xBB, 0xFF, 0xFC, 0x6F, 0xDF, 0xFB, 0x7D, 0xFE, 0xEC, 0x42, 0x7F, 0xB5, 0xBF, 0xFF, 0xEE,
    0xFD, 0xCE, 0xFF, 0xF7, 0xFF, 0x7F, 0xFF, 0xF8, 0x7F, 0xFB, 0xF6, 0xFF, 0xFF, 0xBF, 0xFF, 0xFF,
    0xFF, 0xFF, 0xFF, 0xFF, 0xFF, 0xFF, 0xFF, 0xFF, 0xFF, 0xFF, 0xFB, 0x77, 0xF3, 0xFE, 0xBF, 0xFF,
    0xBF, 0xC3, 0xC0, 0x80, 0x00, 0x04, 0x02, 0x24, 0x20, 0x02, 0x80, 0x10, 0x50, 0x90, 0x94, 0x04,
    0x24, 0x22, 0x82, 0x08, 0x00, 0x00, 0x44, 0x20, 0x00, 0x80, 0x2F, 0xFD, 0x5B, 0x6E, 0xD4, 0x00,
    0x00, 0x08, 0x02, 0x40, 0x20, 0x00, 0x01, 0x00, 0x40, 0x21, 0x00, 0x79, 0xDF, 0xF7, 0x00, 0x1F,
    0xD3, 0xC7, 0xFF, 0xDF, 0xEE, 0xF7, 0xDF, 0xBD, 0xE6, 0xFE, 0x03, 0xFF, 0xF7, 0xFE, 0xFE, 0xF6,
    0xF7, 0xFE, 0xFF, 0x7F, 0xEE, 0xFB, 0xFF, 0x7F, 0xF7, 0xFF, 0xDB, 0xF8, 0xED, 0xBF, 0xBF, 0xAA,
    0xBF, 0x3F, 0xFF, 0xFF, 0xFF, 0xFF, 0xFF, 0xFF, 0xFF, 0xFF, 0xFF, 0xFF, 0xFF, 0xFF, 0xFB, 0xFF,
    0xE7, 0xEF, 0x55, 0x6B, 0x1F, 0xC9, 0xC0, 0x02, 0x41, 0x20, 0x20, 0x00, 0x00, 0x80, 0x12, 0x42,
    0x24, 0x4A, 0x41, 0x40, 0x82, 0x80, 0x00, 0x40, 0x42, 0x41, 0x00, 0x80, 0x00, 0x00, 0x12, 0xF7,
    0xED, 0xB5, 0x6D, 0x04, 0x00, 0x20, 0x08, 0x01, 0x00, 0x01, 0x08, 0x00, 0x02, 0x04, 0x02, 0x31,
    0xFD, 0xDF, 0x2B, 0x5F, 0xC1, 0xC7, 0x7B, 0xFF, 0xFF, 0xF8, 0xAE, 0xFA, 0xEF, 0xFE, 0x57, 0xFF,
    0xFF, 0xFF, 0xF7, 0xFF, 0xFF, 0xBF, 0xFD, 0xFF, 0xFD, 0xEB, 0xF7, 0xFF, 0x7F, 0xFB, 0x7F, 0xF8,
    0x7F, 0xF6, 0xFB, 0xAA, 0x77, 0xBF, 0xFF, 0xFF, 0xFF, 0xFF, 0xFF, 0xFF, 0xFF, 0xFF, 0xFF, 0xFF,
    0xFF, 0xFF, 0xFB, 0xFF, 0xF3, 0xFF, 0x00, 0x00, 0x3D, 0xA3, 0xC2, 0x20, 0x08, 0x00, 0x00, 0x81,
    0x08, 0x10, 0x80, 0x00, 0x11, 0x00, 0x14, 0x24, 0x08, 0x10, 0x11, 0x02, 0x10, 0x08, 0x10, 0x01,
    0x02, 0x00, 0x01, 0x2F, 0x76, 0xDB, 0xBC, 0x00, 0x00, 0x80, 0x80, 0x08, 0x00, 0x24, 0x00, 0x08,
    0x00, 0x00, 0x08, 0x3B, 0xFF, 0xFF, 0xBF, 0xDF, 0xC3, 0xC7, 0xEF, 0xB7, 0xBF, 0xF0, 0x1F, 0xFE,
    0xA7, 0xFF, 0xFB, 0xDD, 0xDF, 0xBB, 0xC1, 0xFF, 0xEF, 0x7F, 0xFD, 0x7F, 0xFC, 0x65, 0xFF, 0xFD,
    0xFF, 0xEF, 0xFF, 0xF4, 0xB6, 0xDF, 0xEF, 0x95, 0x7F, 0x3F, 0xFF, 0xFF, 0xFF, 0xFF, 0xFF, 0xFF,
    0xFF, 0xFF, 0xFF, 0xFF, 0xFF, 0xFF, 0xFB, 0xB7, 0xF7, 0xFF, 0x00, 0x00, 0x1F, 0xC1, 0xC0, 0x00,
    0x00, 0x02, 0x08, 0x10, 0x22, 0x02, 0x25, 0x10, 0x84, 0xAA, 0x80, 0x80, 0x21, 0x02, 0x40, 0x10,
    0x40, 0x00, 0x40, 0x00, 0x10, 0x08, 0x80, 0x15, 0xDF, 0x6D, 0x54, 0x00, 0x00, 0x00, 0x00, 0x20,
    0x09, 0x00, 0x00, 0x20, 0x80, 0x10, 0x00, 0x39, 0xFF, 0xFF, 0xFF, 0xFF, 0xD1, 0xC7, 0xFF, 0xEB,
    0x4D, 0xDB, 0xDF, 0xFA, 0x4F, 0xDB, 0xFB, 0x7F, 0xFB, 0xFF, 0xCD, 0x7F, 0xC0, 0x3B, 0xF0, 0xBB,
    0xBC, 0xA7, 0xFF, 0xDF, 0xFB, 0x7F, 0xFF, 0xF8, 0x7F, 0xFF, 0xBE, 0xFF, 0xBB, 0xBF, 0xFF, 0xFF,
    0xFF, 0xFF, 0xFF, 0xFF, 0xFF, 0xFF, 0xFF, 0xFF, 0xFF, 0xFF, 0xF9, 0xFF, 0xE3, 0xFF, 0x80, 0x00,
    0x3F, 0xC3, 0xC0, 0x89, 0x20, 0x88, 0x40, 0x42, 0x00, 0x40, 0x00, 0x42, 0x10, 0x10, 0x24, 0x02,
    0x04, 0x20, 0x04, 0x01, 0x04, 0x92, 0x00, 0x00, 0x00, 0x00, 0x00, 0x02, 0xBD, 0xF6, 0xFA, 0x10,
    0x20, 0x00, 0x00, 0x00, 0x40, 0x00, 0x20, 0x80, 0x08, 0x80, 0x00, 0x79, 0xFF, 0xFF, 0xDB, 0x5D,
    0xC3, 0xC7, 0x7E, 0xE1, 0xB7, 0xF7, 0xFD, 0xDE, 0xBF, 0x7F, 0x23, 0xFF, 0x29, 0xFF, 0x9E, 0xF7,
    0xC5, 0x7F, 0xDB, 0x5F, 0xFB, 0xAD, 0xDE, 0xFF, 0xEF, 0xFF, 0xED, 0xF8, 0xF7, 0x76, 0xFB, 0xED,
    0xFF, 0xBF, 0xFF, 0xFF, 0xFF, 0xFF, 0xFF, 0xFF, 0xFF, 0xFF, 0xFF, 0xFF, 0xFF, 0xFF, 0xFB, 0xFF,
    0xF7, 0xDE, 0x15, 0x55, 0x1F, 0xD3, 0xC4, 0x00, 0x02, 0x00, 0x02, 0x00, 0x40, 0x08, 0x29, 0x00,
    0x0A, 0xA5, 0x01, 0x10, 0x00, 0x81, 0x00, 0x88, 0x00, 0x00, 0x02, 0x24, 0x00, 0x40, 0x08, 0x40,
    0x57, 0xBB, 0xB4, 0x00, 0x00, 0x02, 0x24, 0x02, 0x00, 0x00, 0x04, 0x00, 0x00, 0x00, 0x40, 0x3B,
    0xEE, 0xFE, 0x80, 0x0F, 0xC1, 0xC7, 0xEF, 0xEA, 0xAF, 0xFA, 0xDF, 0xFF, 0xF7, 0xFE, 0x0B, 0xFB,
    0xA5, 0xEF, 0xEF, 0x7F, 0x7F, 0xFF, 0xF3, 0xEF, 0xFD, 0xA5, 0xFF, 0xFF, 0xFF, 0xFE, 0xFF, 0xF8,
    0x5F, 0xFF, 0xEF, 0xBF, 0xB7, 0x3F, 0xFF, 0xFF, 0xFF, 0xFF, 0xFF, 0xFF, 0xFF, 0xFF, 0xFF, 0xFF,
    0xFF, 0xFF, 0xFB, 0xFB, 0xE3, 0xFF, 0xBF, 0xFF, 0xBF, 0xA1, 0xC0, 0x00, 0x00, 0x00, 0x08, 0x08,
    0x09, 0x00, 0x80, 0x10, 0x84, 0x00, 0xA8, 0x00, 0x91, 0x08, 0x10, 0x00, 0x90, 0x44, 0x80, 0x00,
    0x41, 0x00, 0x20, 0x00, 0x05, 0x6F, 0xD8, 0x00, 0x81, 0x08, 0x00, 0x88, 0x00, 0x44, 0x00, 0x00,
    0x40, 0x01, 0x04, 0x39, 0xFF, 0xF7, 0x00, 0x1F, 0xD3, 0xC7, 0xFF, 0xDF, 0x37, 0x71, 0x1F, 0xEF,
    0x5F, 0xFF, 0x7F, 0xEF, 0x6E, 0xFE, 0xDE, 0xFF, 0xFF, 0xBE, 0xFB, 0xDB, 0xEC, 0x0D, 0xFF, 0xFB,
    0xBF, 0xEF, 0xFF, 0xF0, 0x7D, 0xB6, 0xFE, 0xFB, 0xFF, 0xBF, 0xFF, 0xFF, 0xFF, 0xFF, 0xFF, 0xFF,
    0xFF, 0xFF, 0xFF, 0xFF, 0xFF, 0xFF, 0xFB, 0xBF, 0xF7, 0xFF, 0xFF, 0xFF, 0xEF, 0xC3, 0xC0, 0x92,
    0x48, 0x22, 0x40, 0x21, 0x00, 0x22, 0x0A, 0x44, 0x12, 0xAA, 0x02, 0x48, 0x00, 0x00, 0x42, 0x24,
    0x02, 0x00, 0x08, 0x00, 0x04, 0x02, 0x00, 0x00, 0x00, 0xBD, 0x70, 0x00, 0x00, 0x00, 0x00, 0x00,
    0x12, 0x00, 0x80, 0x04, 0x02, 0x04, 0x00, 0x79, 0xFF, 0xFE, 0x02, 0x3F, 0xC1, 0xC7, 0x7B, 0x69,
    0x2F, 0xF9, 0x4D, 0xA0, 0x07, 0xDE, 0xFE, 0xFF, 0x95, 0xFD, 0x00, 0x7F, 0xE0, 0x3B, 0xF5, 0x4B,
    0xBF, 0xF2, 0xF7, 0xFF, 0xFF, 0x7F, 0xDF, 0xF8, 0xFF, 0xFF, 0xBB, 0xEE, 0xDB, 0xBF, 0xFF, 0xFF,
    0xFF, 0xFF, 0xFF, 0xFF, 0xFF, 0xFF, 0xFF, 0xFF, 0xFF, 0xFF, 0xFB, 0xFF, 0xE7, 0xFE, 0xFF, 0xBD,
    0xFF, 0xA3, 0xC4, 0x00, 0x00, 0x80, 0x00, 0x80, 0x00, 0x80, 0x00, 0x00, 0x01, 0x00, 0x90, 0x02,
    0x08, 0x82, 0x00, 0x00, 0x00, 0x20, 0x00, 0x40, 0x00, 0x00, 0x00, 0x88, 0x80, 0x07, 0xD4, 0x42,
    0x00, 0x00, 0x10, 0x00, 0x40, 0x00, 0x08, 0x90, 0x00, 0x10, 0x00, 0x33, 0xFF, 0xFE, 0x77, 0x3F,
    0xD2, 0xC7, 0xFF, 0xF2, 0x27, 0xDF, 0xFF, 0xC8, 0xCE, 0xFB, 0x87, 0xFF, 0xAD, 0xFC, 0xAB, 0xFB,
    0xF5, 0x7F, 0xF9, 0x13, 0xFE, 0xFF, 0xFF, 0xBF, 0xFF, 0xFD, 0xFB, 0xF8, 0x6D, 0xDD, 0xEF, 0xBF,
    0xFF, 0x3F, 0xFF, 0xFF, 0xFF, 0xFF, 0xFF, 0xFF, 0xFF, 0xFF, 0xFF, 0xFF, 0xFF, 0xFF, 0xFB, 0xEF,
    0xF3, 0xF7, 0xFB, 0xEF, 0xFF, 0xC1, 0xC0, 0x00, 0x00, 0x00, 0x02, 0x00, 0x48, 0x08, 0x24, 0x92,
    0x42, 0x54, 0x04, 0xA0, 0x40, 0x20, 0x08, 0x89, 0x21, 0x08, 0x40, 0x02, 0x10, 0x08, 0x00, 0x00,
    0x00, 0x00, 0x40, 0x00, 0x00, 0x00, 0x40, 0x48, 0x00, 0x10, 0x00, 0x00, 0x10, 0x00, 0x10, 0x39,
    0xDD, 0xEE, 0xF5, 0x9F, 0xC1, 0xC7, 0xEF, 0xF5, 0xDE, 0xFA, 0xAF, 0xFF, 0xF7, 0xFF, 0x17, 0xFD,
    0xFB, 0xEF, 0xFF, 0xEF, 0xAD, 0xBF, 0xF5, 0xF7, 0xFF, 0xFF, 0xFF, 0xFD, 0xF7, 0xFF, 0xFF, 0xF8,
    0xFF, 0x7F, 0xFE, 0xFB, 0x7F, 0xBF, 0xFF, 0xFF, 0xFF, 0xFF, 0xFF, 0xFF, 0xFF, 0xFF, 0xFF, 0xFF,
    0xFF, 0xFF, 0xF9, 0xFE, 0xE7, 0xBF, 0xFF, 0xC7, 0xFD, 0xCB, 0xC0, 0x49, 0x10, 0x09, 0x10, 0x09,
    0x02, 0x00, 0x80, 0x00, 0x08, 0x82, 0xA0, 0x09, 0x04, 0x84, 0x40, 0x20, 0x04, 0x01, 0x01, 0x00,
    0x00, 0x00, 0x04, 0x00, 0x00, 0x00, 0x00, 0x00, 0x04, 0x21, 0x01, 0x00, 0x00, 0x41, 0x00, 0x00,
    0x80, 0x80, 0x02, 0x7A, 0xFF, 0xFE, 0x63, 0x9F, 0xC3, 0xC7, 0x7E, 0xFF, 0xBB, 0xB2, 0x9F, 0xFD,
    0xEF, 0xFE, 0x7B, 0xB7, 0xAB, 0xFF, 0xFE, 0xBF, 0xFD, 0xBF, 0xDF, 0xDF, 0xFF, 0xFF, 0xDE, 0xFF,
    0xDF, 0x77, 0xBF, 0xF8, 0x6D, 0xF6, 0xDB, 0xEF, 0xED, 0xBF, 0xFF, 0xFF, 0xFF, 0xFF, 0xFF, 0xFF,
    0xFF, 0xFF, 0xFF, 0xFF, 0xFF, 0xFF, 0xFB, 0xFF, 0xF3, 0xFF, 0xFF, 0xCF, 0xEF, 0xC1, 0xC2, 0x00,
    0x02, 0x20, 0x00, 0x00, 0x00, 0x20, 0x02, 0x92, 0x00, 0x20, 0x0A, 0x40, 0x20, 0x00, 0x02, 0x00,
    0x10, 0x40, 0x00, 0x08, 0x40, 0x40, 0x90, 0x00, 0x08, 0x80, 0x00, 0x00, 0x00, 0x00, 0x00, 0x01,
    0x04, 0x00, 0x11, 0x00, 0x00, 0x00, 0x40, 0x39, 0xFF, 0xFE, 0x38, 0x0F, 0xD1, 0xCB, 0xFF, 0xD0,
    0x7F, 0xB9, 0x1E, 0xFD, 0xC7, 0xDD, 0xFB, 0xFF, 0x65, 0xBE, 0xC0, 0x7F, 0xE2, 0x3F, 0x79, 0xBF,
    0xFB, 0xDB, 0xFF, 0xFF, 0xFF, 0xFF, 0xFB, 0xF8, 0xBF, 0xDF, 0xFF, 0xBF, 0xFF, 0xBF, 0xFF, 0xFF,
    0xFF, 0xFF, 0xFF, 0xFF, 0xFF, 0xFF, 0xFF, 0xFF, 0xFF, 0xFF, 0xFB, 0xB7, 0xF7, 0xFF, 0xEF, 0xC7,
    0xBF, 0xC3, 0xC0, 0x00, 0x40, 0x00, 0x02, 0x40, 0x20, 0x82, 0x08, 0x00, 0x90, 0x89, 0x40, 0x12,
    0x04, 0x51, 0x10, 0x44, 0x81, 0x00, 0x08, 0x00, 0x00, 0x00, 0x00, 0x11, 0x00, 0x04, 0x44, 0x10,
    0x00, 0x00, 0x04, 0x04, 0x10, 0x00, 0x00, 0x04, 0x02, 0x01, 0x00, 0x39, 0xFF, 0xFF, 0x10, 0x1F,
    0xC3, 0xC7, 0xEF, 0xE6, 0xBF, 0xDB, 0xFB, 0xFE, 0x1F, 0x7F, 0xFB, 0xFF, 0xAD, 0xFF, 0xA5, 0xFD,
    0xF7, 0x7B, 0xF5, 0xCE, 0xEF, 0x7F, 0xF7, 0xF7, 0xFF, 0xFE, 0xFF, 0xF4, 0x7B, 0x7B, 0x6D, 0xF6,
    0x5F, 0x3F, 0xFF, 0xFF, 0xFF, 0xFF, 0xFF, 0xFF, 0xFF, 0xFF, 0xFF, 0xFF, 0xFF, 0xFF, 0xFB, 0xFF,
    0xE3, 0xFF, 0x7F, 0xCF, 0xFF, 0xC9, 0xC0, 0x44, 0x00, 0x80, 0x90, 0x04, 0x84, 0x00, 0x40, 0xA4,
    0x02, 0x22, 0x15, 0x40, 0x41, 0x00, 0x41, 0x00, 0x04, 0x04, 0x00, 0x00, 0x02, 0x02, 0x00, 0x40,
    0x00, 0x00, 0x00, 0x40, 0x40, 0x08, 0x10, 0x10, 0x00, 0x88, 0x80, 0x20, 0x08, 0x08, 0x00, 0x3B,
    0xFE, 0xEF, 0xDC, 0x5E, 0xD1, 0xC7, 0xFD, 0xE7, 0x5D, 0xFF, 0xDF, 0xDE, 0xAF, 0xFE, 0x47, 0xDF,
    0x55, 0xFB, 0xDA, 0xF7, 0xBF, 0xFF, 0xFB, 0xDF, 0xFD, 0xEF, 0x7F, 0xFF, 0x7B, 0xB7, 0xEF, 0xF8,
    0xFF, 0xEF, 0xFF, 0xAE, 0xFB, 0xBF, 0xFF, 0xFF, 0xFF, 0xFF, 0xFF, 0xFF, 0xFF, 0xFF, 0xFF, 0xFF,
    0xFF, 0xFF, 0xFB, 0xFF, 0xF7, 0xFD, 0xFE, 0xE7, 0xFF, 0xA3, 0xC4, 0x00, 0x08, 0x04, 0x00, 0x10,
    0x00, 0x10, 0x00, 0x01, 0x20, 0x10, 0x40, 0x09, 0x10, 0x14, 0x08, 0x08, 0x40, 0x10, 0x00, 0x80,
    0x00, 0x08, 0x00, 0x00, 0x00, 0x00, 0x00, 0x00, 0x00, 0x80, 0x80, 0x40, 0x20, 0x00, 0x04, 0x00,
    0x40, 0x20, 0x04, 0x79, 0xFB, 0xFF, 0xFF, 0xBF, 0xC3, 0xC7, 0x7F, 0xBF, 0xFF, 0xF5, 0xDF, 0xFF,
    0xF7, 0xFF, 0x0F, 0x7F, 0x9D, 0xFF, 0xBA, 0x7F, 0xEF, 0x3F, 0xF5, 0x4F, 0xFD, 0xE7, 0xFF, 0xBF,
    0xFF, 0xFF, 0xFF, 0xF8, 0x5B, 0xBE, 0xD6, 0xE4, 0xEF, 0xBF, 0xFF, 0xFF, 0xFF, 0xFF, 0xFF, 0xFF,
    0xFF, 0xFF, 0xFF, 0xFF, 0xFF, 0xFF, 0xF9, 0xDF, 0xF3, 0xF7, 0xFF, 0xC7, 0xFF, 0xC1, 0xC0, 0x11,
    0x20, 0x10, 0x02, 0x00, 0x11, 0x02, 0x09, 0x24, 0x00, 0x2A, 0x0A, 0x40, 0x04, 0x81, 0x20, 0x21,
    0x08, 0x00, 0x42, 0x09, 0x10, 0x00, 0x01, 0x00, 0x22, 0x20, 0x00, 0x00, 0x02, 0x00, 0x00, 0x00,
    0x00, 0x00, 0x10, 0x00, 0x00, 0x00, 0x00, 0x32, 0xFF, 0xFF, 0xFF, 0xEF, 0xD1, 0xC7, 0xEF, 0xE7,
    0x5F, 0xA2, 0x4F, 0xFC, 0x0F, 0xFF, 0xFF, 0xFF, 0xFF, 0xEF, 0xC8, 0xFF, 0xC5, 0x3D, 0xF8, 0x3F,
    0xF0, 0x0F, 0xFE, 0xFF, 0xEF, 0xFF, 0xBD, 0xF8, 0x7E, 0xFB, 0xFF, 0xFB, 0x7F, 0x3F, 0xFF, 0xFF,
    0xFF, 0xFF, 0xFF, 0xFF, 0xFF, 0xFF, 0xFF, 0xFF, 0xFF, 0xFF, 0xFB, 0xFD, 0xE7, 0xFF, 0xFF, 0xEF,
    0xFF, 0xC3, 0xC1, 0x00, 0x01, 0x00, 0x48, 0x40, 0x80, 0x00, 0x40, 0x00, 0x89, 0x00, 0xA0, 0x12,
    0x40, 0x24, 0x09, 0x00, 0x00, 0x80, 0x00, 0x00, 0x00, 0x40, 0x10, 0x00, 0x80, 0x01, 0x00, 0x01,
    0x00, 0x00, 0x00, 0x01, 0x04, 0x22, 0x00, 0x84, 0x00, 0x00, 0x10, 0x39, 0xFF, 0xC0, 0x24, 0x1F,
    0xC1, 0xC7, 0xFD, 0xE0, 0x3D, 0xF5, 0x3F, 0xF5, 0x67, 0xDB, 0xEB, 0xFB, 0x5B, 0xBE, 0xEF, 0xEE,
    0xE0, 0xBF, 0xDF, 0xBF, 0x7D, 0x5F, 0xBB, 0xFB, 0xFE, 0xFE, 0xFF, 0xF0, 0xF7, 0xEF, 0x77, 0x00,
    0xBF, 0xBF, 0xFF, 0xFF, 0xFF, 0xFF, 0xFF, 0xFF, 0xFF, 0xFF, 0xFF, 0xFF, 0xFF, 0xFF, 0xFB, 0xFF,
    0xF3, 0xFF, 0xFB, 0xFF, 0x77, 0xA3, 0xC4, 0x04, 0x00, 0x01, 0x00, 0x04, 0x00, 0x90, 0x00, 0x52,
    0x20, 0x0A, 0x09, 0x00, 0x12, 0x01, 0x40, 0x08, 0x44, 0x00, 0x08, 0x00, 0x00, 0x00, 0x40, 0x02,
    0x00, 0x00, 0x08, 0x00, 0x00, 0x04, 0x22, 0x04, 0x10, 0x80, 0x00, 0x10, 0x42, 0x00, 0x80, 0x7B,
    0xFF, 0x80, 0x00, 0x1F, 0xD3, 0xC7, 0xBF, 0xE4, 0xBF, 0xFB, 0xDE, 0xFC, 0xDF, 0x73, 0xEB, 0xFF,
    0x9C, 0xFF, 0xDF, 0xBF, 0xDF, 0xFF, 0xFE, 0xFD, 0xFF, 0xFE, 0xFF, 0xFF, 0xBF, 0xDB, 0xFF, 0xF8,
    0x7E, 0xFF, 0xDD, 0xAC, 0xF7, 0xBF, 0xFF, 0xFF, 0xFF, 0xFF, 0xFF, 0xFF, 0xFF, 0xFF, 0xFF, 0xFF,
    0xFF, 0xFF, 0xFB, 0xBF, 0xE7, 0xDF, 0xFD, 0xFF, 0xFF, 0xC9, 0xC0, 0x20, 0x44, 0x20, 0x00, 0x00,
    0x12, 0x02, 0x12, 0x00, 0x00, 0x44, 0xA0, 0xA9, 0x40, 0x90, 0x24, 0x81, 0x10, 0x02, 0x00, 0x00,
    0x04, 0x01, 0x00, 0x08, 0x00, 0x00, 0x00, 0x88, 0x00, 0x10, 0x00, 0x40, 0x00, 0x00, 0x40, 0x00,
    0x00, 0x08, 0x00, 0x39, 0xF7, 0xC1, 0x00, 0x1F, 0xC1, 0xC7, 0xFF, 0x7F, 0xFF, 0xFE, 0xFF, 0xFD,
    0xFF, 0xEF, 0xFB, 0xEF, 0x5D, 0xFF, 0x9E, 0xFF, 0xFF, 0x7E, 0xF9, 0xDF, 0xFF, 0xE7, 0xFF, 0xFF,
    0xFB, 0xFF, 0xF7, 0xF8, 0xDB, 0xB5, 0xFF, 0xFF, 0xBF, 0x3F, 0xFF, 0xFF, 0xFF, 0xFF, 0xFF, 0xFF,
    0xFF, 0xFF, 0xFF, 0xFF, 0xFF, 0xFF, 0xFB, 0xFB, 0xF7, 0xFF, 0xD8, 0xF7, 0xFF, 0xC3, 0xC0, 0x00,
    0x00, 0x04, 0x02, 0x21, 0x00, 0x08, 0x40, 0x09, 0x49, 0x02, 0x0A, 0x00, 0x08, 0x25, 0x00, 0x24,
    0x00, 0x08, 0x20, 0x22, 0x20, 0x08, 0x00, 0x20, 0x00, 0x08, 0x00, 0x00, 0x08, 0x00, 0x08, 0x00,
    0x00, 0x00, 0x02, 0x00, 0x00, 0x40, 0x02, 0x39, 0xFF, 0xE4, 0x15, 0x3F, 0xC3, 0xC7, 0xEF, 0xFF,
    0xB6, 0xE8, 0x3F, 0xDD, 0xEF, 0xF7, 0x7B, 0xFF, 0xD8, 0xFD, 0xD6, 0xFB, 0xE4, 0x77, 0xF3, 0xCF,
    0xEC, 0x0F, 0xFF, 0xEE, 0xFF, 0xFF, 0xDF, 0xF8, 0x7F, 0xFF, 0x6D, 0xB4, 0xED, 0xBF, 0xFF, 0xFF,
    0xFF, 0xFF, 0xFF, 0xFF, 0xFF, 0xFF, 0xFF, 0xFF, 0xFF, 0xFF, 0xF9, 0xFF, 0xF3, 0xFF, 0xFC, 0x1F,
    0xFF, 0xA1, 0xC0, 0x82, 0x00, 0x80, 0x20, 0x04, 0x00, 0x40, 0x00, 0x44, 0x00, 0x02, 0xA0, 0x44,
    0x82, 0x80, 0xA4, 0x00, 0x40, 0x20, 0x00, 0x00, 0x00, 0x40, 0x01, 0x00, 0x02, 0x20, 0x20, 0x00,
    0x00, 0x40, 0x80, 0x00, 0x80, 0x08, 0x08, 0x01, 0x10, 0x00, 0x08, 0x3B, 0xFF, 0xDF, 0x7B, 0x9F,
    0xD1, 0xC7, 0x7E, 0x60, 0x3F, 0xF9, 0xBB, 0xFC, 0x07, 0xEF, 0xFB, 0xFF, 0x43, 0xF7, 0xC0, 0x7F,
    0x7D, 0x5F, 0xED, 0xDF, 0xF8, 0xA7, 0xF7, 0xBF, 0xFF, 0x7F, 0xFE, 0xF8, 0xF6, 0xDF, 0xFF, 0xE2,
    0x7F, 0xBF, 0xFF, 0xFF, 0xFF, 0xFF, 0xFF, 0xFF, 0xFF, 0xFF, 0xFF, 0xFF, 0xFF, 0xFF, 0xFB, 0xDF,
    0xE7, 0xFE, 0xFA, 0x0B, 0xF7, 0xC3, 0xC4, 0x08, 0x22, 0x00, 0x80, 0x80, 0x24, 0x00, 0x02, 0x00,
    0x92, 0x21, 0x04, 0x10, 0x24, 0x15, 0x00, 0x81, 0x00, 0x80, 0x01, 0x00, 0x00, 0x00, 0x04, 0x00,
    0x08, 0x00, 0x00, 0x00, 0x00, 0x00, 0x00, 0x24, 0x12, 0x20, 0x80, 0x44, 0x01, 0x01, 0x00, 0x79,
    0xFF, 0xFE, 0x7F, 0xCF, 0xC3, 0xC7, 0xFB, 0x62, 0x5F, 0xF3, 0xDF, 0xF8, 0xAE, 0xF7, 0xFB, 0xF7,
    0xAB, 0xFF, 0xCA, 0xFF, 0xD5, 0xBF, 0xFA, 0x9F, 0xFD, 0xFF, 0xDF, 0xFF, 0xEF, 0xED, 0xFF, 0xF8,
    0x7F, 0xF5, 0xB6, 0xEF, 0x5F, 0x3F, 0xFF, 0xFF, 0xFF, 0xFF, 0xFF, 0xFF, 0xFF, 0xFF, 0xFF, 0xFF,
    0xFF, 0xFF, 0xFB, 0xFF, 0xF3, 0xFF, 0xFD, 0xC1, 0x7F, 0xC9, 0xC0, 0x00, 0x00, 0x08, 0x04, 0x00,
    0x00, 0x04, 0x90, 0x04, 0x00, 0x04, 0x51, 0x42, 0x00, 0x80, 0x02, 0x14, 0x02, 0x00, 0x00, 0x00,
    0x01, 0x00, 0x00, 0x00, 0x00, 0x00, 0x00, 0x00, 0x40, 0x00, 0x11, 0x00, 0x00, 0x00, 0x00, 0x00,
    0x00, 0x04, 0x00, 0x31, 0xDE, 0xFC, 0x7F, 0x9E, 0xD1, 0xC7, 0xEF, 0xFF, 0xBE, 0xFB, 0xDF, 0xBF,
    0xF7, 0xEF, 0xF7, 0xBF, 0xFF, 0xDF, 0xFF, 0xEF, 0xE9, 0xBF, 0xF9, 0x2E, 0xFD, 0xFF, 0xFF, 0xFF,
    0x7D, 0xFF, 0xBB, 0xF8, 0xBB, 0xBF, 0xFF, 0xEB, 0xFB, 0xBF, 0xFF, 0xFF, 0xFF, 0xFF, 0xFF, 0xFF,
    0xFF, 0xFF, 0xFF, 0xFF, 0xFF, 0xFF, 0xFB, 0xFB, 0xE7, 0xEF, 0xFF, 0xF8, 0x5F, 0xA3, 0xC0, 0x40,
    0x80, 0x20, 0x00, 0x11, 0x01, 0x20, 0x00, 0x41, 0x24, 0x80, 0x40, 0x08, 0xA8, 0x55, 0x20, 0x00,
    0x00, 0x00, 0x88, 0x11, 0x10, 0x00, 0x20, 0x00, 0x80, 0x00, 0x82, 0x21, 0x01, 0x04, 0x00, 0x00,
    0x00, 0x00, 0x00, 0x00, 0x00, 0x00, 0x10, 0x3B, 0xFF, 0xFE, 0x00, 0x0F, 0xC1, 0xC7, 0x7F, 0xEF,
    0xBF, 0xDB, 0xDB, 0xFF, 0xFF, 0xF7, 0xB3, 0xFF, 0x3F, 0xFE, 0xFE, 0xBD, 0xF7, 0x7E, 0xDE, 0xBF,
    0xDC, 0xA7, 0xFF, 0x7B, 0xFF, 0xFF, 0xFF, 0xF8, 0x7F, 0xFE, 0xEE, 0xE8, 0x7F, 0xBF, 0xFF, 0xFF,
    0xFF, 0xFF, 0xFF, 0xFF, 0xFF, 0xFF, 0xFF, 0xFF, 0xFF, 0xFF, 0xFB, 0x6F, 0xF3, 0xFF, 0xFF, 0xF0,
    0x0C, 0xC1, 0xC2, 0x02, 0x08, 0x80, 0x90, 0x40, 0x20, 0x00, 0x04, 0x00, 0x00, 0x10, 0x24, 0x80,
    0x02, 0x00, 0x00, 0x90, 0x10, 0x02, 0x00, 0x00, 0x00, 0x01, 0x00, 0x04, 0x00, 0x00, 0x00, 0x00,
    0x00, 0x00, 0x40, 0x00, 0x80, 0x02, 0x08, 0x40, 0x20, 0x10, 0x00, 0x79, 0xFF, 0xFE, 0x04, 0x1F,
    0xD3, 0xC7, 0xFF, 0xB6, 0x7B, 0xF0, 0x03, 0xFC, 0x07, 0xF0, 0xCF, 0xFF, 0x3D, 0xBF, 0xC0, 0xFF,
    0xFB, 0xFF, 0xFF, 0xFF, 0xFC, 0x4F, 0x7D, 0xFF, 0xFF, 0xB6, 0xFF, 0xF8, 0xED, 0xDB, 0xFB, 0xE6,
    0xB7, 0x3F, 0xFF, 0xFF, 0xFF, 0xFF, 0xFF, 0xFF, 0xFF, 0xFF, 0xFF, 0xFF, 0xFF, 0xFF, 0xF9, 0xFF,
    0xF7, 0xFF, 0xDA, 0xC0, 0x00, 0xC3, 0xC0, 0x08, 0x00, 0x02, 0x01, 0x00, 0x04, 0x09, 0x20, 0x11,
    0x52, 0x02, 0x10, 0x2A, 0x91, 0x54, 0x08, 0x01, 0x00, 0x10, 0x00, 0x40, 0x00, 0x08, 0x00, 0x10,
    0x00, 0x22, 0x00, 0x00, 0x00, 0x10, 0x00, 0x48, 0x09, 0x20, 0x20, 0x04, 0x04, 0x40, 0x40, 0x39,
    0xFF, 0xEF, 0x40, 0x7F, 0xC1, 0xC7, 0xF6, 0xE6, 0x7F, 0xFA, 0xA7, 0xFA, 0x4F, 0xBC, 0x0E, 0xF7,
    0x84, 0xFB, 0xCA, 0x7F, 0xDF, 0xF7, 0xAA, 0x9F, 0xFD, 0xAF, 0xFF, 0xFF, 0xDB, 0xFF, 0xF7, 0xF8,
    0x7F, 0x7F, 0xBF, 0xBB, 0x7F, 0xBF, 0xFF, 0xFF, 0xFF, 0xFF, 0xFF, 0xFF, 0xFF, 0xFF, 0xFF, 0xFF,
    0xFF, 0xFF, 0xFB, 0xFF, 0xE3, 0xFD, 0xFC, 0x80, 0x71, 0xD3, 0xC0, 0x00, 0x00, 0x00, 0x00, 0x04,
    0x80, 0x80, 0x01, 0x00, 0x00, 0x88, 0x42, 0x85, 0x04, 0x20, 0x42, 0x44, 0x02, 0x40, 0x01, 0x00,
    0x00, 0x20, 0x00, 0x80, 0x04, 0x00, 0x00, 0x00, 0x00, 0x00, 0x04, 0x00, 0x00, 0x00, 0x00, 0x00,
    0x00, 0x00, 0x02, 0x3B, 0xFB, 0xFF, 0xA0, 0xBF, 0xD3, 0xC7, 0xBF, 0xF1, 0xEF, 0xFB, 0xFB, 0xBD,
    0xB7, 0xFE, 0xBB, 0xFF, 0x11, 0xFF, 0xDF, 0x7E, 0xFF, 0xDF, 0x80, 0x1D, 0xEF, 0xFB, 0xFF, 0xED,
    0xFF, 0xFF, 0xDF, 0xF0, 0xBB, 0xF7, 0xEE, 0xFD, 0xFF, 0xBF, 0xFF, 0xFF, 0xFF, 0xFF, 0xFF, 0xFF,
    0xFF, 0xFF, 0xFF, 0xFF, 0xFF, 0xFF, 0xFB, 0xFF, 0xF7, 0xFF, 0xF8, 0x03, 0xFC, 0xC1, 0xC4, 0x80,
    0x24, 0x20, 0x08, 0x00, 0x00, 0x10, 0x80, 0x24, 0x48, 0x20, 0x10, 0x1A, 0x41, 0x40, 0x00, 0x10,
    0x10, 0x00, 0x20, 0x01, 0x11, 0x00, 0x02, 0x00, 0x10, 0x00, 0x04, 0x04, 0x04, 0x00, 0x10, 0x00,
    0x80, 0x01, 0x01, 0x00, 0x80, 0x01, 0x00, 0x39, 0xFF, 0xFF, 0xFF, 0xFF, 0xC1, 0xC7, 0xFF, 0x5D,
    0x3E, 0xFE, 0xFF, 0xFB, 0xAF, 0xFF, 0xFF, 0xDF, 0xFE, 0xFF, 0x7E, 0xF7, 0xFF, 0x7F, 0x7F, 0xEF,
    0xFC, 0x6F, 0xEF, 0xBF, 0xFF, 0x77, 0x7F, 0xF8, 0x7F, 0xDE, 0xFB, 0xA0, 0x5B, 0x3F, 0xFF, 0xFF,
    0xFF, 0xFF, 0xFF, 0xFF, 0xFF, 0xFF, 0xFF, 0xFF, 0xFF, 0xFF, 0xFB, 0xDF, 0xE7, 0xDF, 0xFC, 0x0F,
    0xFD, 0xC3, 0xC0, 0x11, 0x00, 0x80, 0x80, 0x40, 0x12, 0x02, 0x08, 0x00, 0x12, 0x00, 0x0A, 0x45,
    0x14, 0x04, 0x11, 0x00, 0x00, 0x00, 0x80, 0x04, 0x00, 0x00, 0x08, 0x00, 0x00, 0x00, 0x00, 0x40,
    0x00, 0x41, 0x00, 0x42, 0x08, 0x08, 0x00, 0x10, 0x00, 0x00, 0x08, 0x79, 0xFF, 0xFF, 0xFF, 0xDF,
    0xC2, 0xC7, 0xEE, 0x80, 0xBF, 0xD8, 0x3F, 0xFC, 0xC7, 0x77, 0xEF, 0xFD, 0xDF, 0xED, 0xD2, 0x7F,
    0xFF, 0xFF, 0xFF, 0xFF, 0xBC, 0xE7, 0xBD, 0xFF, 0xBD, 0xFF, 0xFF, 0xF8, 0xF7, 0x7F, 0xBF, 0xB7,
    0x7F, 0xBF, 0xFF, 0xFF, 0xFF, 0xFF, 0xFF, 0xFF, 0xFF, 0xFF, 0xFF, 0xFF, 0xFF, 0xFF, 0xFB, 0xFD,
    0xF3, 0xFF, 0xF8, 0x5F, 0xFF, 0xC9, 0xC0, 0x00, 0x00, 0x04, 0x02, 0x09, 0x00, 0x00, 0x20, 0x82,
    0x00, 0x89, 0x04, 0x15, 0x41, 0x40, 0x84, 0x00, 0x40, 0x04, 0x02, 0x00, 0x00, 0x00, 0x20, 0x00,
    0x00, 0x00, 0x00, 0x00, 0x00, 0x00, 0x00, 0x00, 0x00, 0x80, 0x00, 0x02, 0x09, 0x08, 0x00, 0x39,
    0xFF, 0xBE, 0x80, 0x1D, 0xD1, 0xCB, 0xBE, 0x6E, 0x7B, 0xF3, 0xAE, 0xEF, 0xDF, 0xFF, 0x7F, 0xFF,
    0x83, 0xFF, 0xC8, 0xFF, 0xA5, 0xFF, 0xAC, 0x3F, 0xFB, 0xEF, 0xFF, 0xFE, 0xF7, 0xFF, 0xFB, 0xF8,
    0x7F, 0xFB, 0xF7, 0xFF, 0xEF, 0x3F, 0xFF, 0xFF, 0xFF, 0xFF, 0xFF, 0xFF, 0xFF, 0xFF, 0xFF, 0xFF,
    0xFF, 0xFF, 0xFB, 0x7F, 0xE7, 0xFF, 0xBD, 0xFF, 0xFF, 0xA3, 0xC1, 0x00, 0x12, 0x00, 0x10, 0x00,
    0x00, 0x48, 0x00, 0x10, 0x48, 0x20, 0x21, 0x04, 0x14, 0x00, 0x00, 0x82, 0x02, 0x40, 0x00, 0x10,
    0x00, 0x00, 0x80, 0x00, 0x80, 0x44, 0x20, 0x00, 0x20, 0x04, 0x01, 0x00, 0x00, 0x00, 0x12, 0x00,
    0x00, 0x00, 0x00, 0x3B, 0xEE, 0xFB, 0x00, 0x1F, 0xC3, 0xC7, 0xFF, 0xFF, 0xBF, 0xFF, 0xDF, 0xFF,
    0x7F, 0xFF, 0xFE, 0xEF, 0x2B, 0xFF, 0xD7, 0xEE, 0xEB, 0xFB, 0x9C, 0x3D, 0xFE, 0x67, 0xFF, 0xF7,
    0xFF, 0xDB, 0xEF, 0xF8, 0xBD, 0xEF, 0xDE, 0xED, 0xBD, 0xBF, 0xFF, 0xFF, 0xFF, 0xFF, 0xFF, 0xFF,
    0xFF, 0xFF, 0xFF, 0xFF, 0xFF, 0xFF, 0xF9, 0xF7, 0xF3, 0xFE, 0xFA, 0xFF, 0xDF, 0xC1, 0xC4, 0x12,
    0x00, 0x10, 0x80, 0x40, 0x24, 0x00, 0x04, 0x00, 0x05, 0x00, 0x84, 0x51, 0x01, 0x12, 0x24, 0x10,
    0x08, 0x00, 0x08, 0x00, 0x10, 0x04, 0x00, 0x02, 0x00, 0x00, 0x00, 0x00, 0x00, 0x00, 0x10, 0x08,
    0x20, 0x01, 0x00, 0x00, 0x00, 0x00, 0x40, 0x71, 0xFF, 0xFE, 0x00, 0x1F, 0xD1, 0xC7, 0xF7, 0xE7,
    0x7F, 0xEF, 0xEF, 0xFD, 0x47, 0x77, 0xFB, 0xFF, 0x3D, 0xBF, 0xDF, 0x7F, 0xFE, 0x5F, 0xB9, 0xDF,
    0xFD, 0x0F, 0xFE, 0xDF, 0xFF, 0xFF, 0x7F, 0xF8, 0x77, 0xBE, 0xFF, 0xBF, 0xFF, 0xBF, 0xFF, 0xFF,
    0xFF, 0xFF, 0xFF, 0xFF, 0xFF, 0xFF, 0xFF, 0xFF, 0xFF, 0xFF, 0xFB, 0xFF, 0xF7, 0xFF, 0xFF, 0xFF,
    0x7D, 0xC3, 0xC0, 0x00, 0x40, 0x00, 0x02, 0x08, 0x80, 0x01, 0x20, 0x82, 0x00, 0x48, 0x01, 0x04,
    0x54, 0x00, 0x00, 0x00, 0x00, 0x04, 0x40, 0x40, 0x81, 0x10, 0x00, 0x08, 0x00, 0x00, 0x00, 0x00,
    0x01, 0x10, 0x00, 0x00, 0x02, 0x24, 0x00, 0x48, 0x20, 0x41, 0x00, 0x3A, 0xFF, 0xFC, 0x37, 0x7F,
    0xC3, 0xC7, 0x7E, 0xEF, 0xBB, 0x79, 0x1F, 0xFC, 0x27, 0xFF, 0x57, 0xFD, 0xFE, 0xFB, 0xCE, 0x5F,
    0xFA, 0x6F, 0xB9, 0xDF, 0xDE, 0xDF, 0x6F, 0xFF, 0xEE, 0xFF, 0xFF, 0xF4, 0xFF, 0xFF, 0xF6, 0xFD,
    0xF7, 0xBF, 0xFF, 0xFF, 0xFF, 0xFF, 0xFF, 0xFF, 0xFF, 0xFF, 0xFF, 0xFF, 0xFF, 0xFF, 0xFB, 0xFF,
    0xE3, 0xF7, 0xFB, 0xFF, 0x9F, 0xC9, 0xC0, 0x00, 0x00, 0x82, 0x08, 0x00, 0x01, 0x20, 0x00, 0x10,
    0x24, 0x02, 0x00, 0x90, 0x80, 0x01, 0x28, 0x00, 0x80, 0x10, 0x00, 0x00, 0x00, 0x00, 0x00, 0x20,
    0x04, 0x00, 0x01, 0x08, 0x80, 0x00, 0x40, 0x20, 0x80, 0x00, 0x00, 0x00, 0x00, 0x04, 0x04, 0x39,
    0xFF, 0xFE, 0x7F, 0xFF, 0xC1, 0xC7, 0xFF, 0xDF, 0x3F, 0xFA, 0xBF, 0xB9, 0xEF, 0xFE, 0x93, 0xBF,
    0x35, 0xBF, 0x42, 0x6E, 0xC4, 0xAF, 0xB3, 0xDF, 0x7F, 0xFF, 0xFF, 0xFE, 0xFF, 0xED, 0xFB, 0xF8,
    0x6E, 0xED, 0xBF, 0xF5, 0x7F, 0x3F, 0xFF, 0xFF, 0xFF, 0xFF, 0xFF, 0xFF, 0xFF, 0xFF, 0xFF, 0xFF,
    0xFF, 0xFF, 0xFB, 0xDF, 0xF7, 0xFF, 0xF9, 0xFE, 0x1F, 0xC3, 0xC0, 0x80, 0x04, 0x08, 0x20, 0x02,
    0x08, 0x04, 0x04, 0x00, 0x81, 0x20, 0x48, 0x42, 0x20, 0x90, 0x00, 0x88, 0x11, 0x00, 0x01, 0x02,
    0x00, 0x00, 0x00, 0x00, 0x00, 0x00, 0x04, 0x00, 0x00, 0x00, 0x02, 0x00, 0x00, 0x00, 0x08, 0x00,
    0x04, 0x00, 0x00, 0x7B, 0xFF, 0xFF, 0x7F, 0xFB, 0xD3, 0xC7, 0xDB, 0xEB, 0x3F, 0xFC, 0xFF, 0xFD,
    0xFF, 0xBA, 0x4B, 0xF7, 0x88, 0x3F, 0xDA, 0xDF, 0xF3, 0xE7, 0xA3, 0xDB, 0xFA, 0xE7, 0xFB, 0xBB,
    0xFF, 0xFF, 0xDF, 0xF8, 0x7F, 0xBF, 0xED, 0xB0, 0xEF, 0xBF, 0xFF, 0xFF, 0xFF, 0xFF, 0xFF, 0xFF,
    0xFF, 0xFF, 0xFF, 0xFF, 0xFF, 0xFF, 0xFB, 0xFB, 0xE7, 0xFF, 0xF8, 0xFA, 0x3F, 0xC3, 0xC2, 0x09,
    0x10, 0x00, 0x00, 0x40, 0x00, 0x00, 0x20, 0x80, 0x00, 0x08, 0x01, 0x28, 0x88, 0x04, 0x80, 0x00,
    0x00, 0x00, 0x08, 0x08, 0x04, 0x00, 0x02, 0x00, 0x00, 0x21, 0x10, 0x00, 0x00, 0x00, 0x00, 0x02,
    0x00, 0x00, 0x20, 0x01, 0x00, 0x00, 0x00, 0x39, 0xFF, 0xEF, 0x1B, 0x9F, 0xC1, 0xC7, 0x7F, 0xB6,
    0x77, 0xDF, 0xFE, 0xFE, 0xEE, 0xFE, 0xFF, 0xFF, 0x35, 0xBD, 0xBE, 0x6F, 0xEF, 0xFF, 0xCF, 0x1F,
    0xF9, 0xAF, 0xBF, 0xFF, 0xDB, 0xBF, 0xFF, 0xF0, 0xF6, 0xFB, 0x7F, 0x6F, 0xBF, 0xBF, 0xFF, 0xFF,
    0xFF, 0xFF, 0xFF, 0xFF, 0xFF, 0xFF, 0xFF, 0xFF, 0xFF, 0xFF, 0xFB, 0x7F, 0xF3, 0xDF, 0xD8, 0x58,
    0x1F, 0xA1, 0xC0, 0x00, 0x00, 0x00, 0x01, 0x00, 0x40, 0x80, 0x82, 0x08, 0x09, 0x42, 0x20, 0x02,
    0x21, 0x00, 0x02, 0x02, 0x40, 0x42, 0x40, 0x00, 0x10, 0x20, 0x40, 0x00, 0x00, 0x00, 0x00, 0x00,
    0x04, 0x42, 0x10, 0x08, 0x09, 0x21, 0x00, 0x84, 0x00, 0x20, 0x00, 0x39, 0xFB, 0xBE, 0x00, 0x1F,
    0xD3, 0xC7, 0xFE, 0xF0, 0xBE, 0xFF, 0xDF, 0xFC, 0x07, 0xFE, 0xFB, 0x7F, 0xDF, 0x77, 0xD0, 0x5F,
    0xE7, 0xF7, 0xD7, 0xBF, 0xF8, 0x0E, 0xFF, 0xFF, 0xFF, 0xFB, 0x7D, 0xF8, 0x7F, 0xFF, 0xDF, 0xAF,
    0x7D, 0xBF, 0xFF, 0xFF, 0xFF, 0xFF, 0xFF, 0xFF, 0xFF, 0xFF, 0xFF, 0xFF, 0xFF, 0xFF, 0xF9, 0xFF,
    0xE7, 0xFF, 0xFC, 0x30, 0x3F, 0xCB, 0xC0, 0x00, 0x00, 0x41, 0x04, 0x08, 0x04, 0x08, 0x00, 0x01,
    0x20, 0x10, 0x82, 0x50, 0x80, 0x22, 0x20, 0x20, 0x04, 0x00, 0x00, 0x20, 0x00, 0x01, 0x00, 0x00,
    0x21, 0x00, 0x00, 0x00, 0x00, 0x00, 0x00, 0x80, 0x00, 0x00, 0x00, 0x00, 0x10, 0x00, 0x10, 0x73,
    0xEF, 0xFF, 0x00, 0x1F, 0xC1, 0xC7, 0xF7, 0xFF, 0xFF, 0xFF, 0x7F, 0xF4, 0xAF, 0xF6, 0x55, 0xFB,
    0xEF, 0xFF, 0xCA, 0xDD, 0xAF, 0xBF, 0x7F, 0xFF, 0xFD, 0xFB, 0xFB, 0x6F, 0x7F, 0xFF, 0xF7, 0xF8,
    0xB6, 0xDB, 0x7B, 0xC2, 0xF7, 0x3F, 0xFF, 0xFF, 0xFF, 0xFF, 0xFF, 0xFF, 0xFF, 0xFF, 0xFF, 0xFF,
    0xFF, 0xFF, 0xFB, 0xEF, 0xF3, 0xFF, 0xFB, 0x00, 0xFF, 0xC1, 0xC0, 0x20, 0x81, 0x08, 0x20, 0x01,
    0x00, 0x00, 0x08, 0x40, 0x00, 0x40, 0x08, 0x0A, 0x00, 0x08, 0x00, 0x00, 0x00, 0x08, 0x01, 0x00,
    0x80, 0x00, 0x04, 0x20, 0x80, 0x00, 0x00, 0x00, 0x00, 0x00, 0x00, 0x00, 0x20, 0x00, 0x00, 0x00,
    0x00, 0x80, 0x81, 0x39, 0xFF, 0xFE, 0x00, 0x2F, 0xC2, 0xC7, 0xBF, 0xFD, 0xBF, 0xFB, 0xFD, 0xDD,
    0xF7, 0xDE, 0x03, 0xEF, 0xE7, 0xFF, 0xF7, 0x3F, 0xE7, 0x7F, 0xFF, 0xFE, 0xEF, 0xEF, 0xFF, 0xFF,
    0xFD, 0xBF, 0xFF, 0xF8, 0xFF, 0xDF, 0x3E, 0xF1, 0x7F, 0xBF, 0xFF, 0xFF, 0xFF, 0xFF, 0xFF, 0xFF,
    0xFF, 0xFF, 0xFF, 0xFF, 0xFF, 0xFF, 0xFB, 0xFE, 0xF7, 0xFE, 0xFF, 0x83, 0xFF, 0xA3, 0xC2, 0x02,
    0x08, 0x00, 0x00, 0x00, 0x10, 0x21, 0x00, 0x04, 0x01, 0x09, 0x00, 0x10, 0x12, 0x40, 0x84, 0x89,
    0x21, 0x00, 0x10, 0x00, 0x01, 0x04, 0x00, 0x02, 0x00, 0x00, 0x00, 0x08, 0x40, 0x00, 0x84, 0x00,
    0x80, 0x04, 0x08, 0x40, 0x00, 0x02, 0x00, 0x3A, 0xFF, 0xFF, 0xBF, 0xDF, 0xD1, 0xC7, 0xFE, 0xD0,
    0x37, 0x6F, 0xDF, 0xFD, 0xFF, 0x7F, 0x77, 0xFF, 0xEF, 0xBF, 0xFF, 0xEF, 0xE0, 0x3F, 0xFF, 0xFB,
    0xFD, 0x4F, 0xEF, 0xFD, 0xF7, 0xFB, 0xBF, 0xF8, 0x77, 0xCC, 0x37, 0xFF, 0xEF, 0xBF, 0xFF, 0xFF,
    0xFF, 0xFF, 0xFF, 0xFF, 0xFF, 0xFF, 0xFF, 0xFF, 0xFF, 0xFF, 0xFB, 0xFF, 0xE3, 0xFF, 0xFF, 0xE5,
    0xFD, 0xC3, 0xC0, 0x00, 0x00, 0x00, 0x00, 0x90, 0x00, 0x80, 0x20, 0x90, 0x08, 0x00, 0x40, 0x44,
    0x80, 0x04, 0x00, 0x00, 0x00, 0x21, 0x00, 0x04, 0x04, 0x10, 0x00, 0x00, 0x00, 0x04, 0x00, 0x00,
    0x01, 0x12, 0x00, 0x22, 0x00, 0x80, 0x20, 0x04, 0x04, 0x00, 0x00, 0x39, 0xFF, 0xFF, 0xBF, 0xDF,
    0xC3, 0xCB, 0xEF, 0xE5, 0x7F, 0xFB, 0xAF, 0xFC, 0x8F, 0xFF, 0xFF, 0xFF, 0x67, 0xF9, 0x40, 0x7F,
    0xEA, 0xBF, 0xFF, 0xBF, 0xFD, 0xAF, 0xBF, 0xF7, 0xFF, 0xFF, 0xFF, 0xF8, 0xBD, 0xA4, 0x7F, 0xAE,
    0xBF, 0x3F, 0xFF, 0xFF, 0xFF, 0xFF, 0xFF, 0xFF, 0xFF, 0xFF, 0xFF, 0xFF, 0xFF, 0xFF, 0xFB, 0xB7,
    0xF7, 0xDF, 0x5B, 0xC7, 0x1F, 0xC9, 0xC0, 0x00, 0x00, 0x02, 0x22, 0x01, 0x02, 0x00, 0x02, 0x00,
    0x80, 0x24, 0x12, 0x00, 0x00, 0x20, 0x10, 0x00, 0x04, 0x00, 0x02, 0x10, 0x20, 0x00, 0x10, 0x80,
    0x00, 0x20, 0x20, 0x80, 0x00, 0x00, 0x00, 0x00, 0x02, 0x00, 0x80, 0x00, 0x40, 0x00, 0x00, 0x7B,
    0xFF, 0xFF, 0xF7, 0xFF, 0xC1, 0xC7, 0x7F, 0xDD, 0xBF, 0xF3, 0x3F, 0xBC, 0x47, 0xFF, 0x0D, 0xDF,
    0xFE, 0xFC, 0xC4, 0xFD, 0xF7, 0xBB, 0xBD, 0xFF, 0xF6, 0xB7, 0xFE, 0xDF, 0xDF, 0xEF, 0xF7, 0xF4,
    0x7F, 0xE9, 0xDD, 0x86, 0x7D, 0xBF, 0xFF, 0xFF, 0xFF, 0xFF, 0xFF, 0xFF, 0xFF, 0xFF, 0xFF, 0xFF,
    0xFF, 0xFF, 0xFB, 0xFF, 0xF3, 0xFD, 0x00, 0x00, 0x3F, 0xC3, 0xC0, 0x48, 0x21, 0x20, 0x00, 0x00,
    0x08, 0x04, 0x80, 0x00, 0x00, 0x81, 0x00, 0x04, 0x09, 0x00, 0x01, 0x24, 0x20, 0x00, 0x10, 0x00,
    0x00, 0x00, 0x40, 0x00, 0x04, 0x00, 0x00, 0x00, 0x00, 0x00, 0x01, 0x00, 0x00, 0x08, 0x00, 0x90,
    0x00, 0x10, 0x04, 0x39, 0xFD, 0xEF, 0x87, 0x7F, 0xD3, 0xC7, 0xFB, 0x76, 0xBB, 0xBA, 0xBE, 0xFD,
    0xB7, 0x7E, 0x27, 0xFD, 0xBD, 0xEE, 0xDF, 0x7F, 0xBF, 0x7F, 0xFA, 0x7F, 0xBD, 0x6F, 0xFB, 0xFF,
    0xFE, 0xFE, 0xDE, 0xF8, 0xEE, 0xF1, 0x7F, 0xBB, 0x7F, 0xBF, 0xFF, 0xFF, 0xFF, 0xFF, 0xFF, 0xFF,
    0xFF, 0xFF, 0xFF, 0xFF, 0xFF, 0xFF, 0xFB, 0xFF, 0xE7, 0xFE, 0x00, 0x00, 0x1F, 0xC1, 0xC8, 0x00,
    0x00, 0x00, 0x00, 0x04, 0x20, 0x00, 0x00, 0x08, 0x24, 0x08, 0x48, 0x80, 0x40, 0x44, 0x40, 0x00,
    0x80, 0x88, 0x80, 0x00, 0x80, 0x40, 0x00, 0x08, 0x10, 0x00, 0x00, 0x00, 0x08, 0x00, 0x10, 0x00,
    0x08, 0x00, 0x00, 0x00, 0x00, 0x40, 0x10, 0x39, 0xF7, 0xFE, 0x87, 0x9F, 0xC1, 0xC7, 0xDF, 0xE5,
    0x3F, 0xFE, 0xEF, 0xFF, 0xFF, 0xEE, 0xFB, 0xFF, 0x8C, 0x7D, 0xFF, 0xF7, 0xE3, 0xBF, 0xF1, 0x2E,
    0xFC, 0xAE, 0xEF, 0xFE, 0xFF, 0xFF, 0xFF, 0xF8, 0x7A, 0x08, 0x37, 0x7C, 0xEF, 0x3F, 0xFF, 0xFF,
    0xFF, 0xFF, 0xFF, 0xFF, 0xFF, 0xFF, 0xFF, 0xFF, 0xFF, 0xFF, 0xF9, 0xB7, 0xF3, 0xFF, 0x00, 0x00,
    0x3F, 0xA3, 0xC4, 0x00, 0x80, 0x01, 0x10, 0x40, 0x00, 0x20, 0x11, 0x01, 0x00, 0x01, 0x00, 0x11,
    0x02, 0x00, 0x04, 0x00, 0x02, 0x00, 0x00, 0x82, 0x02, 0x04, 0x01, 0x00, 0x80, 0x00, 0x00, 0x00,
    0x20, 0x40, 0x00, 0x08, 0x00, 0x00, 0x02, 0x00, 0x01, 0x00, 0x80, 0x73, 0xFF, 0xFE, 0x07, 0xAF,
    0xC3, 0xC7, 0x7F, 0xF6, 0xFF, 0x40, 0x1F, 0xF6, 0x4F, 0xFD, 0xFB, 0xBF, 0x15, 0xBD, 0xB6, 0xFF,
    0xEB, 0x3E, 0xFB, 0xDF, 0xFF, 0xFF, 0xFF, 0xF7, 0xF7, 0xEF, 0xFF, 0xF8, 0x7C, 0x00, 0x3D, 0x96,
    0x7D, 0xBF, 0xFF, 0xFF, 0xFF, 0xFF, 0xFF, 0xFF, 0xFF, 0xFF, 0xFF, 0xFF, 0xFF, 0xFF, 0xFB, 0xFF,
    0xE7, 0xFF, 0x14, 0x94, 0x9F, 0xC9, 0xC8, 0x00, 0x04, 0x04, 0x02, 0x00, 0x00, 0x02, 0x00, 0x20,
    0x00, 0x24, 0x12, 0x00, 0x08, 0x00, 0x00, 0x48, 0x08, 0x02, 0x00, 0x10, 0x08, 0x00, 0x04, 0x00,
    0x00, 0x41, 0x04, 0x01, 0x00, 0x02, 0x00, 0x40, 0x40, 0x00, 0x08, 0x01, 0x08, 0x00, 0x00, 0x39,
    0xFF, 0xFE, 0x67, 0x9F, 0xD1, 0xC7, 0xFD, 0xEF, 0xED, 0x89, 0x1F, 0xDC, 0xA6, 0xFF, 0x77, 0xFF,
    0xB4, 0xBE, 0x4A, 0x7E, 0xDF, 0xBB, 0xEB, 0xFF, 0xDD, 0x57, 0xFF, 0x7F, 0xDF, 0xBF, 0xF7, 0xF8,
    0xDE, 0xA5, 0x7F, 0xFF, 0xBF, 0xBF, 0xFF, 0xFF, 0xFF, 0xFF, 0xFF, 0xFF, 0xFF, 0xFF, 0xFF, 0xFF,
    0xFF, 0xFF, 0xFB, 0xFF, 0xF3, 0xF7, 0x3F, 0xFF, 0xBF, 0xC3, 0xC4, 0x20, 0x00, 0x20, 0x00, 0x02,
    0x02, 0x00, 0x00, 0x02, 0x04, 0x80, 0x40, 0x44, 0x20, 0x49, 0x20, 0x01, 0x00, 0x20, 0x24, 0x00,
    0x00, 0x00, 0x90, 0x04, 0x00, 0x00, 0x00, 0x08, 0x00, 0x08, 0x04, 0x00, 0x00, 0x48, 0x80, 0x00,
    0x00, 0x00, 0x00, 0x3A, 0xFF, 0xFD, 0x6F, 0xDF, 0xC3, 0xC7, 0xF7, 0xA7, 0xBF, 0xFF, 0xED, 0xFC,
    0xAF, 0xEE, 0xA5, 0xFB, 0x79, 0xBB, 0x00, 0xEF, 0xF2, 0x3F, 0xFB, 0x97, 0xD4, 0x07, 0x7D, 0xFF,
    0x7F, 0xFE, 0xDF, 0xF8, 0x7B, 0xFF, 0xB7, 0xDB, 0xF7, 0x3F, 0xFF, 0xFF, 0xFF, 0xFF, 0xFF, 0xFF,
    0xFF, 0xFF, 0xFF, 0xFF, 0xFF, 0xFF, 0xFB, 0xFE, 0xF7, 0xDF, 0xFF, 0xFF, 0xEF, 0xA1, 0xC0, 0x02,
    0x00, 0x80, 0x20, 0x10, 0x48, 0x20, 0x48, 0x80, 0x20, 0x01, 0x02, 0x00, 0x02, 0x00, 0x02, 0x00,
    0x00, 0x00, 0x00, 0x40, 0x00, 0x24, 0x00, 0x20, 0x02, 0x04, 0x00, 0x20, 0x00, 0x20, 0x20, 0x01,
    0x01, 0x00, 0x00, 0x10, 0x00, 0x00, 0x00, 0x79, 0xFF, 0xEE, 0x67, 0x8F, 0xC1, 0xCB, 0xDF, 0xF7,
    0x7F, 0xFF, 0xFF, 0xFA, 0xF7, 0xFF, 0x0F, 0xEF, 0x84, 0xBF, 0xFF, 0x7F, 0xF0, 0xFF, 0xF0, 0x8B,
    0xFD, 0xEF, 0xEF, 0xEF, 0xFD, 0xFF, 0xFF, 0xF4, 0xFF, 0x75, 0x5E, 0xC0, 0xDF, 0xBF, 0xFF, 0xFF,
    0xFF, 0xFF, 0xFF, 0xFF, 0xFF, 0xFF, 0xFF, 0xFF, 0xFF, 0xFF, 0xFB, 0xB7, 0xE3, 0xFF, 0xFD, 0x7F,
    0xBF, 0xC3, 0xC0, 0x00, 0x10, 0x00, 0x01, 0x00, 0x00, 0x01, 0x00, 0x00, 0x00, 0x00, 0x10, 0x10,
    0x88, 0x00, 0x00, 0x08, 0x21, 0x04, 0x00, 0x02, 0x40, 0x80, 0x00, 0x00, 0x40, 0x00, 0x10, 0x00,
    0x00, 0x80, 0x00, 0x00, 0x04, 0x00, 0x00, 0x00, 0x00, 0x04, 0x04, 0x39, 0xF7, 0xBE, 0x52, 0x1F,
    0xD3, 0xC7, 0xFF, 0xE0, 0x3F, 0x78, 0x1F, 0x7D, 0xFF, 0x7F, 0xFF, 0xBF, 0xAA, 0xFF, 0xFF, 0xFD,
    0xDE, 0xF7, 0x7A, 0xA3, 0x7F, 0xFF, 0xFF, 0xFD, 0xFF, 0xF7, 0xFF, 0xF8, 0x5D, 0xC0, 0x3F, 0xB7,
    0x7F, 0xBF, 0xFF, 0xFF, 0xFF, 0xFF, 0xFF, 0xFF, 0xFF, 0xFF, 0xFF, 0xFF, 0xFF, 0xFF, 0xFB, 0xFF,
    0xF7, 0xFF, 0xFC, 0x5D, 0xBF, 0xA3, 0xC0, 0x00, 0x00, 0x01, 0x04, 0x00, 0x00, 0x04, 0x00, 0x09,
    0x00, 0x10, 0x81, 0x00, 0x00, 0x02, 0x10, 0x40, 0x04, 0x00, 0x42, 0x08, 0x08, 0x00, 0x00, 0x00,
    0x00, 0x00, 0x00, 0x00, 0x00, 0x00, 0x00, 0x88, 0x10, 0x00, 0x10, 0x80, 0x44, 0x10, 0x40, 0x3B,
    0xFF, 0xFF, 0x00, 0x3F, 0xC1, 0xC7, 0x7D, 0xA5, 0x5D, 0xF2, 0x9F, 0xED, 0x47, 0xF6, 0xE7, 0xFF,
    0xFF, 0x7E, 0xC8, 0x77, 0xFF, 0xBF, 0xF5, 0xFB, 0xFD, 0x97, 0xBF, 0xFF, 0xF7, 0xDF, 0x7B, 0xF8,
    0x7F, 0xC0, 0x7B, 0x7F, 0x7B, 0x3F, 0xFF, 0xFF, 0xFF, 0xFF, 0xFF, 0xFF, 0xFF, 0xFF, 0xFF, 0xFF,
    0xFF, 0xFF, 0xFB, 0xFF, 0xF3, 0xFF, 0xF4, 0x7F, 0x3F, 0xC1, 0xC0, 0x88, 0x40, 0x04, 0x00, 0x08,
    0x80, 0x80, 0x02, 0x20, 0x12, 0x40, 0x14, 0x44, 0xA0, 0x48, 0x00, 0x00, 0x80, 0x10, 0x00, 0x00,
    0x00, 0x02, 0x49, 0x11, 0x08, 0x40, 0x00, 0x00, 0x04, 0x00, 0x84, 0x00, 0x80, 0x02, 0x00, 0x01,
    0x00, 0x00, 0x00, 0x79, 0xFF, 0xFF, 0x00, 0x3F, 0xC3, 0xC7, 0xF7, 0xFF, 0xFF, 0xF3, 0xDB, 0xFC,
    0x0F, 0xFE, 0x93, 0xFF, 0xDD, 0xF7, 0xC0, 0xFF, 0xD7, 0xBF, 0xFF, 0xBF, 0xED, 0x2E, 0xFD, 0xB7,
    0xBF, 0x7F, 0xFF, 0xF8, 0xF7, 0x8F, 0x6F, 0xBD, 0xBF, 0xBF, 0xFF, 0xFF, 0xFF, 0xFF, 0xFF, 0xFF,
    0xFF, 0xFF, 0xFF, 0xFF, 0xFF, 0xFF, 0xF9, 0xDF, 0xE7, 0xFF, 0xD9, 0xFF, 0x9F, 0xA3, 0xC0, 0x00,
    0x02, 0x20, 0x10, 0x20, 0x04, 0x00, 0x10, 0x00, 0x00, 0x02, 0x00, 0x00, 0x01, 0x00, 0x42, 0x02,
    0x00, 0x00, 0x08, 0x40, 0x01, 0x10, 0x00, 0x00, 0x00, 0x00, 0x80, 0x80, 0x10, 0x04, 0x00, 0x02,
    0x00, 0x08, 0x00, 0x04, 0x00, 0x00, 0x00, 0x32, 0xFF, 0xFF, 0xC0, 0xFF, 0xD1, 0xC7, 0xFF, 0xF7,
    0xBF, 0xDB, 0xFF, 0xB9, 0xF7, 0xBF, 0xCF, 0x7B, 0x01, 0xFF, 0x9F, 0x7F, 0xC0, 0x3E, 0xF1, 0xDF,
    0xFB, 0xB7, 0xFF, 0xFF, 0xFF, 0xFF, 0xEF, 0xF0, 0x7D, 0xDD, 0xFD, 0xC0, 0xF7, 0xBF, 0xFF, 0xFF,
    0xFF, 0xFF, 0xFF, 0xFF, 0xFF, 0xFF, 0xFF, 0xFF, 0xFF, 0xFF, 0xFB, 0xFF, 0xF3, 0xFF, 0xFC, 0xFF,
    0xDF, 0xC9, 0xC0, 0x00, 0x00, 0x00, 0x00, 0x00, 0x10, 0x10, 0x40, 0x00, 0x80, 0x00, 0x41, 0x11,
    0x04, 0x00, 0x00, 0x10, 0x00, 0x82, 0x20, 0x00, 0x90, 0x00, 0x00, 0x00, 0x01, 0x04, 0x02, 0x00,
    0x80, 0x00, 0x00, 0x20, 0x00, 0x20, 0x02, 0x00, 0x00, 0x40, 0x02, 0x39, 0xFF, 0xFD, 0xFF, 0xFE,
    0xC2, 0xC7, 0xBF, 0xD7, 0x3B, 0xFB, 0xAF, 0xFD, 0xFE, 0xFA, 0x3B, 0xFF, 0xA9, 0xDF, 0xDF, 0xF6,
    0xD5, 0x7B, 0xDA, 0xCF, 0xBC, 0x57, 0xF7, 0xFF, 0xFB, 0xFB, 0xBF, 0xF8, 0xB7, 0xC6, 0xB7, 0xF7,
    0xFF, 0x3F, 0xFF, 0xFF, 0xFF, 0xFF, 0xFF, 0xFF, 0xFF, 0xFF, 0xFF, 0xFF, 0xFF, 0xFF, 0xFB, 0xFD,
    0xF7, 0xEE, 0xFB, 0xFF, 0x9F, 0xC3, 0xC0, 0x01, 0x00, 0x00, 0x00, 0x80, 0x00, 0x01, 0x01, 0x08,
    0x04, 0x00, 0x14, 0x00, 0x00, 0x02, 0x00, 0x40, 0x12, 0x00, 0x00, 0x08, 0x00, 0x00, 0x00, 0x44,
    0x20, 0x00, 0x00, 0x02, 0x00, 0x00, 0x10, 0x80, 0x00, 0x80, 0x20, 0x10, 0x01, 0x00, 0x20, 0x3B,
    0xF7, 0xFE, 0x6F, 0xA7, 0xD1, 0xC7, 0xFB, 0x48, 0xBF, 0xF0, 0x9F, 0xFD, 0x57, 0xFF, 0x55, 0xEF,
    0x3F, 0xFD, 0xDA, 0xFF, 0xEF, 0xEF, 0xFD, 0xDE, 0xFE, 0xEF, 0xFF, 0xBB, 0x6F, 0xEF, 0xFE, 0xF8,
    0x7F, 0xC0, 0x3F, 0x6E, 0xBF, 0xBF, 0xFF, 0xFF, 0xFF, 0xFF, 0xFF, 0xFF, 0xFF, 0xFF, 0xFF, 0xFF,
    0xFF, 0xFF, 0xFB, 0xBF, 0xE3, 0xFF, 0xF9, 0xFF, 0x1F, 0xA1, 0xC0, 0x08, 0x08, 0x02, 0x22, 0x02,
    0x40, 0x40, 0x00, 0x20, 0x10, 0x48, 0x00, 0x44, 0x40, 0x10, 0x11, 0x00, 0x00, 0x08, 0x01, 0x00,
    0x02, 0x22, 0x49, 0x00, 0x04, 0x00, 0x10, 0x08, 0x00, 0x40, 0x80, 0x00, 0x02, 0x00, 0x00, 0x00,
    0x08, 0x01, 0x00, 0x79, 0xFF, 0x7E, 0x07, 0x83, 0xC3, 0xC7, 0xEF, 0xE2, 0x7F, 0x7A, 0x1D, 0xB8,
    0x0F, 0xFF, 0xFF, 0xFF, 0xBD, 0xFF, 0xC4, 0x7F, 0xFF, 0x7F, 0xF5, 0x9F, 0xFD, 0xBF, 0x7E, 0xFF,
    0xFF, 0xBF, 0xFB, 0xF8, 0xFD, 0xE0, 0x3D, 0xCA, 0xF7, 0x3F, 0xFF, 0xFF, 0xFF, 0xFF, 0xFF, 0xFF,
    0xFF, 0xFF, 0xFF, 0xFF, 0xFF, 0xFF, 0xFB, 0xF7, 0xF7, 0xFF, 0xFC, 0x50, 0x3F, 0xC3, 0xC0, 0x40,
    0x00, 0x88, 0x00, 0x00, 0x01, 0x00, 0x04, 0x00, 0x80, 0x01, 0x01, 0x01, 0x02, 0x00, 0x00, 0x00,
    0x80, 0x00, 0x04, 0x21, 0x00, 0x00, 0x00, 0x00, 0x00, 0x10, 0x00, 0x00, 0x01, 0x04, 0x02, 0x04,
    0x20, 0x00, 0x00, 0x00, 0x20, 0x00, 0x00, 0x39, 0xFF, 0xFE, 0x03, 0x01, 0xC1, 0xCB, 0x7F, 0xFF,
    0xF7, 0xFB, 0xFF, 0xFD, 0xE7, 0xDD, 0xB7, 0xBE, 0xAA, 0xDF, 0x8A, 0xEF, 0xD7, 0xBF, 0x78, 0x3B,
    0xF4, 0xFD, 0xEF, 0xFF, 0xFF, 0xFE, 0xEF, 0xF8, 0x77, 0xAF, 0xB7, 0xAB, 0x5F, 0xBF, 0xFF, 0xFF,
    0xFF, 0xFF, 0xFF, 0xFF, 0xFF, 0xFF, 0xFF, 0xFF, 0xFF, 0xFF, 0xFB, 0xFF, 0xF3, 0xFF, 0xFC, 0x02,
    0x3F, 0xA3, 0xC1, 0x00, 0x20, 0x00, 0x00, 0x08, 0x00, 0x04, 0x10, 0x02, 0x00, 0x00, 0x08, 0x28,
    0x08, 0x00, 0x80, 0x02, 0x00, 0x20, 0x90, 0x00, 0x10, 0x00, 0x00, 0x00, 0x80, 0x00, 0x80, 0x20,
    0x00, 0x00, 0x00, 0x00, 0x00, 0x00, 0x81, 0x00, 0x80, 0x04, 0x00, 0x3B, 0xFF, 0xF6, 0x13, 0x19,
    0xD3, 0xC7, 0xFF, 0xFF, 0xFF, 0xBF, 0xEF, 0xFE, 0xFE, 0xE6, 0x03, 0xFF, 0x81, 0xFD, 0xFF, 0x7D,
    0xC0, 0x3D, 0xFF, 0x7F, 0xDD, 0xF7, 0xFF, 0xED, 0xF6, 0xFF, 0xFF, 0xF8, 0xDF, 0xFF, 0xBF, 0x3D,
    0x7F, 0xBF, 0xFF, 0xFF, 0xFF, 0xFF, 0xFF, 0xFF, 0xFF, 0xFF, 0xFF, 0xFF, 0xFF, 0xFF, 0xF9, 0xBF,
    0xE7, 0xFF, 0xFC, 0x00, 0x7D, 0xC3, 0xC0, 0x00, 0x00, 0x00, 0x10, 0x20, 0x10, 0x00, 0x40, 0x80,
    0x01, 0x00, 0x21, 0x00, 0x00, 0x44, 0x04, 0x08, 0x08, 0x80, 0x00, 0x00, 0x00, 0x88, 0x00, 0x10,
    0x08, 0x80, 0x00, 0x80, 0x08, 0x00, 0x10, 0x10, 0x00, 0x02, 0x04, 0x10, 0x00, 0x00, 0x04, 0x79,
    0xEF, 0xFE, 0x6A, 0x1C, 0xC1, 0xC7, 0xEE, 0xDF, 0xDF, 0x55, 0x5F, 0xDF, 0x5F, 0xF6, 0x53, 0xFB,
    0x5D, 0xFF, 0xEB, 0xFF, 0xD5, 0x77, 0xF7, 0xEF, 0xFC, 0xAF, 0xFD, 0xFF, 0xBF, 0xF7, 0xBF, 0xF8,
    0x7E, 0xA9, 0x7D, 0xDC, 0xBB, 0x3F, 0xFF, 0xFF, 0xFF, 0xFF, 0xFF, 0xFF, 0xFF, 0xFF, 0xFF, 0xFF,
    0xFF, 0xFF, 0xFB, 0xFF, 0xF3, 0xDD, 0xF7, 0x00, 0xBF, 0xC9, 0xC0, 0x00, 0x80, 0x10, 0x81, 0x00,
    0x80, 0x20, 0x00, 0x08, 0x04, 0x24, 0x00, 0x40, 0x00, 0x00, 0x10, 0x40, 0x00, 0x02, 0x00, 0x08,
    0x40, 0x00, 0x92, 0x02, 0x00, 0x02, 0x04, 0x00, 0x40, 0x00, 0x00, 0x40, 0x00, 0x08, 0x00, 0x00,
    0x00, 0x10, 0x00, 0x31, 0xFF, 0xFE, 0xF9, 0x1D, 0xD3, 0xC7, 0xBF, 0xFD, 0xFD, 0x80, 0x0E, 0xFC,
    0x0F, 0xFF, 0xFF, 0xDF, 0xFF, 0xEF, 0xC0, 0xFF, 0xEF, 0xDF, 0xD9, 0xBF, 0x7C, 0x07, 0xF7, 0xFF,
    0xFF, 0xDF, 0xFF, 0xF8, 0xFE, 0x40, 0x2F, 0xDF, 0x7F, 0xBF, 0xFF, 0xFF, 0xFF, 0xFF, 0xFF, 0xFF,
    0xFF, 0xFF, 0xFF, 0xFF, 0xFF, 0xFF, 0xFB, 0xEE, 0xE7, 0xFF, 0xFF, 0xC3, 0xFF, 0xC3, 0xC0, 0x02,
    0x02, 0x00, 0x00, 0x00, 0x02, 0x01, 0x00, 0x00, 0x20, 0x00, 0x81, 0x00, 0x41, 0x00, 0x00, 0x00,
    0x00, 0x00, 0x01, 0x20, 0x02, 0x00, 0x00, 0x00, 0x00, 0x08, 0x00, 0x00, 0x00, 0x08, 0x44, 0x00,
    0x48, 0x80, 0x00, 0x00, 0x00, 0x40, 0x10, 0x3B, 0xFF, 0x7E, 0x70, 0x1C, 0xC1, 0xC7, 0xFF, 0xF7,
    0xFF, 0x96, 0x9F, 0xFD, 0xF7, 0xBF, 0xDE, 0xFF, 0x83, 0xBE, 0xDE, 0xDB, 0x7F, 0x7F, 0xF9, 0xCF,
    0xFD, 0xEF, 0xBF, 0xB7, 0xFF, 0x7E, 0xF7, 0xF8, 0x76, 0x40, 0x3F, 0x77, 0xDF, 0xBF, 0xFF, 0xFF,
    0xFF, 0xFF, 0xFF, 0xFF, 0xFF, 0xFF, 0xFF, 0xFF, 0xFF, 0xFF, 0xFB, 0xFF, 0xF7, 0xFF, 0xDF, 0xFF,
    0xFF, 0xC1, 0xC0, 0x00, 0x08, 0x00, 0x00, 0x02, 0x00, 0x00, 0x04, 0x80, 0x80, 0x00, 0x00, 0x04,
    0x08, 0x08, 0x80, 0x00, 0x44, 0x00, 0x24, 0x00, 0x00, 0x04, 0x00, 0x40, 0x20, 0x00, 0x00, 0x00,
    0x00, 0x20, 0x00, 0x00, 0x00, 0x00, 0x00, 0x02, 0x01, 0x00, 0x40, 0x79, 0xFF, 0xFE, 0x08, 0x19,
    0xD1, 0xC7, 0xFB, 0x7B, 0x77, 0xBF, 0xFF, 0xEA, 0xEE, 0xFE, 0x27, 0xFF, 0xAA, 0xFF, 0xDF, 0x7F,
    0xF1, 0x3F, 0x76, 0xDF, 0xF7, 0xFF, 0xFF, 0xFE, 0xDB, 0xFF, 0xFE, 0xF4, 0xBF, 0xFF, 0xBB, 0xFE,
    0xFB, 0x3F, 0xFF, 0xFF, 0xFF, 0xFF, 0xFF, 0xFF, 0xFF, 0xFF, 0xFF, 0xFF, 0xFF, 0xFF, 0xFB, 0x7F,
    0xF3, 0xFF, 0xFF, 0xFF, 0xBB, 0xA3, 0xC0, 0x08, 0x00, 0x02, 0x08, 0x10, 0x08, 0x44, 0x00, 0x08,
    0x00, 0x00, 0x08, 0x10, 0x00, 0x00, 0x02, 0x08, 0x00, 0x48, 0x80, 0x01, 0x10, 0x20, 0x00, 0x00,
    0x02, 0x20, 0x10, 0x02, 0x01, 0x00, 0x01, 0x00, 0x00, 0x00, 0x22, 0x20, 0x08, 0x00, 0x00, 0x39,
    0xEF, 0xF7, 0x02, 0xD8, 0xC3, 0xC7, 0x6F, 0xE7, 0xBF, 0xFE, 0xEE, 0xFF, 0xF7, 0xFF, 0x2B, 0xF6,
    0xBD, 0xFF, 0xBE, 0xFF, 0xE4, 0xBD, 0xFB, 0x1D, 0xDC, 0xDD, 0xFD, 0xFF, 0xFF, 0xFB, 0xDF, 0xF8,
    0x7F, 0xDF, 0xEF, 0xBB, 0xFF, 0xBF, 0xFF, 0xFF, 0xFF, 0xFF, 0xFF, 0xFF, 0xFF, 0xFF, 0xFF, 0xFF,
    0xFF, 0xFF, 0xFB, 0xF7, 0xE7, 0xEF, 0xFD, 0xB5, 0x9F, 0xC9, 0xC0, 0x00, 0x00, 0x48, 0x20, 0x80,
    0x20, 0x00, 0x10, 0x00, 0x01, 0x24, 0x20, 0x80, 0x20, 0x20, 0x08, 0x40, 0x00, 0x00, 0x00, 0x00,
    0x00, 0x00, 0x44, 0x08, 0x80, 0x00, 0x00, 0x10, 0x04, 0x01, 0x10, 0x04, 0x00, 0x10, 0x80, 0x00,
    0x20, 0x00, 0x00, 0x3B, 0xFF, 0xFF, 0x87, 0xF9, 0xD1, 0xC7, 0xFF, 0xE5, 0xBF, 0xFB, 0x7F, 0xFA,
    0xCF, 0xF6, 0xFB, 0xBF, 0xFF, 0xF7, 0xDA, 0xFD, 0xDB, 0x7F, 0xF8, 0xBF, 0xFC, 0xE7, 0xEF, 0xDF,
    0xFF, 0xEF, 0xFF, 0xF8, 0xF6, 0xFB, 0x7E, 0xEF, 0xB7, 0xBF, 0xFF, 0xFF, 0xFF, 0xFF, 0xFF, 0xFF,
    0xFF, 0xFF, 0xFF, 0xFF, 0xFF, 0xFF, 0xFB, 0xFF, 0xF3, 0xFF, 0x08, 0x00, 0x3F, 0xC3, 0xC0, 0x40,
    0x00, 0x00, 0x00, 0x00, 0x00, 0x00, 0x40, 0x40, 0x08, 0x00, 0x00, 0x00, 0x81, 0x01, 0x00, 0x01,
    0x11, 0x00, 0x00, 0x20, 0x01, 0x00, 0x00, 0x00, 0x00, 0x00, 0x81, 0x00, 0x10, 0x00, 0x00, 0x20,
    0x42, 0x00, 0x00, 0x00, 0x00, 0x01, 0x00, 0x79, 0xFE, 0xFF, 0xFF, 0xFF, 0xC3, 0xC7, 0xFE, 0xDB,
    0x3D, 0xBE, 0xFF, 0xBD, 0x1F, 0xDE, 0xFF, 0xFF, 0x5C, 0xFE, 0xE1, 0x77, 0xED, 0xBF, 0xEF, 0x6F,
    0xFB, 0x67, 0xFF, 0xFB, 0xBB, 0x7F, 0x7B, 0xF8, 0x7F, 0xEF, 0xF7, 0xF6, 0xFF, 0x3F, 0xFF, 0xFF,
    0xFF, 0xFF, 0xFF, 0xFF, 0xFF, 0xFF, 0xFF, 0xFF, 0xFF, 0xFF, 0xFB, 0xBF, 0xF7, 0xFF, 0x0C, 0x00,
    0x1F, 0xC3, 0xC0, 0x00, 0x42, 0x00, 0x00, 0x02, 0x01, 0x10, 0x01, 0x02, 0x20, 0x00, 0x80, 0x00,
    0x00, 0x00, 0x00, 0x00, 0x00, 0x00, 0x01, 0x04, 0x44, 0x02, 0x00, 0x40, 0x08, 0x42, 0x00, 0x00,
    0x00, 0x04, 0x00, 0x00, 0x00, 0x00, 0x00, 0x04, 0x00, 0x08, 0x04, 0x32, 0xFF, 0xFF, 0xD7, 0xFF,
    0xD1, 0xC7, 0xBB, 0xF7, 0x3F, 0xFE, 0x7B, 0xFE, 0xBD, 0xFF, 0x63, 0xFD, 0xA3, 0xFF, 0xEB, 0xFF,
    0xEA, 0x3B, 0xBD, 0xFE, 0xFE, 0xEF, 0xFE, 0xFF, 0xFF, 0xFF, 0xFF, 0xF8, 0xBD, 0xBF, 0x7F, 0xBB,
    0xFB, 0xBF, 0xFF, 0xFF, 0xFF, 0xFF, 0xFF, 0xFF, 0xFF, 0xFF, 0xFF, 0xFF, 0xFF, 0xFF, 0xF9, 0xFF,
    0xE3, 0xDF, 0x8C, 0x00, 0x3F, 0xA1, 0xC0, 0x01, 0x00, 0x00, 0x02, 0x10, 0x00, 0x01, 0x00, 0x00,
    0x00, 0x00, 0x02, 0x04, 0x00, 0x08, 0x20, 0x08, 0x00, 0x09, 0x24, 0x00, 0x00, 0x10, 0x10, 0x01,
    0x00, 0x00, 0x04, 0x00, 0x00, 0x00, 0x00, 0x00, 0x00, 0x02, 0x01, 0x10, 0x00, 0x20, 0x10, 0x39,
    0xFF, 0xF7, 0x47, 0x3F, 0xC1, 0xCB, 0xFF, 0xF2, 0x77, 0xF6, 0xFF, 0xEF, 0xEF, 0xFE, 0xAF, 0xBF,
    0x93, 0xDF, 0x7E, 0xFF, 0x76, 0xBF, 0xE0, 0xBF, 0xDD, 0x4F, 0xB7, 0xEF, 0xEF, 0xFB, 0xEF, 0xF8,
    0x7F, 0xFD, 0xED, 0xCE, 0xBF, 0xBF, 0xFF, 0xFF, 0xFF, 0xFF, 0xFF, 0xFF, 0xFF, 0xFF, 0xFF, 0xFF,
    0xFF, 0xFF, 0xFB, 0xF7, 0xF7, 0xFF, 0x9C, 0x08, 0x1D, 0xCB, 0xC0, 0x04, 0x00, 0x00, 0x88, 0x00,
    0x20, 0x00, 0x00, 0x08, 0x00, 0x88, 0x00, 0x20, 0x08, 0x40, 0x02, 0x40, 0x44, 0x40, 0x00, 0x00,
    0x00, 0x00, 0x41, 0x04, 0x00, 0x00, 0x10, 0x01, 0x00, 0x20, 0x44, 0x44, 0x00, 0x90, 0x04, 0x00,
    0x01, 0x00, 0x00, 0x7B, 0xF7, 0xDF, 0x07, 0xBD, 0xC3, 0xC7, 0xFE, 0x59, 0xFF, 0xDF, 0x6E, 0xD7,
    0xCF, 0xBB, 0x8E, 0xFF, 0xFD, 0xFA, 0xFA, 0xEF, 0xFF, 0xFF, 0xC2, 0x7F, 0xFE, 0x1F, 0xFF, 0xFE,
    0xFF, 0xBF, 0xBF, 0xF4, 0xF7, 0xC7, 0xFF, 0x7D, 0xEF, 0x3F, 0xFF, 0xFF, 0xFF, 0xFF, 0xFF, 0xFF,
    0xFF, 0xFF, 0xFF, 0xFF, 0xFF, 0xFF, 0xFB, 0xDF, 0xE3, 0xFE, 0xFE, 0xFF, 0xDF, 0xC1, 0xC0, 0x10,
    0x00, 0x22, 0x00, 0x00, 0x02, 0x20, 0x08, 0x20, 0x82, 0x00, 0x10, 0x00, 0x20, 0x00, 0x80, 0x01,
    0x00, 0x00, 0x00, 0x21, 0x00, 0x80, 0x00, 0x00, 0x02, 0x10, 0x00, 0x20, 0x00, 0x80, 0x00, 0x00,
    0x90, 0x00, 0x10, 0x00, 0x40, 0x00, 0x00, 0x39, 0xFF, 0xFE, 0x07, 0x9F, 0xD1, 0xC7, 0xB7, 0x7F,
    0x7F, 0x7F, 0xBF, 0xD7, 0xEE, 0xFF, 0xFF, 0xF7, 0xF5, 0xFD, 0x7E, 0xFF, 0xAC, 0xFD, 0x9F, 0x3B,
    0xF7, 0xFE, 0xFF, 0x7F, 0xFD, 0xFE, 0xFD, 0xF8, 0x7E, 0xE7, 0xBD, 0xAE, 0xBD, 0xBF, 0xFF, 0xFF,
    0xFF, 0xFF, 0xFF, 0xFF, 0xFF, 0xFF, 0xFF, 0xFF, 0xFF, 0xFF, 0xFB, 0xFF, 0xF7, 0xFB, 0xFF, 0xFF,
    0xFF, 0xC3, 0xC0, 0x80, 0x08, 0x80, 0x00, 0x42, 0x00, 0x02, 0x01, 0x00, 0x08, 0x01, 0x00, 0x00,
    0x81, 0x02, 0x08, 0x00, 0x00, 0x00, 0x00, 0x00, 0x12, 0x01, 0x00, 0x10, 0x10, 0x00, 0x80, 0x00,
    0x10, 0x02, 0x00, 0x00, 0x00, 0x00, 0x00, 0x00, 0x00, 0x00, 0x00, 0x39, 0xFF, 0xFE, 0x67, 0xCF,
    0xC3, 0xC7, 0xFE, 0xEF, 0xB7, 0x95, 0x9F, 0xDF, 0x77, 0xF0, 0x7F, 0xFF, 0x7C, 0xFD, 0xFE, 0x7D,
    0x10, 0x37, 0xAF, 0xCF, 0xD1, 0xFF, 0xFD, 0xFB, 0xBF, 0xF7, 0xFF, 0xF8, 0x7B, 0xC1, 0xF7, 0xBF,
    0x7F, 0xBF, 0xFF, 0xFF, 0xFF, 0xFF, 0xFF, 0xFF, 0xFF, 0xFF, 0xFF, 0xFF, 0xFF, 0xFF, 0xFB, 0xFE,
    0xE7, 0xDF, 0xFC, 0xFF, 0x5F, 0xD3, 0xC0, 0x00, 0x00, 0x00, 0x00, 0x00, 0x08, 0x00, 0x20, 0x00,
    0x00, 0x00, 0x01, 0x02, 0x00, 0x00, 0x00, 0x10, 0x02, 0x02, 0x22, 0x00, 0x00, 0x08, 0x00, 0x00,
    0x00, 0x00, 0x00, 0x00, 0x00, 0x00, 0x02, 0x02, 0x01, 0x00, 0x40, 0x00, 0x04, 0x01, 0x00, 0x79,
    0xDE, 0xFD, 0x77, 0x9F, 0xD1, 0xC7, 0xFF, 0x00, 0x3F, 0x59, 0xCD, 0xDF, 0xEF, 0xE8, 0x7D, 0xDF,
    0xFD, 0xED, 0xEF, 0xF7, 0x0B, 0x7F, 0xBF, 0xDF, 0xC1, 0xFF, 0xEF, 0xFF, 0xFF, 0xDF, 0xF7, 0xF8,
    0xDF, 0xE3, 0xFF, 0xD5, 0x77, 0x3F, 0xFF, 0xFF, 0xFF, 0xFF, 0xFF, 0xFF, 0xFF, 0xFF, 0xFF, 0xFF,
    0xFF, 0xFF, 0xFB, 0x7F, 0xF3, 0xFF, 0xFC, 0xFF, 0xBF, 0xA1, 0xC0, 0x00, 0x00, 0x00, 0x11, 0x08,
    0x20, 0x08, 0x00, 0x00, 0x20, 0x10, 0x04, 0x10, 0x00, 0x10, 0x00, 0x80, 0x20, 0x20, 0x00, 0x08,
    0x40, 0x00, 0x02, 0x00, 0x40, 0x42, 0x01, 0x04, 0x00, 0x08, 0x08, 0x10, 0x00, 0x02, 0x00, 0x08,
    0x00, 0x00, 0x10, 0x35, 0xFF, 0xFE, 0x67, 0x9F, 0xC3, 0xC7, 0x77, 0xD5, 0x5F, 0xBB, 0xFF, 0xDD,
    0xF7, 0xE7, 0x7F, 0xFF, 0xFF, 0xFE, 0xFE, 0xFE, 0xF7, 0xBF, 0xBE, 0xFF, 0xDC, 0xFB, 0xBF, 0xEF,
    0xF7, 0x7F, 0xDF, 0xF8, 0x7F, 0xA0, 0xDE, 0xA1, 0xFF, 0xBF, 0xFF, 0xFF, 0xFF, 0xFF, 0xFF, 0xFF,
    0xFF, 0xFF, 0xFF, 0xFF, 0xFF, 0xFF, 0xFB, 0xEF, 0xF7, 0xFF, 0xFC, 0xFF, 0x8F, 0xC3, 0xC0, 0x00,
    0x40, 0x00, 0x40, 0x00, 0x00, 0x40, 0x02, 0x09, 0x00, 0x40, 0x90, 0x00, 0x04, 0x00, 0x44, 0x02,
    0x00, 0x00, 0x00, 0x40, 0x00, 0x20, 0x08, 0x20, 0x00, 0x00, 0x04, 0x10, 0x42, 0x20, 0x20, 0x00,
    0x04, 0x10, 0x00, 0x40, 0x00, 0x10, 0x00, 0x39, 0xFF, 0xFE, 0x22, 0x1F, 0xC1, 0xC7, 0xFF, 0xEF,
    0xFD, 0xFA, 0xDF, 0xDF, 0xEE, 0xFF, 0xBB, 0xFB, 0xBA, 0xFD, 0xFF, 0x7F, 0x77, 0xBF, 0x7F, 0xDD,
    0xDF, 0x6F, 0xFF, 0xBE, 0xDF, 0xFE, 0xFF, 0xF0, 0xFB, 0xD1, 0xFB, 0xFD, 0x6F, 0xBF, 0xFF, 0xFF,
    0xFF, 0xFF, 0xFF, 0xFF, 0xFF, 0xFF, 0xFF, 0xFF, 0xFF, 0xFF, 0xFB, 0xFF, 0xE3, 0xFF, 0xD0, 0x80,
    0x1F, 0xA3, 0xC0, 0x02, 0x02, 0x09, 0x00, 0x00, 0x80, 0x00, 0x10, 0x20, 0x01, 0x00, 0x00, 0x00,
    0x10, 0x42, 0x00, 0x00, 0x04, 0x04, 0x10, 0x00, 0x02, 0x00, 0x40, 0x02, 0x01, 0x00, 0x00, 0x00,
    0x00, 0x00, 0x00, 0x00, 0x40, 0x00, 0x00, 0x00, 0x40, 0x00, 0x00, 0x7B, 0xFF, 0xEF, 0x00, 0x3D,
    0xD2, 0xC7, 0xDE, 0xFF, 0xBF, 0xBB, 0xDB, 0xDF, 0xE7, 0xEF, 0xEB, 0xF5, 0xED, 0xEE, 0xFE, 0xFE,
    0xED, 0x7B, 0xB7, 0xAF, 0xEF, 0xF7, 0xFE, 0xFF, 0xFF, 0xFB, 0xFF, 0xF8, 0x6F, 0xD0, 0xEF, 0xD7,
    0xFD, 0x3F, 0xFF, 0xFF, 0xFF, 0xFF, 0xFF, 0xFF, 0xFF, 0xFF, 0xFF, 0xFF, 0xFF, 0xFF, 0xFB, 0xFF,
    0xF7, 0xFF, 0xE0, 0x00, 0x1F, 0xC1, 0xC0, 0x10, 0x00, 0x20, 0x00, 0x00, 0x01, 0x01, 0x00, 0x00,
    0x04, 0x00, 0x00, 0x00, 0x80, 0x00, 0x00, 0x20, 0x90, 0x40, 0x41, 0x01, 0x08, 0x01, 0x00, 0x00,
    0x04, 0x00, 0x20, 0x00, 0x00, 0x00, 0x00, 0x00, 0x00, 0x00, 0x02, 0x00, 0x00, 0x00, 0x01, 0x39,
    0xFE, 0xFF, 0x00, 0x5F, 0xC1, 0xC7, 0x7F, 0x60, 0x37, 0x84, 0x8F, 0x65, 0x5F, 0xE0, 0x13, 0xD8,
    0x11, 0xFE, 0xA8, 0xDF, 0x12, 0x3F, 0x88, 0x1F, 0xC8, 0x0F, 0xF7, 0xFB, 0xFE, 0xFF, 0xF6, 0xF8,
    0xBE, 0xD1, 0x7F, 0x7F, 0x77, 0xBF, 0xFF, 0xFF, 0xFF, 0xFF, 0xFF, 0xFF, 0xFF, 0xFF, 0xFF, 0xFF,
    0xFF, 0xFF, 0xFB, 0x6F, 0xF3, 0xDE, 0xF0, 0x00, 0x2F, 0xCB, 0xC0, 0x40, 0x00, 0x00, 0x02, 0x24,
    0x00, 0x00, 0x00, 0x80, 0x10, 0x02, 0x00, 0x48, 0x00, 0x00, 0x20, 0x82, 0x00, 0x00, 0x00, 0x00,
    0x00, 0x00, 0x00, 0x00, 0x10, 0x08, 0x80, 0x00, 0x00, 0x00, 0x00, 0x40, 0x00, 0x40, 0x08, 0x00,
    0x01, 0x01, 0x00, 0x39, 0xF7, 0xFF, 0xC1, 0x7F, 0xD3, 0xC7, 0xFE, 0x65, 0x3F, 0x00, 0x1F, 0xF1,
    0x0F, 0x70, 0x03, 0xF9, 0x01, 0xFE, 0x22, 0xFE, 0x00, 0x3F, 0x00, 0x5F, 0xC0, 0x07, 0x7F, 0xFF,
    0xFB, 0xEF, 0xBF, 0xF8, 0xFF, 0xD8, 0xFB, 0xFD, 0xDF, 0xBF, 0xFF, 0xFF, 0xFF, 0xFF, 0xFF, 0xFF,
    0xFF, 0xFF, 0xFF, 0xFF, 0xFF, 0xFF, 0xF9, 0xFE, 0xE7, 0xFF, 0xFC, 0x00, 0x3F, 0xA1, 0xC0, 0x00,
    0x10, 0x00, 0x00, 0x00, 0x08, 0x08, 0x10, 0x02, 0x40, 0x00, 0x21, 0x00, 0x01, 0x08, 0x82, 0x00,
    0x00, 0x00, 0x00, 0x08, 0x00, 0x10, 0x01, 0x10, 0x40, 0x00, 0x00, 0x22, 0x10, 0x81, 0x00, 0x02,
    0x01, 0x00, 0x80, 0x01, 0x04, 0x00, 0x10, 0x39, 0xFF, 0xFF, 0xFF, 0xFF, 0xC1, 0xCB, 0xFB, 0xFF,
    0xFF, 0xFF, 0xDF, 0xF8, 0x3F, 0xEF, 0xFB, 0xFB, 0xFD, 0xBF, 0x8B, 0xFB, 0x7F, 0xBF, 0xFF, 0xDD,
    0xDF, 0xF7, 0xFF, 0xDF, 0xBF, 0xFE, 0xFF, 0xF8, 0x7F, 0xC8, 0x6F, 0xEF, 0xFF, 0x3F, 0xFF, 0xFF,
    0xFF, 0xFF, 0xFF, 0xFF, 0xFF, 0xFF, 0xFF, 0xFF, 0xFF, 0xFF, 0xFB, 0xFF, 0xF3, 0xFF, 0xFC, 0x7F,
    0xFF, 0xC3, 0xC0, 0x00, 0x01, 0x00, 0x00, 0x00, 0x20, 0x20, 0x40, 0x08, 0x00, 0x10, 0x00, 0x00,
    0x08, 0x00, 0x00, 0x00, 0x02, 0x24, 0x00, 0x20, 0x40, 0x40, 0x04, 0x00, 0x00, 0x00, 0x01, 0x00,
    0x00, 0x00, 0x10, 0x00, 0x10, 0x02, 0x00, 0x04, 0x00, 0x08, 0x00, 0x7B, 0xFF, 0xFF, 0xFF, 0x1F,
    0xC3, 0xC7, 0xEF, 0xF6, 0x5F, 0xBF, 0xEE, 0xFF, 0xFF, 0xFF, 0xFF, 0xFF, 0xFF, 0xFB, 0xF7, 0xFF,
    0xFF, 0xFB, 0xBF, 0xEF, 0xFF, 0xFF, 0xF7, 0x7E, 0xFF, 0xFF, 0xFF, 0xF8, 0xF6, 0xD0, 0xFE, 0xFF,
    0x7B, 0xBF, 0xFF, 0xFF, 0xFF, 0xFF, 0xFF, 0xFF, 0xFF, 0xFF, 0xFF, 0xFF, 0xFF, 0xFF, 0xFB, 0xFF,
    0xF7, 0xFF, 0xFF, 0x7F, 0xFF, 0xA1, 0xC0, 0x00, 0x80, 0x04, 0x44, 0x00, 0x80, 0x80, 0x02, 0x20,
    0x00, 0x40, 0x00, 0x01, 0x20, 0x00, 0x00, 0x08, 0x20, 0x00, 0x49, 0x00, 0x02, 0x00, 0x20, 0x01,
    0x00, 0x40, 0x00, 0x00, 0x00, 0x04, 0x01, 0x00, 0x00, 0x00, 0x00, 0x10, 0x00, 0x00, 0x00, 0x31,
    0xFF, 0xF7, 0xFF, 0x1D, 0xD1, 0xC7, 0xBF, 0xFF, 0x3D, 0xFE, 0xFF, 0xEF, 0xFD, 0xFF, 0xFF, 0xBB,
    0xFF, 0xFF, 0xFF, 0xFF, 0xFF, 0xFF, 0xFF, 0xFF, 0xFF, 0xFF, 0xBF, 0xFF, 0xFF, 0x7B, 0xED, 0xF8,
    0x7F, 0xE0, 0xF7, 0xD3, 0x6F, 0xBF, 0xFF, 0xFF, 0xFF, 0xFF, 0xFF, 0xFF, 0xFF, 0xFF, 0xFF, 0xFF,
    0xFF, 0xFF, 0xFB, 0xEF, 0xE3, 0xF7, 0xFF, 0xFB, 0xFB, 0xC3, 0xC0, 0x02, 0x00, 0x10, 0x00, 0x44,
    0x00, 0x00, 0x00, 0x00, 0x01, 0x01, 0x08, 0x04, 0x00, 0x44, 0x08, 0x00, 0x80, 0x00, 0x00, 0x00,
    0x00, 0x01, 0x00, 0x00, 0x00, 0x08, 0x88, 0x00, 0x00, 0x00, 0x00, 0x00, 0x00, 0x00, 0x00, 0x00,
    0x00, 0x00, 0x00, 0x3A, 0xEF, 0xBF, 0x7F, 0xCF, 0xC3, 0xC7, 0xFF, 0xDF, 0xFF, 0xFB, 0xFF, 0xFF,
    0xFF, 0xFF, 0xFF, 0xFF, 0xFF, 0xDF, 0xFF, 0xDF, 0xFF, 0xFF, 0xFF, 0xFF, 0x77, 0xFD, 0xFF, 0xFF,
    0xF7, 0xFF, 0xBF, 0xF8, 0xBD, 0xE1, 0x7F, 0x6A, 0x7F, 0x3F, 0xFF, 0xFF, 0xFF, 0xFF, 0xFF, 0xFF,
    0xFF, 0xFF, 0xFF, 0xFF, 0xFF, 0xFF, 0xFB, 0xFF, 0xF7, 0xDF, 0x77, 0xEA, 0xEF, 0xC9, 0xC0, 0x08,
    0x04, 0x00, 0x00, 0x00, 0x00, 0x01, 0x00, 0x00, 0x08, 0x00, 0x00, 0x40, 0x00, 0x00, 0x20, 0x40,
    0x01, 0x00, 0x00, 0x01, 0x08, 0x00, 0x00, 0x10, 0x04, 0x00, 0x00, 0x00, 0x84, 0x20, 0x00, 0x08,
    0x80, 0x00, 0x08, 0x40, 0x10, 0x00, 0x00, 0x79, 0xFE, 0xFF, 0xFF, 0x9F, 0xD1, 0xC7, 0xFF, 0x7F,
    0xBF, 0xDF, 0xF7, 0x7E, 0xEF, 0xB7, 0xFB, 0xFF, 0xEE, 0xFF, 0xFF, 0x7B, 0x76, 0xEF, 0xEE, 0xDD,
    0xFF, 0xBF, 0xFD, 0xF7, 0xDF, 0xEF, 0xFF, 0xF8, 0x7F, 0xBC, 0xDB, 0xFC, 0xFB, 0xBF, 0xFF, 0xFF,
    0xFF, 0xFF, 0xFF, 0xFF, 0xFF, 0xFF, 0xFF, 0xFF, 0xFF, 0xFF, 0xFB, 0xBF, 0xF3, 0xFF, 0xBF, 0xA0,
    0xBF, 0xA3, 0xC0, 0x40, 0x00, 0x00, 0x00, 0x00, 0x02, 0x04, 0x09, 0x01, 0x20, 0x00, 0x20, 0x00,
    0x01, 0x00, 0x80, 0x00, 0x04, 0x08, 0x80, 0x04, 0x00, 0x04, 0x00, 0x40, 0x00, 0x00, 0x00, 0x10,
    0x00, 0x00, 0x20, 0x00, 0x04, 0x44, 0x00, 0x00, 0x00, 0x20, 0x44, 0x3B, 0xFF, 0xEF, 0xF7, 0x5F,
    0xC1, 0xC7, 0xFB, 0xFF, 0x77, 0x7F, 0xDF, 0xFB, 0xFE, 0xFF, 0xBF, 0xDF, 0x7F, 0xFD, 0xDD, 0xFF,
    0xFF, 0xFD, 0xBF, 0xFF, 0xFF, 0xFF, 0xEF, 0xDF, 0x7F, 0xFE, 0xFF, 0xF8, 0xF7, 0xE8, 0xFF, 0x10,
    0x6F, 0xBF, 0xFF, 0xFF, 0xFF, 0xFF, 0xFF, 0xFF, 0xFF, 0xFF, 0xFF, 0xFF, 0xFF, 0xFF, 0xFB, 0xFF,
    0xE7, 0xFF, 0x8F, 0x80, 0x3F, 0xC1, 0xC0, 0x00, 0x00, 0x40, 0x84, 0x10, 0x10, 0x00, 0x00, 0x24,
    0x00, 0x08, 0x81, 0x00, 0x08, 0x00, 0x00, 0x04, 0x00, 0x00, 0x08, 0x90, 0x00, 0x20, 0x04, 0x00,
    0x80, 0x40, 0x00, 0x80, 0x00, 0x00, 0x82, 0x00, 0x00, 0x00, 0x00, 0x00, 0x00, 0x80, 0x00, 0x39,
    0xFF, 0xC0, 0x14, 0x9F, 0xD3, 0xC7, 0x6F, 0x7F, 0xBF, 0xFE, 0xFF, 0xDF, 0xBF, 0xFF, 0xEF, 0x7F,
    0xF7, 0xFF, 0xF7, 0xFF, 0xFD, 0xFF, 0xFE, 0xFF, 0xFE, 0xF7, 0x7F, 0xFF, 0xFE, 0xFF, 0xF7, 0xF0,
    0x7E, 0xF4, 0xF7, 0xA7, 0xBF, 0x3F, 0xFF, 0xFF, 0xFF, 0xFF, 0xFF, 0xFF, 0xFF, 0xFF, 0xFF, 0xFF,
    0xFF, 0xFF, 0xF9, 0xFD, 0xF3, 0xFF, 0x0F, 0x00, 0x3F, 0xC3, 0xC0, 0x00, 0x20, 0x00, 0x00, 0x41,
    0x00, 0x20, 0x00, 0x00, 0x00, 0x20, 0x00, 0x04, 0x40, 0x08, 0x01, 0x00, 0x40, 0x20, 0x00, 0x00,
    0x20, 0x80, 0x10, 0x00, 0x11, 0x02, 0x20, 0x00, 0x10, 0x00, 0x00, 0x00, 0x00, 0x00, 0x20, 0x00,
    0x00, 0x00, 0x00, 0x79, 0xFF, 0xE0, 0x00, 0x1F, 0xC1, 0xC7, 0xFE, 0xD5, 0x3F, 0xFE, 0x7D, 0xFF,
    0x7F, 0xFE, 0xDF, 0xFD, 0xEF, 0xDF, 0xFB, 0xFF, 0xDD, 0xF7, 0xFD, 0x7B, 0xDF, 0x3F, 0xFF, 0x7F,
    0xFF, 0xDB, 0xDE, 0xF8, 0xFF, 0xF8, 0xDD, 0xA6, 0xFD, 0xBF, 0xFF, 0xFF, 0xFF, 0xFF, 0xFF, 0xFF,
    0xFF, 0xFF, 0xFF, 0xFF, 0xFF, 0xFF, 0xFB, 0xF7, 0xE7, 0xFB, 0x9F, 0x07, 0x1F, 0xA3, 0xC0, 0x00,
    0x81, 0x04, 0x00, 0x00, 0x00, 0x00, 0x21, 0x00, 0x01, 0x00, 0x00, 0x10, 0x00, 0x00, 0x00, 0x00,
    0x00, 0x01, 0x20, 0x00, 0x02, 0x00, 0x00, 0x00, 0x00, 0x00, 0x00, 0x02, 0x00, 0x04, 0x00, 0x21,
    0x00, 0x00, 0x01, 0x01, 0x00, 0x01, 0x00, 0x33, 0xEE, 0xC0, 0x00, 0x1F, 0xC3, 0xC7, 0xFF, 0x00,
    0x3E, 0xF6, 0xFF, 0xFF, 0x37, 0xFB, 0xAF, 0xFF, 0xE7, 0x7E, 0xEB, 0xEF, 0x7A, 0xFF, 0xFE, 0xFF,
    0xFF, 0xBF, 0xFD, 0xFD, 0xFB, 0xFF, 0xFF, 0xF8, 0x77, 0xB0, 0xFF, 0xD5, 0x37, 0xBF, 0xFF, 0xFF,
    0xFF, 0xFF, 0xFF, 0xFF, 0xFF, 0xFF, 0xFF, 0xFF, 0xFF, 0xFF, 0xFB, 0xFF, 0xF3, 0xEF, 0x3E, 0x0F,
    0xAF, 0xC9, 0xC0, 0x00, 0x00, 0x00, 0x10, 0x00, 0x00, 0x81, 0x04, 0x00, 0x08, 0x00, 0x04, 0x00,
    0x00, 0x20, 0x84, 0x10, 0x04, 0x00, 0x00, 0x00, 0x00, 0x00, 0x40, 0x04, 0x00, 0x08, 0x02, 0x00,
    0x00, 0x80, 0x00, 0x00, 0x10, 0x00, 0x00, 0x04, 0x08, 0x00, 0x00, 0x39, 0xFF, 0xEB, 0xAA, 0x9D,
    0xD1, 0xC7, 0xFE, 0x55, 0x7B, 0xFE, 0xF7, 0xBB, 0xBF, 0xBF, 0xDF, 0xFF, 0xDF, 0xFF, 0xF7, 0xFF,
    0xFD, 0xFF, 0xEE, 0x7F, 0x7B, 0x7D, 0xDF, 0xF7, 0xDF, 0xFF, 0x7F, 0xF8, 0xFE, 0xF8, 0xEE, 0xDA,
    0x7F, 0xBF, 0xFF, 0xFF, 0xFF, 0xFF, 0xFF, 0xFF, 0xFF, 0xFF, 0xFF, 0xFF, 0xFF, 0xFF, 0xFB, 0xFF,
    0xF7, 0xFF, 0xBD, 0x1F, 0x9F, 0xC3, 0xC0, 0x22, 0x00, 0x00, 0x00, 0x00, 0x44, 0x04, 0x00, 0x11,
    0x20, 0x01, 0x10, 0x00, 0x01, 0x00, 0x00, 0x00, 0x10, 0x40, 0x02, 0x01, 0x00, 0x02, 0x00, 0x40,
    0x00, 0x00, 0x00, 0x00, 0x00, 0x00, 0x02, 0x00, 0x00, 0x88, 0x80, 0x00, 0x00, 0x00, 0x04, 0x7A,
    0xFF, 0xDF, 0xFF, 0xEF, 0xC3, 0xCB, 0xB7, 0x7F, 0xBF, 0xDE, 0xBE, 0xFF, 0x7F, 0xFF, 0xDF, 0xDF,
    0xE7, 0xFB, 0xFB, 0xBF, 0xFA, 0xEF, 0x7E, 0xFB, 0xFF, 0x5F, 0xFF, 0xFF, 0xFF, 0xBD, 0xF7, 0xF8,
    0x7F, 0xF8, 0xBB, 0xFD, 0xEF, 0x3F, 0xFF, 0xFF, 0xFF, 0xFF, 0xFF, 0xFF, 0xFF, 0xFF, 0xFF, 0xFF,
    0xFF, 0xFF, 0xFB, 0xBF, 0xE3, 0xFF, 0x3C, 0x0F, 0xBF, 0xA1, 0xC0, 0x80, 0x04, 0x10, 0x41, 0x08,
    0x00, 0x00, 0x00, 0x00, 0x00, 0x04, 0x00, 0x40, 0x88, 0x00, 0x00, 0x01, 0x00, 0x04, 0x08, 0x20,
    0x10, 0x08, 0x00, 0x00, 0x42, 0x00, 0x88, 0x20, 0x40, 0x00, 0x10, 0x02, 0x00, 0x00, 0x00, 0x00,
    0x00, 0x08, 0x00, 0x39, 0xFF, 0xFF, 0xFF, 0xFF, 0xD1, 0xC7, 0xFF, 0xFF, 0xFF, 0xFF, 0xFF, 0xFF,
    0xFE, 0xFF, 0xFE, 0xFD, 0xFF, 0xFF, 0xF7, 0xFD, 0xFF, 0xFF, 0xFF, 0xFF, 0xFF, 0xFF, 0xFB, 0xDF,
    0xFF, 0xF7, 0xFF, 0xF8, 0xF7, 0xDC, 0xFF, 0xF7, 0xBD, 0xBF, 0xFF, 0xFF, 0xFF, 0xFF, 0xFF, 0xFF,
    0xFF, 0xFF, 0xFF, 0xFF, 0xFF, 0xFF, 0xFB, 0xFF, 0xF7, 0xFF, 0x90, 0x3F, 0x9F, 0xC3, 0xC0, 0x00,
    0x00, 0x00, 0x00, 0x00, 0x00, 0x00, 0x00, 0x80, 0x00, 0x40, 0x00, 0x00, 0x00, 0x04, 0x10, 0x00,
    0x00, 0x00, 0x40, 0x00, 0x00, 0x20, 0x02, 0x00, 0x00, 0x20, 0x00, 0x02, 0x04, 0x10, 0x40, 0x08,
    0x00, 0x00, 0x00, 0x00, 0x00, 0x80, 0x10, 0x3B, 0xF7, 0xFE, 0xFF, 0xFF, 0xC1, 0xC7, 0xFF, 0xFF,
    0xDB, 0xFB, 0xF7, 0xFF, 0xBB, 0xF7, 0x7B, 0xFF, 0xFF, 0x7F, 0xBF, 0xFF, 0xFF, 0xFD, 0xFF, 0xFF,
    0xFF, 0xFB, 0xBF, 0xFF, 0x7B, 0xFF, 0xFF, 0xF8, 0x7E, 0xF8, 0x7F, 0x7F, 0xFF, 0xBF, 0xFF, 0xFF,
    0xFF, 0xFF, 0xFF, 0xFF, 0xFF, 0xFF, 0xFF, 0xFF, 0xFF, 0xFF, 0xFB, 0xFF, 0xE7, 0xBB, 0x84, 0x3E,
    0x1F, 0xA3, 0xC0, 0x00, 0x00, 0x40, 0x00, 0x00, 0x80, 0x40, 0x24, 0x04, 0x41, 0x00, 0x00, 0x04,
    0x00, 0x00, 0x40, 0x88, 0x00, 0x00, 0x00, 0x00, 0x01, 0x00, 0x00, 0x01, 0x00, 0x00, 0x00, 0x00,
    0x00, 0x00, 0x00, 0x00, 0x00, 0x00, 0x08, 0x88, 0x00, 0x00, 0x00, 0x79, 0xFF, 0x7B, 0xFF, 0xFF,
    0xD3, 0xC7, 0xBD, 0xF7, 0xFF, 0xEF, 0xBF, 0xDB, 0xFF, 0xFF, 0xFF, 0xFF, 0xBF, 0xEE, 0xFF, 0x7F,
    0xDD, 0xF7, 0xFD, 0xDF, 0xB7, 0x7F, 0xFF, 0xFF, 0xEF, 0xFF, 0xB6, 0xF8, 0xFF, 0xFC, 0x77, 0xFD,
    0xF7, 0x3F, 0xFF, 0xFF, 0xFF, 0xFF, 0xFF, 0xFF, 0xFF, 0xFF, 0xFF, 0xFF, 0xFF, 0xFF, 0xF9, 0xEF,
    0xF3, 0xFF, 0x80, 0x7D, 0x3F, 0xC1, 0xC0, 0x00, 0x20, 0x01, 0x00, 0x20, 0x09, 0x04, 0x00, 0x10,
    0x04, 0x00, 0x22, 0x00, 0x00, 0x20, 0x00, 0x00, 0x21, 0x10, 0x00, 0x02, 0x00, 0x00, 0x10, 0x10,
    0x00, 0x00, 0x00, 0x00, 0x00, 0x00, 0x00, 0x40, 0x08, 0x00, 0x00, 0x00, 0x20, 0x00, 0x00, 0x32,
    0xFF, 0xFF, 0xFB, 0xBF, 0xC1, 0xC7, 0xF7, 0xBF, 0x7F, 0x7F, 0xFF, 0x7F, 0xFF, 0xFF, 0xEF, 0xEE,
    0xFB, 0xFF, 0xFD, 0xFB, 0xFF, 0xDF, 0xEF, 0xFD, 0xFF, 0xFF, 0xFE, 0xFB, 0xFF, 0x7F, 0xFF, 0xF8,
    0x77, 0x6C, 0xFD, 0xAB, 0xBF, 0xBF, 0xFF, 0xFF, 0xFF, 0xFF, 0xFF, 0xFF, 0xFF, 0xFF, 0xFF, 0xFF,
    0xFF, 0xFF, 0xFB, 0xFE, 0xF7, 0xFF, 0xE0, 0xFE, 0x3D, 0xCB, 0xC0, 0x00, 0x81, 0x00, 0x08, 0x80,
    0x00, 0x00, 0x00, 0x00, 0x10, 0x04, 0x00, 0x20, 0x44, 0x80, 0x00, 0x00, 0x80, 0x01, 0x01, 0x08,
    0x20, 0x00, 0x80, 0x00, 0x08, 0x04, 0x20, 0x40, 0x00, 0x02, 0x00, 0x00, 0x00, 0x42, 0x00, 0x00,
    0x00, 0x00, 0x80, 0x39, 0xFB, 0xFF, 0xFF, 0xFF, 0xC3, 0xC7, 0xFF, 0xFF, 0xFB, 0xFF, 0xFB, 0xFF,
    0xFF, 0xBB, 0xFF, 0xFF, 0xFF, 0xFF, 0xF7, 0xFF, 0xFF, 0xFF, 0xFF, 0xFF, 0xFF, 0xEE, 0xEF, 0xEF,
    0xFF, 0xED, 0xFF, 0xF8, 0xFF, 0xFC, 0x5F, 0x97, 0xFF, 0xBF, 0xFF, 0xFF, 0xFF, 0xFF, 0xFF, 0xFF,
    0xFF, 0xFF, 0xFF, 0xFF, 0xFF, 0xFF, 0xFB, 0xFF, 0xE3, 0xFF, 0xFF, 0xFF, 0xDF, 0xC1, 0xC0, 0x04,
    0x00, 0x00, 0x00, 0x02, 0x00, 0x00, 0x81, 0x00, 0x80, 0x00, 0x00, 0x00, 0x00, 0x01, 0x00, 0x00,
    0x00, 0x00, 0x10, 0x00, 0x00, 0x08, 0x00, 0x40, 0x00, 0x80, 0x01, 0x04, 0x10, 0x88, 0x02, 0x00,
    0x40, 0x00, 0x00, 0x00, 0x02, 0x02, 0x00, 0x7B, 0xEF, 0xFF, 0xFF, 0xFD, 0xD1, 0xC7, 0xBF, 0xFF,
    0xFF, 0xFD, 0xBF, 0xFE, 0xDD, 0xFF, 0xFF, 0xBF, 0xFF, 0xFF, 0xFF, 0xFF, 0xF7, 0xFF, 0xFF, 0xFF,
    0xFF, 0xFF, 0xFF, 0xFF, 0xBF, 0xFF, 0xFB, 0xF8, 0x7B, 0xBC, 0x77, 0x55, 0xDB, 0x3F, 0xFF, 0xFF,
    0xFF, 0xFF, 0xFF, 0xFF, 0xFF, 0xFF, 0xFF, 0xFF, 0xFF, 0xFF, 0xFB, 0xBB, 0xF7, 0xB7, 0xFF, 0xFF,
    0xFF, 0xC3, 0xC0, 0x10, 0x00, 0x00, 0x00, 0x00, 0x10, 0x10, 0x08, 0x02, 0x00, 0x20, 0x00, 0x01,
    0x00, 0x00, 0x11, 0x10, 0x00, 0x08, 0x00, 0x00, 0x02, 0x20, 0x01, 0x00, 0x00, 0x00, 0x00, 0x00,
    0x40, 0x00, 0x08, 0x00, 0x00, 0x00, 0x10, 0x00, 0x08, 0x10, 0x01, 0x39, 0xFF, 0xEF, 0xDF, 0xFF,
    0xC2, 0xC7, 0xFF, 0xF7, 0xBF, 0xBF, 0xFF, 0xF7, 0xFF, 0xFF, 0xBD, 0xFB, 0xEE, 0xDB, 0xBF, 0xF7,
    0x7F, 0xFF, 0x7E, 0xEF, 0xF7, 0x7F, 0xFD, 0xFF, 0xFB, 0xFF, 0xBF, 0xF8, 0xBF, 0xF4, 0x7F, 0xE7,
    0x7F, 0xBF, 0xFF, 0xFF, 0xFF, 0xFF, 0xFF, 0xFF, 0xFF, 0xFF, 0xFF, 0xFF, 0xFF, 0xFF, 0xFB, 0xFF,
    0xF3, 0xFF, 0x7F, 0xFF, 0xFF, 0xD3, 0xC0, 0x40, 0x00, 0x11, 0x10, 0x00, 0x00, 0x80, 0x00, 0x20,
    0x00, 0x01, 0x22, 0x08, 0x00, 0x00, 0x00, 0x01, 0x04, 0x40, 0x80, 0x40, 0x00, 0x00, 0x00, 0x01,
    0x00, 0x01, 0x00, 0x00, 0x00, 0x00, 0x00, 0x04, 0x01, 0x00, 0x01, 0x11, 0x00, 0x00, 0x04, 0x39,
    0xDF, 0xFF, 0xFF, 0xFF, 0x11, 0xCB, 0xF6, 0xDF, 0xFE, 0xFF, 0xF6, 0xDF, 0xFF, 0xFE, 0xFF, 0xFF,
    0xBF, 0xFF, 0xFF, 0xDF, 0xFF, 0x77, 0xF7, 0xFE, 0xFF, 0xFB, 0xBF, 0xDE, 0xFF, 0xBF, 0xFF, 0xF4,
    0x7D, 0xFE, 0x3B, 0xB7, 0xFF, 0xBF, 0xFF, 0xFF, 0xFF, 0xFF, 0xFF, 0xFF, 0xFF, 0xFF, 0xFF, 0xFF,
    0xFF, 0xFF, 0xFB, 0xFF, 0xE7, 0xFF, 0xFF, 0xF7, 0xFF, 0x81, 0xC0, 0x00, 0x00, 0x00, 0x00, 0x00,
    0x00, 0x00, 0x00, 0x00, 0x11, 0x00, 0x00, 0x20, 0x02, 0x08, 0x00, 0x00, 0x00, 0x00, 0x04, 0x00,
    0x40, 0x00, 0x00, 0x00, 0x10, 0x08, 0x00, 0x00, 0x00, 0x00, 0x00, 0x00, 0x00, 0x00, 0x00, 0x00,
    0x00, 0x00, 0x00, 0x38, 0xEF, 0xFF, 0xFF, 0xFA, 0x23, 0xCF, 0xBF, 0xFE, 0xF7, 0xFB, 0xFF, 0xFF,
    0xFF, 0xDF, 0xFF, 0xFF, 0xFF, 0xFF, 0xFD, 0xFF, 0xFF, 0xFF, 0xFF, 0xFF, 0xFF, 0xFF, 0xFF, 0xFF,
    0xFF, 0xFB, 0xF7, 0xF8, 0xF7, 0xBC, 0x6F, 0x8D, 0xED, 0xBF, 0xFF, 0xFF, 0xFF, 0xFF, 0xFF, 0xFF,
    0xFF, 0xFF, 0xFF, 0xFF, 0xFF, 0xFF, 0xFB, 0x77, 0xF7, 0xBF, 0xF7, 0x7F, 0xFF, 0x53, 0xC0, 0x00,
    0x04, 0x00, 0x00, 0x40, 0x80, 0x01, 0x00, 0x00, 0x00, 0x00, 0x00, 0x00, 0x08, 0x00, 0x00, 0x00,
    0x00, 0x00, 0x00, 0x00, 0x00, 0x00, 0x20, 0x00, 0x00, 0x20, 0x04, 0x00, 0x00, 0x40, 0x20, 0x00,
    0x00, 0x04, 0x00, 0x00, 0x00, 0x00, 0x00, 0x7C, 0x34, 0xBF, 0xFF, 0x40, 0x87, 0xEF, 0xFF, 0xFF,
    0xFF, 0xFF, 0xDF, 0xFF, 0xEE, 0xFF, 0xFB, 0xDF, 0xFF, 0xFF, 0xF7, 0xFF, 0xFD, 0xFF, 0xFF, 0xFF,
    0xEF, 0xEF, 0xFB, 0xFF, 0xF7, 0xFF, 0xDF, 0xF8, 0x7F, 0xF6, 0x3E, 0xD7, 0xBF, 0x3F, 0xFF, 0xFF,
    0xFF, 0xFF, 0xFF, 0xFF, 0xFF, 0xFF, 0xFF, 0xFF, 0xFF, 0xFF, 0xF9, 0xFF, 0xF3, 0xDF, 0xFF, 0xFF,
    0xFA, 0x03, 0xFF, 0xFF, 0xFB, 0xFF, 0xFF, 0xBF, 0x7F, 0xFE, 0xFF, 0xFF, 0xFF, 0xFF, 0xFF, 0xFF,
    0xF7, 0xFF, 0xFF, 0xFF, 0xFF, 0xFF, 0xFF, 0xFF, 0xFF, 0xFF, 0xDF, 0xFF, 0xFF, 0xDF, 0xFB, 0xFF,
    0xFF, 0xBF, 0xDF, 0xFF, 0xFF, 0xFB, 0xFF, 0xFF, 0xFF, 0xFF, 0xFF, 0xFF, 0x0B, 0x4A, 0x54, 0xAA,
    0x0F, 0xFF, 0xFF, 0xFF, 0xFF, 0xFF, 0xFF, 0xFF, 0xFF, 0xFF, 0xFF, 0xFF, 0xFF, 0xFF, 0xFF, 0xFF,
    0xFF, 0xFF, 0xFF, 0xFF, 0xFF, 0xFF, 0xFF, 0xFF, 0xFF, 0xFF, 0xFF, 0xF8, 0x7E, 0xFE, 0x3F, 0xBF,
    0xFF, 0xBF, 0xFF, 0xFF, 0xFF, 0xFF, 0xFF, 0xFF, 0xFF, 0xFF, 0xFF, 0xFF, 0xFF, 0xFF, 0xFB, 0xFF,
    0xF0, 0xB5, 0xFF, 0xFF, 0xA8, 0xA3, 0xFF, 0xFF, 0xFF, 0xFF, 0xFF, 0xFF, 0xFF, 0xFF, 0xFF, 0xFF,
    0xFF, 0xFF, 0xFF, 0xFF, 0xFF, 0xFF, 0xFF, 0xFF, 0xFF, 0xFF, 0xFF, 0xFF, 0xFF, 0xFF, 0xFF, 0xFF,
    0xFF, 0xFF, 0xFF, 0xFF, 0xFF, 0xFF, 0xFF, 0xFF, 0xFF, 0xFF, 0xFF, 0xFF, 0xFF, 0xFF, 0xFF, 0xFF,
    0x84, 0xA4, 0x80, 0x00, 0x3F, 0xFF, 0xFF, 0xFF, 0xFF, 0xFF, 0xFF, 0xFF, 0xFF, 0xFF, 0xFF, 0xFF,
    0xFF, 0xFF, 0xFF, 0xFF, 0xFF, 0xFF, 0xFF, 0xFF, 0xFF, 0xFF, 0xFF, 0xFF, 0xFF, 0xFF, 0xFF, 0xF8,
    0xEF, 0xDE, 0x3B, 0xB5, 0xFB, 0xBF, 0xFF, 0xFF, 0xFF, 0xFF, 0xFF, 0xFF, 0xFF, 0xFF, 0xFF, 0xFF,
    0xFF, 0xFF, 0xFB, 0xFF, 0xF8, 0x6A, 0xAF, 0xFA, 0xA2, 0x0F, 0xFF, 0xFF, 0xFF, 0xFF, 0xFF, 0xFF,
    0xFF, 0xFF, 0xFF, 0xFF, 0xFF, 0xFF, 0xFF, 0xFF, 0xFF, 0xFF, 0xFF, 0xFF, 0xFF, 0xFF, 0xFF, 0xFF,
    0xFF, 0xFF, 0xFF, 0xFF, 0xFF, 0xFF, 0xFF, 0xFF, 0xFF, 0xFF, 0xFF, 0xFF, 0xFF, 0xFF, 0xFF, 0xFF,
    0xFF, 0xFF, 0xFF, 0xFF, 0xE0, 0x10, 0x29, 0x00, 0xFF, 0xFF, 0xFF, 0xFF, 0xFF, 0xFF, 0xFF, 0xFF,
    0xFF, 0xFF, 0xFF, 0xFF, 0xFF, 0xFF, 0xFF, 0xFF, 0xFF, 0xFF, 0xFF, 0xFF, 0xFF, 0xFF, 0xFF, 0xFF,
    0xFF, 0xFF, 0xFF, 0xF4, 0x7F, 0xFE, 0x3F, 0xAB, 0xBF, 0x3F, 0xFF, 0xFF, 0xFF, 0xFF, 0xFF, 0xFF,
    0xFF, 0xFF, 0xFF, 0xFF, 0xFF, 0xFF, 0xFB, 0xDB, 0xFE, 0x0A, 0x48, 0x04, 0x10, 0x1F, 0xDE, 0xDB,
    0x7F, 0xF7, 0x6E, 0xFF, 0xFF, 0x77, 0xFF, 0xBD, 0xDB, 0x6E, 0xDB, 0x6B, 0x7E, 0xDB, 0xFF, 0xFD,
    0xDD, 0xB7, 0x76, 0xDE, 0xEF, 0xDF, 0xFF, 0xDE, 0xDB, 0xFB, 0x7F, 0xFF, 0xDF, 0xFF, 0xFE, 0xFB,
    0xFF, 0x7F, 0xFD, 0xB6, 0xDD, 0xDB, 0x76, 0xDF, 0xFC, 0x00, 0x00, 0x0B, 0xFF, 0x7F, 0x7B, 0xBB,
    0xBB, 0xB6, 0xFF, 0x76, 0xDF, 0xFB, 0x6F, 0xFB, 0x6D, 0xB5, 0x6F, 0xDD, 0xB7, 0xDD, 0xB6, 0xD6,
    0xDD, 0xBE, 0xDE, 0xDB, 0x6E, 0xDB, 0x7E, 0xD8, 0x7B, 0x76, 0x3E, 0xAB, 0xFF, 0xBF, 0xFF, 0xFF,
    0xFF, 0xFF, 0xFF, 0xFF, 0xFF, 0xFF, 0xFF, 0xFF, 0xFF, 0xFF, 0xFB, 0xFF, 0x7F, 0x81, 0x22, 0x50,
    0x80, 0xFF, 0x00, 0x00, 0x00, 0x00, 0x00, 0x00, 0x00, 0x00, 0x00, 0x00, 0x00, 0x00, 0x00, 0x04,
    0x00, 0x00, 0x00, 0x00, 0x00, 0x40, 0x00, 0x00, 0x00, 0x00, 0x00, 0x00, 0x20, 0x00, 0x00, 0x00,
    0x00, 0x00, 0x00, 0x00, 0x00, 0x00, 0x00, 0x00, 0x00, 0x04, 0x00, 0x03, 0xFF, 0xD4, 0x81, 0x7F,
    0xFC, 0x00, 0x00, 0x00, 0x00, 0x01, 0x00, 0x00, 0x00, 0x00, 0x00, 0x00, 0x00, 0x02, 0x00, 0x00,
    0x00, 0x00, 0x00, 0x08, 0x00, 0x00, 0x00, 0x00, 0x00, 0x00, 0x00, 0x00, 0xFF, 0xFF, 0x3B, 0xFF,
    0xDB, 0xBF, 0xFF, 0xFF, 0xFF, 0xFF, 0xFF, 0xFF, 0xFF, 0xFF, 0xFF, 0xFF, 0xFF, 0xFF, 0xFB, 0x7F,
    0xBF, 0xE8, 0x08, 0x00, 0x05, 0xFE, 0x00, 0x00, 0x00, 0x00, 0x00, 0x00, 0x00, 0x00, 0x00, 0x00,
    0x00, 0x00, 0x00, 0x00, 0x00, 0x00, 0x00, 0x00, 0x00, 0x00, 0x00, 0x00, 0x00, 0x00, 0x00, 0x00,
    0x00, 0x00, 0x00, 0x00, 0x00, 0x00, 0x00, 0x00, 0x00, 0x00, 0x00, 0x00, 0x00, 0x00, 0x00, 0x02,
    0xFF, 0xFB, 0x7F, 0xFF, 0xF4, 0x00, 0x00, 0x00, 0x00, 0x00, 0x00, 0x00, 0x00, 0x00, 0x00, 0x00,
    0x00, 0x00, 0x00, 0x00, 0x00, 0x00, 0x00, 0x00, 0x00, 0x00, 0x00, 0x00, 0x00, 0x00, 0x00, 0x00,
    0xB6, 0xFF, 0x7F, 0xBE, 0xFF, 0x3F, 0xFF, 0xFF, 0xFF, 0xFF, 0xFF, 0xFF, 0xFF, 0xFF, 0xFF, 0xFF,
    0xFF, 0xFF, 0xFB, 0xFB, 0xD7, 0xFD, 0x00, 0x00, 0x2F, 0xFC, 0x12, 0xAA, 0xA2, 0x25, 0x55, 0x48,
    0x82, 0x54, 0x81, 0x25, 0x55, 0x55, 0x55, 0x51, 0x22, 0xAA, 0x00, 0x09, 0x55, 0x15, 0x55, 0x52,
    0xA8, 0x92, 0x08, 0x52, 0x8A, 0x25, 0x40, 0x00, 0x92, 0x00, 0x04, 0x94, 0x82, 0x48, 0x09, 0x55,
    0x55, 0x51, 0x55, 0x50, 0xBF, 0xFF, 0xFF, 0xFF, 0xC0, 0x11, 0x4A, 0xAA, 0xAA, 0xA8, 0x02, 0x55,
    0x52, 0x12, 0xA9, 0x0A, 0xAA, 0xA9, 0x54, 0xAA, 0xAA, 0x55, 0x55, 0x49, 0x55, 0x52, 0xA9, 0x55,
    0x55, 0x55, 0x49, 0x55, 0xFF, 0xDB, 0xEF, 0xF7, 0xFF, 0xBF, 0xFF, 0xFF, 0xFF, 0xFF, 0xFF, 0xFF,
    0xFF, 0xFF, 0xFF, 0xFF, 0xFF, 0xFF, 0xFB, 0xEF, 0xD7, 0xFF, 0xF5, 0x57, 0xFF, 0xF0, 0x2F, 0xFF,
    0xDF, 0xFF, 0xFF, 0xFF, 0xFF, 0xFF, 0xFF, 0xFF, 0xFF, 0xFF, 0xFF, 0xEF, 0xFF, 0x7D, 0xFF, 0xFF,
    0xEE, 0xFB, 0xBB, 0xEF, 0x77, 0xFF, 0xFF, 0xEF, 0x7D, 0xFE, 0xFF, 0xFF, 0xFF, 0xFF, 0xFF, 0xFB,
    0xFF, 0xF7, 0xFF, 0xFF, 0xFF, 0xBF, 0xEF, 0xFE, 0x17, 0xFF, 0xFF, 0xFE, 0x00, 0xFF, 0xBF, 0x7D,
    0xF7, 0xFF, 0xFF, 0xFF, 0xFF, 0xFF, 0xFF, 0xFF, 0xFF, 0xF7, 0xBF, 0xFF, 0xFF, 0xFF, 0xFF, 0xFF,
    0xFF, 0xEF, 0xF7, 0xFF, 0xFF, 0xFF, 0xFF, 0xBF, 0xFB, 0xFF, 0xFE, 0xFF, 0xEF, 0xBF, 0xFF, 0xFF,
    0xFF, 0xFF, 0xFF, 0xFF, 0xFF, 0xFF, 0xFF, 0xFF, 0xFF, 0xFF, 0xF9, 0xFF, 0xE8, 0xFF, 0xFF, 0xFF,
    0xFF, 0x80, 0x5F, 0xFF, 0xFF, 0xFF, 0xFF, 0xFF, 0xFF, 0xFF, 0xFF, 0xFF, 0xDF, 0x7B, 0xFF, 0xBF,
    0xFF, 0xFF, 0xFF, 0xFF, 0xBF, 0xFF, 0xFF, 0xFF, 0xFF, 0xFF, 0xFF, 0xFF, 0xFF, 0xFF, 0xFF, 0xFF,
    0xFF, 0xFF, 0xFF, 0xFF, 0xFF, 0xFF, 0xFF, 0xFF, 0xFF, 0xFF, 0xFF, 0xFE, 0x81, 0x7F, 0xFF, 0xA8,
    0x02, 0xFF, 0xFF, 0xFF, 0xFF, 0xFF, 0xFF, 0xFF, 0xFF, 0xFF, 0xFF, 0xFF, 0xFF, 0xDF, 0xFF, 0xFF,
    0xFF, 0xFF, 0xFD, 0xFF, 0xF7, 0xFF, 0xFF, 0xFF, 0xBF, 0xBF, 0xBF, 0xFF, 0xBF, 0x7F, 0x7B, 0xDE,
    0xFD, 0xBF, 0xFF, 0xFF, 0xFF, 0xFF, 0xFF, 0xFF, 0xFF, 0xFF, 0xFF, 0xFF, 0xFF, 0xFF, 0xFB, 0xDE,
    0xF8, 0x1F, 0xFF, 0xFF, 0xFD, 0x01, 0x7F, 0xDF, 0xFF, 0xFF, 0x7B, 0xBF, 0xFF, 0xFF, 0xFF, 0xFF,
    0x7D, 0xFF, 0xDD, 0xFF, 0xBB, 0xEF, 0xFF, 0xFF, 0xFF, 0xFF, 0xFF, 0xBF, 0xFF, 0xEE, 0xFF, 0x7F,
    0xF7, 0xF7, 0xFF, 0xFF, 0xFB, 0xFF, 0xFF, 0xDF, 0xFE, 0xDF, 0xFF, 0x77, 0xDD, 0xFF, 0xFF, 0xDF,
    0xD0, 0x02, 0xA8, 0x80, 0x2F, 0xEE, 0xFF, 0xFF, 0xFF, 0xDF, 0xFF, 0xEE, 0xDF, 0xFF, 0xBF, 0xFD,
    0xDD, 0xFF, 0xFF, 0xF7, 0xFF, 0xF7, 0xEF, 0xFE, 0xFF, 0x7F, 0xBF, 0xDB, 0xFB, 0xFE, 0xFB, 0xFD,
    0xED, 0xF7, 0xEF, 0xFB, 0xFF, 0x3F, 0xFF, 0xFF, 0xFF, 0xFF, 0xFF, 0xFF, 0xFF, 0xFF, 0xFF, 0xFF,
    0xFF, 0xFF, 0xFB, 0xFF, 0xFE, 0x01, 0xFF, 0xFF, 0xD0, 0x0A, 0xFF, 0x7D, 0xFD, 0xDD, 0xFF, 0xFB,
    0xFF, 0xDD, 0xFF, 0xF7, 0xFF, 0xEF, 0x7F, 0xFD, 0xFF, 0xBF, 0xFF, 0xFD, 0xFF, 0xFF, 0xF7, 0xFD,
    0xEF, 0x7F, 0xED, 0xF5, 0xBF, 0xBF, 0xDD, 0xFF, 0xBF, 0xBF, 0xFD, 0xFE, 0xDB, 0xFF, 0xFB, 0xFF,
    0x7F, 0xFF, 0x7E, 0xFF, 0xF4, 0x00, 0x00, 0x00, 0xBF, 0xFF, 0xFB, 0xF7, 0xDF, 0x7F, 0xFF, 0x7F,
    0xFD, 0xEE, 0xFB, 0x7F, 0xFF, 0xFF, 0xFF, 0x7F, 0x6D, 0xDF, 0x7F, 0xB7, 0xFF, 0xFD, 0xFF, 0x7F,
    0xFF, 0xFB, 0xFF, 0x77, 0xFF, 0xDF, 0xFF, 0xFF, 0xB7, 0xBF, 0xFF, 0xFF, 0xFF, 0xFF, 0xFF, 0xFF,
    0xFF, 0xFF, 0xFF, 0xFF, 0xFF, 0xFF, 0xFB, 0xFB, 0xFF, 0xC0, 0x02, 0xA0, 0x00, 0x2B, 0xFD, 0xFF,
    0xDF, 0xFF, 0xEF, 0xFF, 0xBD, 0xFF, 0xEF, 0x7F, 0xFF, 0xFF, 0xFF, 0xDF, 0xEF, 0xFE, 0xF7, 0xEF,
    0xFB, 0xDD, 0xBE, 0xF7, 0xBD, 0xFB, 0xFF, 0xFF, 0xFD, 0xFE, 0xFF, 0xEE, 0xF7, 0xFD, 0xEF, 0xFF,
    0xFF, 0xFB, 0x6F, 0xFF, 0xFF, 0xFB, 0xFF, 0xFF, 0xFF, 0xA8, 0x00, 0x2B, 0xFF, 0x7B, 0xEF, 0xBF,
    0xFD, 0xFB, 0xFB, 0xFF, 0xFF, 0xBF, 0xFF, 0xF7, 0xFF, 0xFF, 0xF7, 0xFF, 0xFF, 0xFF, 0xFF, 0xFF,
    0xDD, 0xF7, 0xFD, 0xFF, 0x7F, 0xEF, 0xFF, 0xFF, 0xBF, 0x7E, 0xFE, 0xDF, 0xFF, 0xBF, 0xFF, 0xFF,
    0xFF, 0xFF, 0xFF, 0xFF, 0xFF, 0xFF, 0xFF, 0xFF, 0xFF, 0xFF, 0xFB, 0xBF, 0xDF, 0xF4, 0x00, 0x00,
    0x01, 0x7F, 0xFF, 0xFF, 0xFF, 0xFF, 0xFF, 0x7F, 0xFF, 0xFF, 0xFF, 0xFF, 0xEF, 0xBF, 0xFE, 0xFF,
    0xBE, 0xFB, 0xDF, 0x7F, 0xDF, 0x7F, 0xFF, 0xFF, 0xFF, 0xFF, 0xFF, 0xDF, 0xF7, 0xFB, 0xFF, 0xBF,
    0xFF, 0xF7, 0xFF, 0xBB, 0xFF, 0xDF, 0xFF, 0xDD, 0xFF, 0xBF, 0xF7, 0xFB, 0xFF, 0xF7, 0x57, 0xDF,
    0xFB, 0xEF, 0xFF, 0xFF, 0x7F, 0xFF, 0x6F, 0xFD, 0xEF, 0xFF, 0xFF, 0xFF, 0xF7, 0xBB, 0x7F, 0xFF,
    0xFF, 0xFF, 0xFD, 0xFF, 0xFF, 0xFF, 0xF7, 0xFF, 0xEE, 0xFF, 0xED, 0xFE, 0xF5, 0xFF, 0xDB, 0xFD,
    0xFF, 0x3F, 0xFF, 0xFF, 0xFF, 0xFF, 0xFF, 0xFF, 0xFF, 0xFF, 0xFF, 0xFF, 0xFF, 0xFF, 0xFB, 0xFF,
    0x7F, 0x7E, 0x90, 0x04, 0x57, 0xDF, 0xEF, 0xF7, 0x7B, 0xF7, 0xFF, 0xFE, 0xFF, 0xFF, 0xBF, 0xFD,
    0xFD, 0xFD, 0xF7, 0xF6, 0xFF, 0xFF, 0xFF, 0xFF, 0x7F, 0xFF, 0xF7, 0xDF, 0xFF, 0xDF, 0x6E, 0xFE,
    0xDF, 0xEF, 0xED, 0xFF, 0xFF, 0x7F, 0xBE, 0xFF, 0xB7, 0x7F, 0xFF, 0x7F, 0xF6, 0xFF, 0xFF, 0xDF,
    0x7F, 0xFF, 0xFF, 0xFF, 0xFF, 0xFF, 0x7F, 0xFF, 0xFF, 0xFF, 0xFF, 0xF7, 0xFE, 0xFD, 0xDD, 0xDF,
    0xBF, 0xFF, 0xFF, 0xF7, 0xFF, 0xFF, 0xF7, 0xEE, 0xFF, 0xFF, 0xDF, 0xFB, 0xFF, 0xFF, 0xBF, 0xDB,
    0xFF, 0xFB, 0xFF, 0xF7, 0xEF, 0xBF, 0xFF, 0xFF, 0xFF, 0xFF, 0xFF, 0xFF, 0xFF, 0xFF, 0xFF, 0xFF,
    0xFF, 0xFF, 0xFB, 0xED, 0xFD, 0xFF, 0xEF, 0x6B, 0xBF, 0xFF, 0xBF, 0xDF, 0xFF, 0xBF, 0x7D, 0xF7,
    0xF7, 0xDD, 0xFD, 0xDF, 0xFF, 0xF7, 0xFF, 0xFF, 0xFB, 0xDF, 0xFD, 0xFB, 0xFF, 0xFB, 0x7F, 0x7E,
    0xEF, 0x7D, 0xFF, 0xF7, 0xFF, 0xBF, 0xFF, 0xFD, 0xDD, 0xFF, 0xFF, 0xFE, 0xFF, 0xFD, 0xDF, 0xFF,
    0xFF, 0xFF, 0xBF, 0x7F, 0xEF, 0xFF, 0xFF, 0xFF, 0xBF, 0xBF, 0xFE, 0xFB, 0xF7, 0xDF, 0xFF, 0x7F,
    0xBF, 0xFF, 0xFF, 0xFE, 0xFF, 0xFF, 0xFD, 0xDF, 0xFF, 0xBD, 0xDF, 0xFF, 0xF7, 0xBF, 0xFF, 0xEF,
    0xFF, 0xDF, 0xFF, 0x7F, 0xFF, 0xEF, 0xBF, 0xBF, 0xBF, 0x3F, 0xFF, 0xFF, 0xFF, 0xFF, 0xFF, 0xFF,
    0xFF, 0xFF, 0xFF, 0xFF, 0xFF, 0xFF, 0xF9, 0xBF, 0xFF, 0xFB, 0xFF, 0xFF, 0xFE, 0xFB, 0xFE, 0xFF,
    0xFE, 0xFF, 0xF7, 0xFF, 0xFF, 0x7F, 0xFF, 0xFF, 0xB7, 0xDF, 0xDF, 0x6F, 0xFF, 0x7D, 0xF7, 0xEF,
    0xFB, 0xEF, 0xFD, 0xFB, 0xFD, 0xFF, 0xFD, 0xDF, 0xFD, 0xFF, 0x7F, 0xF7, 0xFF, 0xEE, 0xF7, 0xEF,
    0xFD, 0xEF, 0xFD, 0xFF, 0xBF, 0xF6, 0xFF, 0xFF, 0xFD, 0xDF, 0xFF, 0x7E, 0xFB, 0xFB, 0xDB, 0xEF,
    0xFF, 0x7D, 0xFD, 0xFF, 0xFF, 0xEF, 0xFF, 0xFF, 0xFD, 0xDF, 0xEF, 0xFF, 0x6E, 0xFF, 0xFF, 0x7F,
    0xFE, 0xF6, 0xFF, 0x7F, 0x77, 0xFE, 0xFB, 0xFF, 0xB6, 0xFF, 0xFB, 0xFF, 0xFD, 0xBF, 0xFF, 0xFF,
    0xFF, 0xFF, 0xFF, 0xFF, 0xFF, 0xFF, 0xFF, 0xFF, 0xFF, 0xFF, 0xFB, 0xFF, 0xFF, 0xFF, 0xFF, 0xFF,
    0xFF, 0xFF, 0xFF, 0xFF, 0xFF, 0xFF, 0xFF, 0xFF, 0xFF, 0xFF, 0xFF, 0xFF, 0xFF, 0xFF, 0xFF, 0xFF,
    0xFF, 0xFF, 0xFF, 0xFF, 0xFF, 0xFF, 0xFF, 0xFF, 0xFF, 0xFF, 0xFF, 0xFF, 0xBF, 0xFF, 0xFF, 0xFF,
    0xFF, 0xFF, 0xFF, 0xFF, 0xFF, 0xFF, 0xFF, 0xFF, 0xFF, 0xFF, 0xFF, 0xFF, 0xFF, 0xFF, 0xFF, 0xFF,
    0xFF, 0xFF, 0xFF, 0xFF, 0xFF, 0xFF, 0xFF, 0xFF, 0xFF, 0xFF, 0xFF, 0xFF, 0xFF, 0xFF, 0xFF, 0xFF,
    0xFF, 0xFF, 0xFF, 0xFF, 0xFF, 0xFF, 0xFF, 0xFF, 0xFF, 0xFF, 0xFF, 0xFF, 0xFF, 0xFF, 0xFF, 0xFF,
    0xFF, 0xBF, 0xFF, 0xFF, 0xFF, 0xFF, 0xFF, 0xFF, 0xFF, 0xFF, 0xFF, 0xFF, 0xFF, 0xFF, 0xFB, 0x6B,
    0x55, 0x56, 0xAA, 0xAA, 0xAB, 0x56, 0xAB, 0x6A, 0xAB, 0x6A, 0xAD, 0x55, 0x55, 0xD5, 0x55, 0x55,
    0x6D, 0x6D, 0x6A, 0xDA, 0xAA, 0xD6, 0xAD, 0x5D, 0x56, 0xB6, 0xAB, 0x56, 0xAB, 0x55, 0x55, 0x6A,
    0xD5, 0x55, 0xAA, 0x5B, 0x55, 0x5B, 0x5A, 0xB5, 0x56, 0xAA, 0xAB, 0x55, 0x6A, 0xAE, 0xD5, 0x6A,
    0xAD, 0x6A, 0xAA, 0xD5, 0xAD, 0x5A, 0xB7, 0x6D, 0x55, 0xD6, 0xAB, 0x55, 0x55, 0x5A, 0xAA, 0xAA,
    0xD6, 0xD5, 0x5B, 0x5B, 0x76, 0xD5, 0x6A, 0xD5, 0x55, 0xB6, 0xD5, 0xB5, 0xB5, 0x55, 0xAD, 0xAA,
    0xB5, 0x55, 0x55, 0x55, 0x56, 0xBF, 0xFF, 0xFF, 0xFF, 0xFF, 0xFF, 0xFF, 0xFF, 0xFF, 0xFF, 0xFF,
    0xFF, 0xFF, 0xF8, 0x00, 0x00, 0x00, 0x00, 0x00, 0x00, 0x00, 0x00, 0x00, 0x00, 0x00, 0x00, 0x00,
    0x00, 0x00, 0x00, 0x00, 0x00, 0x00, 0x00, 0x00, 0x00, 0x00, 0x00, 0x00, 0x00, 0x00, 0x00, 0x00,
    0x00, 0x00, 0x00, 0x00, 0x00, 0x00, 0x00, 0x00, 0x00, 0x00, 0x00, 0x00, 0x00, 0x00, 0x00, 0x00,
    0x00, 0x00, 0x00, 0x00, 0x00, 0x00, 0x00, 0x00, 0x00, 0x00, 0x00, 0x00, 0x00, 0x00, 0x00, 0x00,
    0x00, 0x00, 0x00, 0x00, 0x00, 0x00, 0x00, 0x00, 0x00, 0x00, 0x00, 0x00, 0x00, 0x00, 0x00, 0x00,
    0x00, 0x00, 0x00, 0x00, 0x00, 0x00, 0x00, 0x00, 0x00, 0x3F, 0xFF, 0xFF, 0xFF, 0xFF, 0xFF, 0xFF,
};